2019-12-23_04-22-40_UTC.jpg,我: *咬一口披薩*,起司:,翮譯/迷因療法
2018-10-02_13-48-26_UTC_profile_pic.jpg
2018-10-02_15-22-18_UTC.jpg,當你好不容易自殺成功,卻發現自己又重新投胎當/時,翮譯/迷因療法
2018-10-02_15-27-42_UTC.jpg,珍奶喝到剩下一顆珍珠,FB/迷因療法
2018-10-02_15-47-20_UTC.jpg,Anthony,@OMGltsBirdman翮譯/迷因療法,嘗你只煮一道菜,不會有人把你嘗成一名廚師,但嘗你只不過是吸了一根老二,所有人就開始叫你甲甲7,這是三小道理?,10:04 PM,12 Jan 18
2018-10-02_16-01-42_UTC.jpg,UlE
2018-10-02_18-01-57_UTC.jpg,我的蛇裡有子
2018-10-02_18-03-44_UTC.jpg,JOJ0! 這是我最後的波紋,收下我的心意吧!
2018-10-03_10-29-49_UTC.jpg
2018-10-04_10-28-49_UTC.jpg
2018-10-05_04-29-10_UTC.jpg,Coca Cola Australia更;了大頭沾黑,1小]寺
2018-10-05_09-45-36_UTC.jpg,翮譯/迷因療法,跟老樣子樣
2018-10-06_06-30-56_UTC.jpg,一旦你開始拍手了,你就再也無法停下來,你以為你現在沒在拍手,但你其實只是處在,上次拍手和下次拍手之間,鄱譯/迷因療法,一個比較長的空檔而已
2018-10-08_05-09-12_UTC.jpg
2018-10-09_11-30-04_UTC.jpg,剪輯/迷因療法
2018-10-10_07-03-47_UTC.jpg
2018-10-10_10-08-15_UTC.jpg
2018-10-11_04-03-46_UTC.jpg
2018-10-11_12-37-34_UTC.jpg,1986,EKLY卜,[l
2018-10-12_04-08-46_UTC.jpg,翮譯/迷因療法,當他把你整個人舉起來,whenhe picksyouupand,spinsyouaround.,然後轉圈圈時
2018-10-13_06-46-00_UTC.jpg
2018-10-14_05-20-51_UTC.jpg
2018-10-14_10-46-52_UTC.jpg
2021-03-12_11-56-09_UTC.jpg,當她突然已讀不回你的訊息,於是你開始試圖分析並找出,自己到底說錯了甚麼話
2021-03-16_07-09-59_UTC.jpg,rAskReddit,Posted byulbonqz,12h,164,你遇過最蠢的吵架理由是?,Discussion,"54,8k","12,1k",Share,Award,BEST COMMENTS,翮譯/迷因療法,Zafjaf. 8h,當你一次喝下兩罐能量飲料後,你會變得兩倍有精神,還是有精神,的時間延長兩倍?,Reply,"6,2k"
2021-03-23_04-12-31_UTC.jpg,(
2021-03-30_04-21-39_UTC.jpg,candlelion,你可以把 與龍_加在任何作品的名稱後面,這部作品的精彩程度就會讚上900倍,arpeggiosmelody,龍與地下城與龍,gumiappendsweet,幹這下你有了兩倍的龍欽!,不管怎麼樣反正我是信了,"215,096 notes 翮譯/迷因療法",0
2021-04-09_04-09-28_UTC.jpg,西元1300年,的土耳其,西元2021年,的土耳其,我們是現今世上,最強大的帝國, 譯/迷因蓑注
2021-04-14_04-56-04_UTC.jpg,誰比較聰明?,我,愛因斯坦,/迷因烹法,-上過很多線上課程,-沒上過線上課程,-多益300分,-沒考過多益,-13歲就知道 e=mC,-26歲才知道e=mc,會玩魔術方塊,這輩子沒看過,魔術方塊
2021-04-27_04-08-30_UTC.jpg,Keiths,fou creaied iii5 gfoup,fou named the group Keiths.,我想你們應該會很好奇為什麼,會有這個群組,Keitn,我猜跟那個 Josh之戰一樣,我們要來一場大亂鬥'只有最後的,嬴家才能繼續叫Keith?,Keitn,幹勒!我才不要為7Keith打架,這個名字送給你我不要了,從現在起我要改名叫派大星,Keith,我也是,誰他媽想要叫Keith啊,但我願意為了派大星這名字決鬥,eitn,我提議我們來一場派大星亂鬥,只有最後的贏家才能叫做派大星,剩下的魯蛇通通都要叫Keith,我等等發聊天室邀請給你們
2021-05-01_06-30-29_UTC.jpg,自人:,亞洲人都長得一樣好難分辨,也是白人:,英國女王,加拿大女王,澳洲女王,翮譯/迷因療法,紐西蘭女王,牙買加女王,吐瓦魯女王
2021-05-12_04-24-49_UTC.jpg,"我爸是動物園的水電工,平常",他不忙的時候都是這樣度過的,你爸也太小隻了吧,@tallant
2021-05-19_05-43-54_UTC.jpg,三,三,二 口,YOU CAN,YBU UP,NO CAN NO BB
2021-05-24_06-21-16_UTC.jpg,/Showerthoughts,JOIN,如果你喜歡牛奶巧克力但不喜歡黑巧克力,"那你喜歡的其實不是巧克力,而是牛奶",22.0|,983,Share,BEST COMMENTS,翮譯/迷因療法,1Award,如果你喜歡醚黃瓜但不喜歡生小黃瓜,"那你喜歡的其實不是小黃瓜,而是醋",Reply,6.7k,2 Awards,如果你喜歡烤雞但不喜歡生雞肉,"那你喜歡的其實不是雞肉本身,而是",烤箱的火,7.3k
2021-06-01_06-58-21_UTC.jpg,當你已經看習慣迷因版本,原圖反而讓你覺得很怪時,佃譯/迷因療法
2021-06-16_04-06-03_UTC.jpg,駭客: 我手上有你所有的帳號,跟密碼,忘記密碼的我:
2020-12-27_04-00-41_UTC.jpg
2020-12-29_04-16-02_UTC.jpg,FB/迷因寮法,從火車站,走出來的我,賣愛心筆的
2021-01-05_04-11-30_UTC.jpg,某人: 所以你談過幾次戀愛?,我:,@-,2:59,如何證明0=1,Jonn Hush,2M views,9 years ago
2021-01-12_11-29-56_UTC.jpg,當你推薦一部你覺得超讚的電影給朋友,"看到一半朋友想去廁所,你想幫他暫停",對方卻說 沒關係繼續播就好_時,翮譯/迷因療法
2021-01-14_04-09-09_UTC.jpg
2021-01-19_04-05-26_UTC.jpg,當你的遊戲 oading時間太長,害你不小心想起了你的人生,鄱譯/迷因療法
2021-01-26_04-55-42_UTC.jpg,幫斑馬塗上顏色
2021-02-02_04-25-50_UTC.jpg,用一張圖惹火設計師
2021-02-05_04-15-30_UTC.jpg,Google,拉丁少女騎乘大鵰,ALL,IiAGES,VIDEOS,MEW/S,MApS,鄱m/迷因療法
2021-02-09_04-15-32_UTC.jpg,甘道夫,金靂,咕嘈,勒苟拉斯,佛羅多,甘嘈,甘道拉斯,甘羅多,金嚐,金苟拉斯,金多,咕道夫,咕靂,咕苟拉斯,咕羅多,勒苟道夫,勒靂,勒苟嘈,勒苟多,翮譯/迭因療法,佛道夫,佛靂,佛嚐,佛苟拉斯
2021-02-16_06-01-08_UTC.jpg,當你只是想 google你喜歡的角色,搜尋建議直接在後面接 死_,冊譯/迷因療法
2021-02-18_04-07-15_UTC.jpg,老闆: 你今天怎麼又遲到了?,我:,因為早上塞車,老闆: 是我的問題嗎?,我: 啊我是有在怪你嗎?,整間辦公室:,FB/迷因療法
2021-02-23_04-07-02_UTC.jpg,Baby Shark,觀看次數,全球總人口數,FB/迷因療法
2021-02-26_05-04-16_UTC.jpg,不用擔心寶貝,我會把事情搞定,甚麼?寶貝?,哈抱歉,可以這樣叫妳嗎?,哈哈可以啊~看你想怎麼叫我,都行,好的 博派至尊柯博文,踊譯/迷因療法
2020-11-01_04-05-28_UTC.jpg,我的手機,地板,岩譯/迷因療法,我的腳
2020-11-03_04-41-27_UTC.jpg
2020-11-06_04-22-56_UTC.jpg,哪一個會先問世呢?,OR,I,叭,NV,UT,C,口,A2,迷因療法,Cyberpunk 2o71,內華達州投票結果,FB/
2020-11-09_04-14-58_UTC.jpg,人類被番茄殺死的機率極其低微,但並非為雲,鄱譯/迷因療法
2020-11-12_04-19-53_UTC.jpg,翮譯/迷因療法,把麵包洗過這樣才乾淨,選看次數,"398,063次 :2020年6#30日",_1 1012,兮亨,魏升
2020-11-15_04-21-03_UTC.jpg,當我的時候,的時候,當我的時候,笑死這三小迷因,就是當我的時候,當你幹嘛的時候?,的時候
2020-11-16_04-04-20_UTC.jpg,FB/迷因療法,迷因療法,discord發車群組,No Nut November,挑戰者,只是想看個 meme,的路人
2020-11-22_06-41-44_UTC.jpg,801T`
2020-11-25_06-28-11_UTC.jpg,Han-ay D,Han-cy A
2020-11-28_04-18-30_UTC.jpg,睡覺時記得帶著一把劍,這樣要是,突然世界末日的話.後世的考古學家,就會把你的化石當成一名偉大的戰土,翮譯/迷因療法
2020-11-30_07-58-42_UTC.jpg,#打錯我的名字cha...,沒人在乎,FB/迷因療法
2020-12-01_10-49-11_UTC.jpg,翮譯/迷因療法,F下面都是醬_ 披薩!,pI7ZA,BUTTDM,SAUCE,TNE,LMIED,FDR
2020-12-08_04-17-53_UTC.jpg,還在因為事情太多,分享一個有用的小技巧,做不完而感到焦慮嗎?,首先找出最重大的任務,迷因疵注,現在他們全都變成一些,將它拆解成一個一個,不重要的小事,簡單又輕鬆的小任務,可以安心忽略牠們了
2020-12-15_04-15-34_UTC.jpg,當你花了畢生心力蓋了座金字塔,後代的人們卻說是外星人蓋的,翮譯/迷因療法
2018-10-15_04-08-43_UTC.jpg,橘子是甚麼顏色,X,ALL,liAGES,SHopP|iG,VibEos,MEl5,翮譯/迷因,黃色
2018-10-20_03-58-24_UTC.jpg
2018-10-29_12-28-49_UTC.jpg
2018-11-22_05-08-41_UTC.jpg
2018-12-12_05-12-11_UTC.jpg,懷念沒有手機的美好時光,沒有網路帶來的紛紛擾擾,只有活在當下純樸的人們,翮譯/迷因療n
2019-01-08_05-07-05_UTC.jpg,隔天七點起床的我,半夜三點還不睡的我,3atyimages,FB/迷因蓀注,3
2019-02-01_05-40-19_UTC.jpg
2019-02-28_04-30-36_UTC.jpg,我: 別看我平時這樣,其實我也是個滿嘴砲的人,她: 是嗎? 有多嘴?,我:,FB/迷因療法
2019-04-01_04-11-18_UTC.jpg,當你跟你的好朋友說你是甲甲,還來不及接`愚人節快樂_前,他就把你給肛了時,FB/迷因療法
2019-04-26_04-50-11_UTC.jpg,如果我們發揮100%的腦力呢?,8,Bra,翮譯/迷因療法,merlins beard,Qoamirhisyam,"如果你在1 29辦7Hetflix帳號,你會",有30天試用期,所以會在2/29到期,"重點來了, 2/29號四年才會出現一次",所以,Bang.,rvolution,Human
2019-05-18_06-35-43_UTC.jpg,Qualcomm:,shapdragon,SAMSUNG,Exynos,Pro,ONEX,NVIDIA,GEFDREE,5TX,R A口 E口N,VEGA,GEFDRLE,nVIDIA,RTX
2019-06-10_04-13-56_UTC.jpg,kenna,@kkennaaaa,田評/迷因寮法,| C O,@icotheartizt,為什麼你的膝蓋會這麼生氣?
2019-06-11_13-10-36_UTC_5.jpg,當我被禁足,而我麻吉們來探望我時,翮評/迷因療法
2019-06-26_04-20-10_UTC.jpg,2019,1870,NC,菜雞
2019-07-21_03-16-35_UTC.jpg,Dtn0
2019-08-08_04-18-54_UTC.jpg,我猜我要死了,guess III die,對,但其實並沒有,Well ves. but actunllv no
2019-09-03_08-30-01_UTC.jpg,科學家: 我的這項發明可以把物質,轉換成固體,液體和氣體,三種不同的形態,我的屁眼:,翮譯/迷因療法,你知道,我也算是個科學家
2019-10-02_04-06-38_UTC.jpg,當你為了好玩,把眼皮塗上強力膠
2019-10-29_04-18-09_UTC.jpg
2019-11-29_04-15-52_UTC.jpg,普丁正在看著下一屆的俄羅斯總統,迷因燕祛
2020-10-02_04-55-55_UTC_2.jpg,健身教練: 恭喜你已經成功減了十公斤囉,我: *信用卡刷不過*,健身教練:,鄱譯/迷因療法
2020-10-02_04-55-55_UTC_3.jpg,牙醫: 牙齒補好囉,我: *信用卡刷不過*,牙醫:,翮譯/迷因療法,379.35,518
2020-10-02_04-55-55_UTC_4.jpg,理髮師: 頭髮剪好囉,我: *信用卡刷不過*,理髮師:,FB/迷因療法
2020-10-02_04-55-55_UTC_5.jpg,婦產科醫生: 恭喜'小孩平安出生了,我: *信用卡刷不過*,婦產科醫生:,FB/迷因療法
2020-10-06_04-06-41_UTC.jpg,小知識,你知道為什麼候鳥在用V字飛行的時候,總會有一邊比較長嗎?,那是因為比較長的那一邊'有比較多隻,候鳥的關係
2020-10-10_04-03-54_UTC.jpg,當你用手機看A片,卻一直有人傳line過來,FB/迷因療法
2020-10-12_06-57-24_UTC.jpg,正在進行資產管理的我,翮譯/迷因療法
2020-10-13_04-15-53_UTC.jpg,一段關係的開始與結束,翮譯/迷因療法,dad,@matt rainge,因為那位老兄變成聖誕樹了
2020-10-16_04-07-04_UTC.jpg,Elon Musk,Qelonmusk,我們被下戰帖了!我們說到做到,今晚開始 Model S 車款,全面降價為$69420美元!,3:01 41/:0615 2020,277K,39.9K people are,Tweeting aboutthis FB/迷因療法,伊隆馬斯克,網路鄉民,特斯拉,管理階層
2020-10-18_04-15-35_UTC.jpg
2020-10-21_04-18-40_UTC.jpg,阿嬤: *過世*,葬禮上的我: *肚子餓咕嚐了一聲*,阿嬤:,h譯/迷因療法,TGE8
2020-10-24_04-03-05_UTC.jpg,AAI/AIAAIIAlAAIAAlAAl
2020-10-27_04-08-47_UTC.jpg,女生: 為什麼男生的平均壽命會比女生短呢?,男生:,翮譯/迷因療法,十個可以拿去賣掉換一台電競桌機v,的器官,82K views,1,month ago
2020-10-29_04-13-22_UTC.jpg
2020-08-21_04-20-52_UTC.jpg,人生中各種,不堪的回憶,準備要睡覺的我
2020-08-25_04-19-03_UTC.jpg,我: *剛出生*,我媽: 這小孩長六一定會很有成就,長大後的我:,FB/迷因猿法
2020-08-27_04-09-30_UTC.jpg
2020-08-31_04-55-08_UTC.jpg,WEAPON,WEA,POl/,11
2020-09-02_04-35-24_UTC.jpg,T3,N下,TE N1L,LJN,NET
2020-09-05_04-18-48_UTC.jpg,Before You Read,有些原子會彼此共享電子,因而變得更穩定,"請問在甚麼情況下,人們會因為彼此互相分享",而讓所有人都受益呢?,Communism.,*共產主義*
2020-09-07_04-06-35_UTC.jpg
2020-09-10_04-09-38_UTC.jpg,不敢相信我的這項發明,完美解決輪椅使用者手痿的問題,竟然沒有贏得最佳發明獎,io4,翮譯/迷因療法,UES,口0,0101,UES
2020-09-12_04-43-51_UTC.jpg,*取出SIM卡的東東,SIM card,exfractor,佣評/迷因原法,ihingy
2020-09-14_04-19-49_UTC.jpg
2020-09-16_04-11-31_UTC.jpg,ACHIEVEMENTS,成就已解鎖 57|100 (56%)
2020-09-22_04-05-19_UTC.jpg,FB/迷因療法
2020-09-23_07-22-47_UTC.jpg,你正在這麼做啊!,6,這張迷因要,但要是我不這麼做呢?,倒著看才看得懂!
2020-09-28_06-31-07_UTC.jpg,沒有),菜市場的魚:,鄱譯/迷因療法
2020-07-21_13-24-28_UTC.jpg,尾數1,FB/迷,尾數2,尾數6
2020-07-24_04-13-01_UTC.jpg,Tab,0,叫,E,LR8,S,Shift,人,乙,Cti|
2020-07-27_04-30-15_UTC.jpg
2020-07-29_04-15-08_UTC.jpg,當你終於加速到時速141公里,結果撞車昏迷了三年才醒來,迴到魏來
2020-07-31_04-39-02_UTC.jpg,_,RIRL
2020-08-03_04-14-17_UTC.jpg
2020-08-04_04-26-49_UTC.jpg,小夫!,adull suimi,FB/迷因療法,我要進來了I,ladull SWIn
2020-08-06_04-33-03_UTC.jpg,當你想跳過動畫片頭好省下-分鐘,結果網路太慢loading轉了五分鐘,翮譯/迷因療法
2020-08-07_04-12-37_UTC.jpg,電景,我,字幕,8RR2
2020-08-10_04-20-37_UTC.jpg
2020-08-12_04-24-22_UTC.jpg,BDSM Bank,NK.B|,K,Tbl,KOTOPOMy,"EAHK,",IPMBA3AH,BDSM
2020-08-13_04-14-54_UTC.jpg,Oimadprint,我幫我奶奶做了條手鍊,屈譯/迷因瘍法
2020-08-14_04-10-33_UTC.jpg,澳洲大火的主要原因,ALL,IMAGES,NEWS,SHOPPING,VIDEOS,翮譯/迷因療注,澳洲大火/成因,火
2020-08-17_04-18-39_UTC.jpg
2020-06-23_05-01-44_UTC.jpg,當你拉的屎太大條.所以你必須,等到馬桶水箱裝滿然後再沖一次
2020-06-24_04-06-26_UTC.jpg
2020-06-27_04-38-28_UTC.jpg,喔不為什麼我的影子看起來像隻烤雞,0
2020-06-30_04-18-16_UTC.jpg,現在你可以,用尻槍來充電了,隆重介紹 飛機環,我:,甜譯/迷因療法,11920
2020-07-02_05-16-09_UTC.jpg,如何在三天內達到一百萬觀看次數,/機密技巧大公開 !,觀看次數: 7次:兩年前,Share,Download,Save
2020-07-03_04-37-31_UTC.jpg,數字在西元前500年被發明出來,西元前501年的人:,翮譯/迷因療法
2020-07-04_13-06-48_UTC.jpg,當你只是想安靜的吃頓生日大餐,朋友卻找來店員端蛋糕開始唱歌,FB/迷因瘀法,Birthdd,HorP
2020-07-07_04-57-25_UTC.jpg,當你打槍打太多,打到你的老二滿等開始二轉
2020-07-08_04-33-05_UTC.jpg,長輩: 年輕人千萬不能去墮胎!,會有嬰靈跟著你!,我:,FB/迷因療法,FABy,STad{
2020-07-10_04-13-46_UTC.jpg
2020-07-13_04-07-46_UTC.jpg
2020-07-14_04-07-39_UTC.jpg,當你試著想找到很久以前看過的,那部讓你十秒就大爆射的片子,/迷因療法,10,3112,113,3091
2020-07-16_04-13-28_UTC.jpg
2020-07-19_04-25-48_UTC.jpg,沒有人:,半夜三點的電視:,*啦*
2020-05-27_04-12-13_UTC.jpg,#18,猴子花了幾百萬年,才進化成人類?,猴子根本沒辦法活這麼久!,21個進化論無法回答的問題,4102,2.8,分亨,斗 儲存,AmazingBeliever 困譯/迷因療法,748,位訂閱者
2020-05-28_04-33-08_UTC.jpg,Dom RL.1year ago,你的廣告裡也太多影片了吧,1K,20,VIEW 20 REPLIES
2020-05-29_04-08-00_UTC.jpg,失去了彼此,他被掏了空.她也沒了心,1,但她現在有老三了,Ruply,112
2020-06-01_04-04-36_UTC.jpg,醫生: 如果為你的憂鬱程度評分,1~10分你會給幾分?,我: 兀,醫生: 我不懂,我: 沒特別嚴重,但卻無窮無盡
2020-06-04_04-09-56_UTC.jpg,sub.media butthe subis mygf|,@shnupz,記住了各位;一個稱職的吟遊詩人,能夠幫整個團隊buff上好上滿,重要性是不會輸給補師的
2020-06-06_05-09-01_UTC.jpg,INQUlRER.NET:4 MIN READ,武漢肺炎為辦公室設計帶來新的影響,翮譯/迷因療法,德國人,嘿0我好像看過這個
2020-06-08_04-27-37_UTC.jpg,如果和平抗爭無效 還有B計畫
2020-06-10_04-10-23_UTC.jpg,25i8,25|8,翮譯/迷因療法,Here'sa,step-by-step,to,becoming,fossil,STEP ONE: DIE.,一步步教你,第一步:死亡,如何成為化石,guide
2020-06-11_04-20-26_UTC.jpg,我突然意識到我其實根本不用把它組起來,譯/迷因療法,Daniel,T1+1_,1111111
2020-06-12_04-18-58_UTC_1.jpg
2020-06-12_04-18-58_UTC_2.jpg,DUTTEI SUool
2020-06-14_04-31-06_UTC.jpg
2020-06-17_04-10-03_UTC.jpg,@voidmanthing,血腥瑪麗,血腥瑪麗,血腥瑪麗,嘿!看我噴尿能噴得多猛!,翮譯/迷因療法,喋嘆嚐嚐批喋嘈噴噴喋嚇
2020-06-19_04-15-23_UTC.jpg,兩步驟教你如何交朋友,譯/迷因療法
2020-04-20_04-17-18_UTC.jpg
2020-04-22_04-33-22_UTC.jpg,*一名男子將自己殺害後逃逸*,/迷因燕法,MDN,HINSflF AN皿,KILLS,RUN,AWHY
2020-04-23_05-43-28_UTC.jpg,因為武漢肺炎停工讓空汙問題改善,人們現在可以看到天上的環球L0g0了,面譯/迷因療法,UNIVERSa
2020-04-28_04-28-15_UTC.jpg,r/Jokes,u/Radish00,18h 翮譯/迷因療法,有天我看到一個小女孩獨自蹲在地上哭泣,於是我決定上前去關心她,T妳還好嗎?了我問她,T妳的爸爸媽媽在哪裡呢?,T我不知道!_ 她哭得更大聲了,這就是我為什麼這麼喜歡去孤兒院當義工,的原因,1.3k,34,Share
2020-04-30_05-00-04_UTC.jpg,面試官:你有甚麼專長嗎?,我:,@happymumhappychild,翮譯/迷因療法
2020-05-02_05-23-31_UTC.jpg,小知識,你沒有辦法一邊吐舌頭,一邊往上看,FB/迷因療法
2020-05-03_04-23-45_UTC.jpg,AE,FB牆上所有貼文,我,FBT因療法,1
2020-05-05_04-03-33_UTC.jpg,illiicrdirty wecks ofbeiigpegrin,ilic babiis flow,forned isiu;,ofine lndyshody und ildillmm,lills
2020-05-07_04-28-20_UTC.jpg,突然盯著房間某個角落的我,試圖讓我房間裡面的鬼以為,我其實看的到他們,翮譯/迷因療法
2020-05-11_05-15-21_UTC.jpg,起堡漢司
2020-05-14_04-32-37_UTC.jpg
2020-05-16_04-10-15_UTC.jpg,當你爸媽禁止你在床上吃東西,你卻在他們房間床單上發現,一坨乾掉的優格
2020-05-18_04-41-07_UTC.jpg
2020-05-20_04-17-58_UTC.jpg,8|ol-213,8looo,14.,血液之所以是紅色的,是因為下列哪個東西所造成?,a.鮆維蛋白,b.血紅素,C.紅血球生成素,d. T球蛋白,e.共產主義,/迷因瘀法
2020-03-23_04-21-48_UTC_3.jpg,政府: *宣布在家上班,建築師:,佃譯/迷因療法
2020-03-23_04-21-48_UTC_4.jpg,政府: *宣布在家上班*,計程車司機:
2020-03-24_04-15-33_UTC.jpg,沒有人:,康一的替身:,FB/迷因瘀法,Shi
2020-03-26_04-20-39_UTC.jpg,Donalo
2020-03-27_07-20-53_UTC.jpg,武漢肺炎抗疫指南,握手的替代方案,t譯/迷因療法,肘擊式,鞠躬,大腸包小腸,用腳擊掌,de govcoronavirus
2020-03-28_04-35-25_UTC.jpg,90年代科幻電影: 未來Al將會,殺死全人類並統治世界,Al:,o9
2020-04-01_05-48-56_UTC.jpg,當你真的在4/1出生,卻沒人相信今天是你生日,FB/迷因原法
2020-04-02_04-57-06_UTC.jpg
2020-04-04_04-16-28_UTC.jpg
2020-04-07_04-23-53_UTC.jpg
2020-04-09_04-17-52_UTC.jpg
2020-04-10_04-32-37_UTC.jpg,披薩其實就是一張即時顯示,你還剩下多少披薩可吃的圓餅圖
2020-04-14_04-13-05_UTC.jpg,:
2020-04-15_04-43-54_UTC.jpg,我很想要約妳出去,可惜妳覺得我很醜,誰說我覺得你很醜的?,喔?原來妳不覺得我醜嗎?,翮譯/迷因療法,沒 我覺得你很醜,我只是想知道是誰說的
2020-03-03_04-04-40_UTC.jpg,當我開始隨機撥放我的歌單,翮譯/迷因療法
2020-03-04_04-38-12_UTC.jpg,我: *不小心把肥皂掉到地上*,我的肥皂:,io01,MEE
2020-03-06_04-16-07_UTC.jpg,冬天半夜上廁所坐到溫暖的馬桶,突然想起自己一個人住,翮譯/迷因療法
2020-03-07_06-38-55_UTC.jpg
2020-03-09_04-04-15_UTC.jpg
2020-03-10_05-04-12_UTC.jpg,小孩子才做選擇,翮譯/迷因療法
2020-03-11_04-44-56_UTC.jpg,當你正在經歷死前的人生跑馬燈,於是你把這輩子看過的所有 meme,全部重新再看一遍,FB/迷因療法
2020-03-13_04-26-12_UTC.jpg,?????????????,(????),?50
2020-03-14_04-21-20_UTC.jpg,(
2020-03-16_04-20-03_UTC.jpg,1_185
2020-03-19_04-28-21_UTC.jpg,沒有人:,蒼蠅:,翮譯/迷因療法
2020-03-20_04-09-09_UTC.jpg,當你媽罵你幹你娘,翮譯/迷因療法
2020-03-22_04-58-56_UTC.jpg
2020-03-23_04-21-48_UTC_1.jpg,政府: *宣布在家上班*,飛行員:,翮譯/迷因療法
2020-02-07_04-15-16_UTC.jpg,完美的三角形不存...,42.0%,69,69
2020-02-10_06-47-17_UTC.jpg,Dawn,@DawnHoniahaka,我男友的名字和我哥的名字一樣,每次我們打炮時我喊他的名字,都會害我想到我男友,12:16 AM,31 Dec 19,TwitterforiPhone,翮譯/迷因療法,但咧
2020-02-11_04-06-06_UTC.jpg,羽生結弦25歲,兩屆冬奧金牌得主,史上第-,奪得花式滑冰男單全滿貫'世界紀錄保持人,同樣25歲的我,試圖找出哪盒麥片裡附贈的,玩具比較好玩:,翮譯/迷因療法,iStock,1),by Cetty Imdges',istoe,oioimdge,byG
2020-02-13_04-03-13_UTC.jpg,迪土尼的公主: *唱歌*,附近的動物們:
2020-02-14_04-16-12_UTC.jpg,頑皮豹是獅子嗎?,你再念一次 念慢點,我不懂?,"他是頑皮""豹,!",對啊?那他是獅子嗎,"聽著麥克,看在天父的份上",它就是隻豹,那是一種獅子的品種嗎?,幹 豹就是他媽的豹!,我剛剛去google了,但豹不是粉紅色的啊?
2020-02-15_04-16-18_UTC.jpg,很多火會認為,成績就是一切,但這絕對是個,成績就是切,非常錯誤的觀念,父母
2020-02-17_04-12-14_UTC.jpg,S,D
2020-02-18_04-11-49_UTC.jpg,她: 寶貝要不要來我家~,我: 不行我出車禍半身不遂了,她: 我爸媽不在家喔,~,我:,FB/迷因療法
2020-02-20_05-13-47_UTC.jpg,艾薩克牛頓正在證明為何,被光照到是件很gay的事
2020-02-21_04-15-17_UTC.jpg,上課時覺得無聊的我,我的橡皮擦,筆芯,翮譯/迷因瘀法
2020-02-24_04-05-16_UTC.jpg
2020-02-25_04-05-09_UTC.jpg,7
2020-02-26_04-21-29_UTC.jpg,F/迷因痳法
2020-03-01_05-20-00_UTC.jpg,老媽: 你該整理房間了,我: 我的房間沒有很亂啊,我的房間:,FB/迷因療法
2020-01-14_04-42-20_UTC.jpg
2020-01-16_04-02-25_UTC.jpg,亞洲小孩:*考99分*,亞洲父母:,鄱譯/迷因療法
2020-01-18_06-21-31_UTC.jpg
2020-01-19_05-33-38_UTC.jpg,網路發明前的傳肩照方法,幽譯/迷因摭法
2020-01-20_04-12-20_UTC.jpg
2020-01-21_04-27-15_UTC.jpg,sodomymcscurvylegs,當你去鬼屋探險時 突然有人,從後面拍你肩膀,翮譯/迷因療法,howdoifl thisthing,這是甲甲片嗎?,sodomymcscurvylegs,你是沒在聽人說話嗎?,就說鬼屋裡有人從後面拍你肩膀吼
2020-01-22_04-16-31_UTC.jpg,你各位吃雞塊的時候會剝皮嗎?,鄱譯/迷因療法
2020-01-24_06-00-17_UTC.jpg
2020-01-28_05-52-39_UTC.jpg,洗碗洗到一半突然脖子癢,SEE
2020-01-29_08-15-17_UTC.jpg,3,3x3,3+3,2/2,2',2+2,1^1,1x1,1=1
2020-01-31_04-16-58_UTC.jpg
2020-02-01_07-37-24_UTC.jpg,離開的時候到了,我是一個好的月份嗎?,JANUARY,JANUARY,10  2122  23 -24`15=26,翮譯/迷因療法,你他媽糟糕透了,JANUARY,JANUARY,77 ;28`79 30
2020-02-04_04-19-20_UTC.jpg,我的視角:,我的貓的視角:,鄱譯/迷因療法
2020-02-05_04-12-52_UTC.jpg
2019-12-24_04-14-41_UTC.jpg,為啥我都找不到照片中這種好男人呢?,Vietnam Soldier Man @vietcong100,晦!,01,1163,0 37,/迷因垚法,滾,05,L7 68,Gd,Vietnam Soldier Man,@vietcong100,我就是炤片裡的那個人啊
2019-12-25_04-08-48_UTC.jpg,當你發現今天聖誕節,Ho,Ho,Ho
2019-12-27_04-16-24_UTC.jpg,@ihatemylife_123,這按鈕到底是幹嘛用的?,1,翮譯/迷因療法,Shafeed,@Y2SHAF,如果你撞車了就給他按下去,它會還原整場車禍意外
2019-12-28_05-02-34_UTC.jpg,她: 你為什麼要幫計算機拍炤?,我: 網路上的人會懂的,翮譯/迷因療法,iinsert,3,mode,delete,Stat,TEXAS,INSTRUMENTS,oia
2019-12-30_07-55-11_UTC.jpg,當你看到 4K畫質版本的,Wait. That'sillegal迷因,翮譯/迷因療法,Wait. That's illegal.
2019-12-31_04-25-11_UTC.jpg,這個世界上有兩種男生,E,FB/迷因瘀法
2020-01-02_04-09-39_UTC.jpg,每二十分鐘就跟罹患阿茲海默症,的阿嬤要一次零用錢的我, 譯/迷因療法,00,0,0,|0;12%,2.286,4563,156,/0287,WF,stonks,0%%,.286
2020-01-04_05-23-43_UTC.jpg,生活小妙招,搬家之前記得把房子先備份,到新家後再把備份給還原,就不用花大錢請搬家公司囉!,FB/迷因療法,156,105/3
2020-01-07_04-18-37_UTC_1.jpg,*WWW/3開打*,黑暗靈魂玩家:,翮譯/迷因療法
2020-01-07_04-18-37_UTC_2.jpg,*WW3開打*,Minecraft玩家:
2020-01-07_04-18-37_UTC_3.jpg,戰陣亡土兵,二戰陣亡土兵,+,十,翮譯/迷因療法,F,三戰陣亡土兵,FF
2020-01-07_04-18-37_UTC_4.jpg,當WW/3開打卻沒你的戲
2020-01-07_04-18-37_UTC_5.jpg,當你看WW3迷因笑很爽,突然想起自己年滿18歲且身體健康,FB/迷因療法
2020-01-09_04-11-36_UTC.jpg,我: *走錯教室*,別班同學:,因痳法
2019-12-01_08-11-30_UTC.jpg,FU Tang,@FU TangClan 翮譯/迷因療法,面試官: 你有甚麼優點嗎?,我: 我很會放馬後炮,面試官: 但這根本不是優點啊,我: 哼'我早就知道了
2019-12-03_04-25-09_UTC.jpg,當五歲的你不小心在沙發上睡著了,醒來時卻發現自己好好地躺在床上,uCalicomint72,U NSEE N,A ID
2019-12-04_05-16-40_UTC.jpg,我老婆的太陽能計算機在晚上不能用7,所以我叫她改拿手機出來用,但她好像誤解我的意思了...,翮譯/迷因療法
2019-12-05_04-11-20_UTC.jpg,男人:為什麼男人的平均壽命比女人短?,實在是太不公平了,同樣是男人:,翮譯/迷因療法
2019-12-07_04-26-17_UTC.jpg,0:40,翮譯/迷因療法,I|吒,群護土正在獻祭病童,Inside Edition,3.9Mviews,2 years ago
2019-12-08_04-13-48_UTC.jpg
2019-12-09_04-16-20_UTC.jpg
2019-12-11_04-28-17_UTC.jpg,當你盯著遊戲的loading畫面十五分鐘後,才發現右下角一直有個小小的,[,按下X以繼續_
2019-12-12_04-16-03_UTC.jpg,CBS News,@CBSNews,T你情我願保險套_需要四隻手才能打開,和伴侶一起真正落實你情我願的精神!
2019-12-13_04-27-29_UTC.jpg,珊譯/迷因燕法,這他媽是三心?
2019-12-15_04-05-50_UTC.jpg,我: *打了半小時,終於把BOSS打死了*,我的同事:,翮譯/迷因療法,0
2019-12-17_04-40-26_UTC.jpg,VO,Pe
2019-12-19_04-12-44_UTC.jpg,素食主義者: 我吃素因為我尊重大自然的一切生命,大自然的生命們:,翮譯/迷因療法
2019-12-21_04-44-39_UTC.jpg
2019-10-30_04-02-58_UTC.jpg,我: *看著一張不完整的meme笑*,我朋友:笑點是?,我:,翮譯/迷因療法
2019-11-01_11-37-33_UTC.jpg,Glamorous MattT,@Glamorous Matt翮譯/迷因療法,畢卡索畫的貓(1957)
2019-11-02_05-07-46_UTC.jpg,TAsk Reddit,u/Thymiin,7h,甚麼遊戲會殺死一段感情?,Discussion,139,211,七,Share,BEST COMMENTS,翮譯/迷因療法,APankow,7h,俄羅斯輪盤,Reply,398,sataniclemonade 4h,哪有? 我有次跟我女友一起玩這個,"雖然她輸了,但我們還是照打了一砲",Replv,49,EmeraldCraftMC lh,給我但咧,15
2019-11-14_04-16-04_UTC.jpg,當你忘記把馬桶坐墊,放下來就坐上去,奈落0落匕L六,FB/迷因瘀法,[畏力一Fl
2019-11-15_05-27-32_UTC.jpg,求生小技巧: 如果陽光不夠大到,讓你用放大鏡生火的話,點根火柴放在前面就行囉!,翮譯/迷因療法
2019-11-16_06-14-44_UTC.jpg
2019-11-18_04-11-15_UTC.jpg
2019-11-19_04-12-35_UTC.jpg,0$$15.30,Comprar agora
2019-11-20_04-13-57_UTC.jpg,我: *在馬桶上滑了半小時的,手機後站了起來*,我的腿:,翮譯/迷因療法
2019-11-21_04-40-51_UTC.jpg,*抽一口大麻*,鬼故事裡面公車上的幽靈,是不是必須,要和公車等速度往前飄,才不會穿過公,車屁股被留在原地?,如果他們要自己飄,那幹嘛還搭公車?,FB/迷因療法
2019-11-22_04-10-48_UTC.jpg,Daw,工 Grow,翮譯/迷因療法,When,等我長大以後,工,我想要..,grow up. I wanf fo be.,Cafficd owoy,Owls,被一群貓頭鷹帶走,ie,Up
2019-11-23_04-21-38_UTC.jpg,3,我爸只是心臟病住院一周,我們就欠了這麼多錢,TOTAL CHARGES,"$131,047.75",56.9|,Shire,1000065,"像我爸就聰明多了,他也心臟病",但他選擇不去醫院直接讓自己掛掉,整套喪禮才花了六千美元而已!,缺點是偶爾會有點想他就是了啦,Reply
2019-11-25_04-04-48_UTC.jpg,Tnumpy,@thuumby,我拍了這張飛鳥與夕陽的照片,是不是很美呢? :),Anson,@ansontm,是我藥在走嗎?,這看起來像是一隻兔子穿滑雪橇;,正在空中進行一個大跳臞
2019-11-28_04-16-49_UTC.jpg
2019-10-04_04-33-53_UTC.jpg,當 (小丑) 太好看,於是你決定,用真正的劇照來代替原本的meme,FB/迷因療法
2019-10-07_04-33-23_UTC.jpg,狗熱
2019-10-09_04-19-39_UTC.jpg,當你被現實弄的遍體麟傷後,口到家老媽問你最近過得如何?,FB/迷因療法
2019-10-10_05-08-34_UTC.jpg
2019-10-13_03-53-22_UTC.jpg,11:34,11:34,11:34,"$0 ~^1""'7",S0,down,S0 dovin
2019-10-14_04-10-01_UTC.jpg,0%,二,32%F,=> 0% + 0%(,三,64%F,物理老師:,翮譯/迷因瘀法
2019-10-15_04-21-08_UTC.jpg
2019-10-16_04-11-03_UTC.jpg,我的手機為什麼都沒在充電?,FB/迷因療法,你的插頭有插好嗎?,好問題我看看
2019-10-18_04-18-47_UTC.jpg,rlAskReddit,Posted by u/bonqz,12h,1,1 6 4,有沒有正能量的小知識可以分享的?,Discussion,"54,8k","12,1k",Share,Award,BEST COMMENTS,翮譯/迷因療法,Zafjaf,8h,當向日葵找不到太陽時,會轉面對彼此,Reply,"6,2k",juju005 . 2h,2 Awards,向日葵A: 兄day,晚上沒有太陽了!,向日葵B: 你就是我的太陽啊,兄day,向日葵A: 兄day.nm.,"7,5k"
2019-10-21_04-13-53_UTC.jpg,Toxt 2,Wtl,l,五,四,bd,shi,九
2019-10-24_04-11-46_UTC.jpg,我: *咬一口漢堡*,漢堡另一端的所有食材:,/迷因療法
2019-10-25_04-11-08_UTC.jpg,我:*以為只是個屁*,我的屎:,F/迷因療法
2019-10-27_06-13-10_UTC.jpg,純素主義者: *不小心咬破自己的舌頭*,FT,舔譯/迷因療法
2019-10-28_04-06-55_UTC.jpg,輪子最早在西元前6000年被發明,西元前6001年之前的車:,翮譯/迷因療法,dafex
2019-09-04_04-18-22_UTC.jpg
2019-09-06_04-06-39_UTC.jpg,各位完美主義者午安,這是一個89度的角,祝你有個美好的一天,翮譯/迷因療法
2019-09-09_04-23-40_UTC.jpg
2019-09-12_04-11-45_UTC.jpg,胸罩,FB/迷因療法,動漫奶子
2019-09-16_04-08-02_UTC.jpg
2019-09-17_04-15-51_UTC.jpg,人類:*發明燈泡*,十九世紀的蛾:,翮譯/迷因療法
2019-09-18_04-06-58_UTC.jpg
2019-09-19_04-19-02_UTC.jpg
2019-09-20_05-04-55_UTC.jpg,她: 我覺得兩個人之間的溝通,真的很重要,我: 怎麼了嗎?,"她: 沒事,晚安",我:,勸譯/迷因療法
2019-09-22_04-45-32_UTC.jpg,3
2019-09-23_04-13-14_UTC.jpg,(/
2019-09-25_04-14-21_UTC.jpg
2019-09-29_05-51-25_UTC.jpg,十/,=36o,二,3oo`,d`,%`
2019-10-01_08-02-35_UTC.jpg,我: *搜尋,自殺_*,Google:,0.39 0),需要協助嗎?台灣,1995,生命線協談專線,話盲:=文(=灣],網站: Mlifii.life1995.,ti,FB/迷因瘴法,Amazon:,經常,起購買,總價,$89.98,將兩件商品全放入購物車,者新培至[興趣商品清單_,Louisville Ladder FS1412HD 375- Pound Duty Fiberglass梯子,12英尺,F51403|0 574.99,KINGLAKE 1OO%天然強韌黃麻繩 5mm3層麻繩 手工藝品 DIY裝飾禮品包裝 514.99,.of9.
2019-08-10_07-58-43_UTC.jpg,Anonymous,10/15/16($at)22:51:13,我正在約會的對象是半個亞洲人,她的爸爸來自韓國,她的媽媽也一樣來自韓國,她在一場車禍中失去了她的雙腳,>>707974093 # >>707974306 # 翮譯/迷因療法
2019-08-12_04-20-32_UTC.jpg
2019-08-14_04-10-32_UTC.jpg,017,001_31,P,1
2019-08-15_04-47-36_UTC.jpg,當你的學生一直吵鬧,於是你只好拿出消音器,翮譯/迷因療法
2019-08-16_04-14-29_UTC.jpg,如果你中7300萬,但要治好你媽,的眼睛需要290萬,你會怎麼做?,Ofoday earsOld,Young Sesame Chicken,@loccdawgg翮譯/迷因療法,幫她買個眼罩再送她一台藍寶堅尼,兜風了啊尼克福瑞!
2019-08-18_04-49-32_UTC.jpg,當長輩開始講不過你,長輩,鄱譯/迷因療法,你這甚麼態度
2019-08-20_04-06-23_UTC.jpg
2019-08-21_04-20-11_UTC.jpg
2019-08-22_04-19-53_UTC.jpg
2019-08-23_05-39-24_UTC.jpg,女友老爸:小子你給我聽好,你怎麼對待,我女兒,我就會怎麼對待你,我: *用力舔她私處*,女友老爸:,翮譯/迷因療法
2019-08-25_05-06-46_UTC.jpg
2019-08-27_04-13-31_UTC.jpg,FB/迷因療法,傑出的義手
2019-08-29_04-10-44_UTC.jpg
2019-09-02_04-15-22_UTC.jpg
2019-07-22_04-07-06_UTC.jpg
2019-07-23_04-11-46_UTC.jpg
2019-07-24_04-13-07_UTC.jpg,衝向51禁區,翮譯/迷因療法,隻猩猩在辛辛那提,動物園被射殺
2019-07-25_04-10-56_UTC.jpg
2019-07-26_08-13-50_UTC.jpg,lex,@_ lexwil,騎乘位小秘訣第一招:,用妳的腰拼出COCONUT這個字,椰子
2019-07-27_04-59-44_UTC.jpg,我:寶貝我們來試試看之前看到的,用腰拚COCONUT那招啊,她: 好啊~開始囉! C...,我:,鄱譯/迷因療法
2019-07-29_04-53-05_UTC.jpg
2019-07-30_04-17-54_UTC.jpg
2019-07-31_04-11-41_UTC.jpg,413#0,*金屬,METAL
2019-08-01_04-34-27_UTC.jpg,喬魯諾: *快要被打敗了*,喬魯諾:,FB/迷因療法,我喬魯諾:喬巴拿有,台鋼琴
2019-08-02_04-21-22_UTC.jpg,NHE,THEY,*鏡子裡的東西,比看起來的還要更靠近,MIRROR,OBJECT$,APPEAR,THAN,CLOSER
2019-08-05_04-13-50_UTC.jpg
2019-08-06_04-59-05_UTC.jpg,她: 我以為你會喜歡我講一些,色色的糟糕話,他: 是沒錯啦凱倫,但是 用力,吃我鮑鮑,就像你吃西瓜,和炸雞一樣_,這句真的有點不OK,翮譯/迷因療法
2019-08-07_04-16-01_UTC.jpg,把鼻子貼近螢幕看看會發生甚麼事,FB/迷因猿法
2019-06-27_04-20-50_UTC.jpg
2019-06-28_04-30-40_UTC.jpg,N0,FISHING,PRIVATE,PROPERTY
2019-07-03_04-52-12_UTC.jpg,蛋蛋其實就是扇的奶子
2019-07-04_04-19-20_UTC.jpg
2019-07-05_04-03-28_UTC.jpg,Google,0,烯環鈉,全部,圖片,新聞,地圖,影片,環戊二烯基鈉,化合物,環戊二烯基鈉是一種有機鈉化合物,化學式為,"C,H,Na",通常簡稱為 NaCp或CpNa,其中Cp-是環,戊二烯陰離子%在配位化學中,Cp也作為環戊二烯,基配體的縮寫,維基百科,分子式: CsHsNa,密度:,1.113 g/cm3
2019-07-08_04-20-48_UTC.jpg,mA Eu,At,Mo,U,口],S,日,Ru,F hen
2019-07-10_04-16-31_UTC.jpg,小知識,美國總統約翰-F.甘迺迪的本名,其實原本是約翰.甘迺迪,而在他過世後人們為了致敬他,才在他的名字中間加上了 F
2019-07-11_04-31-02_UTC.jpg
2019-07-12_04-07-16_UTC.jpg,Penis Ofo(?n-,fino((,ExtraSaviodp,OMIERS,y
2019-07-13_05-20-17_UTC.jpg,請勿將衛生紙外的,其他東西沖入馬桶,謝謝合作!,鄱譯/迷因療法,Urple Incogzero,@NotUrplePingo,小小心地把屎包好放回口袋
2019-07-15_04-15-59_UTC.jpg
2019-07-16_04-27-49_UTC.jpg
2019-07-17_04-20-57_UTC.jpg
2019-07-18_04-24-55_UTC.jpg,1+1=,1+1=,98:49= ,98,-y,1+1=2
2019-06-11_13-10-36_UTC_6.jpg,當我和我麻吉們一起,在維基百科搜尋,奶子_時,FB/迷因療法
2019-06-11_13-10-36_UTC_7.jpg,她: 他一定在想別的女人,我:
2019-06-11_13-10-36_UTC_8.jpg
2019-06-11_13-10-36_UTC_9.jpg,我和我麻吉們在線上遊戲創角時
2019-06-12_04-21-02_UTC.jpg,幫一個人升火'只能讓他溫暖下子,"教一個人如何升火,可以讓他溫暖好一陣子",FB/迷因療法,而放火把那個人燒了,則能讓他的餘生再也不怕冷
2019-06-14_04-13-43_UTC.jpg
2019-06-17_04-20-38_UTC.jpg
2019-06-18_04-07-29_UTC.jpg,ZUCC,動漫迷因,FB/迷因療法,我
2019-06-20_04-20-28_UTC.jpg,當你問了老媽一個問題,然後得到了三個小時的訓話,FB/迷因療法
2019-06-21_05-03-49_UTC.jpg,T怎樣才能曬的像你,樣這麼均勻呢?,AEACIF
2019-06-23_03-22-21_UTC.jpg,1,pdioti!,),dai1,ibdciimial,Ipoor,01
2019-06-24_04-12-41_UTC.jpg
2019-06-25_04-59-48_UTC.jpg,Wait That's illegal
2019-06-11_04-26-40_UTC_1.jpg,我和我麻吉們,在玩麥塊創造模式時
2019-06-11_04-26-40_UTC_2.jpg,2歲的我正在給我麻吉們,字典裡的'做愛_的解釋,法
2019-06-11_04-26-40_UTC_3.jpg,我和我麻吉們,4譯/迷因療法
2019-06-11_04-26-40_UTC_4.jpg,我和我麻吉們在浩克彈指之後
2019-06-11_04-26-40_UTC_5.jpg,而我麻吉們來探望我時
2019-06-11_04-26-40_UTC_6.jpg,當我和我麻吉們一起,維基百科搜尋 奶子_,法
2019-06-11_04-26-40_UTC_7.jpg,她: 他一足在想別的女八,我:,翮譯/迷因療法
2019-06-11_04-26-40_UTC_8.jpg
2019-06-11_04-26-40_UTC_9.jpg,我麻吉們在線上遊戲創
2019-06-11_13-10-36_UTC_1.jpg,我和我麻吉們,在玩麥塊創造模式時
2019-06-11_13-10-36_UTC_2.jpg,12歲的我王在給我麻吉們,看字典裡的`做愛_的解釋時,FB/迷因療法
2019-06-11_13-10-36_UTC_3.jpg,我和我麻吉們,4譯/迷因療法
2019-06-11_13-10-36_UTC_4.jpg,我和我麻吉們在薩諾斯彈指之後,我和我麻吉們在浩克彈指之後
2019-05-20_05-06-29_UTC.jpg,G,G,E,p,翮譯/迷因療法,GINGER,*薑*
2019-05-21_04-08-57_UTC.jpg
2019-05-23_04-29-52_UTC.jpg
2019-05-25_04-56-17_UTC.jpg
2019-05-26_05-05-20_UTC.jpg,FB/迷因療法,BabblaBam,我拿石頭來摧毀剩下的石頭
2019-05-27_04-17-01_UTC.jpg,酬譯/迷因療法,蘇聯國歌,"49i vie""15",453|,22|,Share,Do nload,Save,Jdllles H: ieadow, llOliti5 dg0,我在學校升旗的時候放了這首歌,我讀的私立學校現在變成公立學校了,4.9K,[ 41
2019-05-28_04-55-10_UTC.jpg,當你已經死了,但突然想到,你還沒把你的好友tag在,上次那張好笑的meme底下,FB/迷因猿法,廠廠笑死,galtvmages,gettyimages,I
2019-05-29_04-41-40_UTC.jpg,我就問個簡單的問題,為什麼 nutella巧克力醬的logo裡,就只有n這個字是黑色的?,FB/迷因療法,hutello,Hazelnuf Spreod wifh Cocoo,FERRERo
2019-05-30_04-10-16_UTC.jpg,尻槍三階段,u譯/迷因療法,00
2019-05-31_04-37-33_UTC.jpg,沒...沒關係的,儿類君...,不論你們,做了甚麼,我還是會,永遠愛著你們.,翮譯/迷因療法
2019-06-01_04-39-40_UTC.jpg,你不知道的,復仇者聯盟小彩蛋,geek,FB/迷因療法,浩克的奶頭捏了會發光
2019-06-03_04-19-54_UTC.jpg,THIS IS Flie
2019-06-04_04-28-18_UTC.jpg,你會按下,按鈕嗎?,你死了,但,你還活著,翮譯/迷因療法,薛丁格
2019-06-09_05-02-25_UTC.jpg,當你從口袋裡,拿出你的手機,讚啦.,看到了,今天的日期
2019-04-27_03-52-44_UTC.jpg,Salila,NIGATONI,Tony
2019-04-29_04-21-58_UTC.jpg,VS
2019-05-01_05-59-42_UTC.jpg,你知道嗎?,"潛水員下海時,之所以要",用坐在船邊往後滾的姿勢,翮譯/迷因療法,是因為如果他們往前滾的話,就會翮回到船上
2019-05-02_04-25-38_UTC.jpg,Butteiy.,Training Ball,skills
2019-05-04_04-07-24_UTC.jpg
2019-05-05_06-40-51_UTC.jpg,當你的`作業_資料夾放的不是A片,而是真的作業時,翮譯/迷因療法
2019-05-06_04-32-15_UTC.jpg,選出所有包含,T車子_的圖片,Oro0m0,翮譯/迷因療法
2019-05-07_04-09-15_UTC.jpg,AhNeooo com br
2019-05-09_06-51-58_UTC.jpg
2019-05-10_04-18-50_UTC.jpg,小技巧:準備一推空的禮物盒放在,聖誕樹下,"只要小孩一不聽話,就",隨便抓一個丟到火爐裡燒掉,下次他們就再也不敢調皮囉!,Vote,15,4,Share,Ih,那如果小孩用完了該怎麼辦?,Reply,43,翮譯/迷因療法,但咧
2019-05-14_05-10-08_UTC.jpg,當你不小心把老師叫成 媽_,但在出溴前及時在後面接上,T的貢丸_時,FB/迷因療法
2019-05-15_04-10-02_UTC.jpg,你有看到 Groot嗎?,誰?,迷因療法
2019-05-16_04-52-46_UTC.jpg,[.,X,A R
2019-05-17_04-48-47_UTC.jpg,鐵達尼號,*開始下沉*,廚房裡的龍蝦:
2019-04-02_04-40-43_UTC.jpg,要有圖片+文字,才看得懂迷因
2019-04-03_04-38-58_UTC.jpg
2019-04-08_07-47-29_UTC.jpg
2019-04-09_05-35-35_UTC.jpg,0,1751,215 9,13=,C,SuREP8
2019-04-10_10-23-30_UTC.jpg,50,5060,il
2019-04-12_04-36-02_UTC.jpg
2019-04-13_12-36-35_UTC.jpg,如果霍金再多活個一年半,就能夠親眼看見黑洞了,翮譯/迷因療法
2019-04-15_07-50-47_UTC.jpg,Gareth Cliff,@GarethCliff,你對哪一樣成癮呢?,05,干,譯/迷因法,sell mealaptop bitch,@3testes,到底誰他媽會對Uber成癮?
2019-04-16_05-17-43_UTC.jpg
2019-04-17_04-21-24_UTC.jpg,BabbleBam
2019-04-18_04-44-57_UTC.jpg,GEN@
2019-04-19_04-31-29_UTC.jpg,Pornhub推出字幕功能 讓,聽障朋友能夠更身歷其境,Pom,迷因瘀法,聽障朋友: (~^`
2019-04-22_04-18-24_UTC.jpg
2019-04-23_05-24-36_UTC.jpg
2019-03-04_04-10-37_UTC.jpg,Wissidmt,p8
2019-03-05_04-24-50_UTC.jpg,當你窮到靠北,卻仍想征服宇宙,翮譯/迷因療法
2019-03-08_05-15-32_UTC.jpg,重擊,溺水,太陽穴,下毒,刀刺,槍殺,迷因煉法
2019-03-10_05-06-10_UTC.jpg
2019-03-11_07-21-02_UTC.jpg
2019-03-19_04-19-19_UTC.jpg
2019-03-20_05-15-05_UTC.jpg,F0
2019-03-21_10-23-10_UTC.jpg,INPUT,001011,R,B,N,"V.3ph, 50#=",0 to 470,415,INPUT,GlTPUT
2019-03-22_08-48-54_UTC.jpg,6,0,讚啦,讚啦
2019-03-24_05-48-46_UTC.jpg,#$i
2019-03-27_04-15-57_UTC.jpg
2019-03-28_04-50-40_UTC_1.jpg,he lied,FB/迷因療法,sbeve
2019-03-28_04-50-40_UTC_2.jpg,sbeve,FB/,你在錄影嗎?,-沒有啊
2019-03-29_07-18-14_UTC.jpg,當你的貓開始瞄瞄叫時你會?,和牠玩,一起瞄瞄瞄瞄
2019-02-03_04-38-16_UTC.jpg
2019-02-04_04-04-21_UTC.jpg,0,/
2019-02-08_05-46-36_UTC.jpg,_B IORD/N,CRHi],IEFENDIEND瓦 LEERDD
2019-02-11_04-23-38_UTC.jpg
2019-02-12_04-33-30_UTC.jpg
2019-02-13_04-18-36_UTC.jpg
2019-02-16_04-41-40_UTC.jpg,1600,Spr,12:24 PM1,100%,Messages,王妹,Detalls,晦'你喜歡哪種類型,的男生呢?,有錢的那種,先去買支新的,晚點聊
2019-02-19_04-18-50_UTC.jpg,FLAGy,C01
2019-02-19_11-23-13_UTC.jpg,Roses are red
2019-02-20_04-24-32_UTC.jpg,RIp,Iopuiiil$,03
2019-02-22_04-26-32_UTC.jpg
2019-02-24_05-21-10_UTC.jpg,720p,4K
2019-02-25_05-15-48_UTC.jpg,猜猜今晚我要用這雙手指,做甚麼呀~,Re1d 7:d3 PN,砌譯/迷因療法,吼小壞蛋想幹嘛,離開你.再見
2019-02-27_04-50-39_UTC.jpg,*抽一口大麻*,"站在你面前最近的那個人,也會是",這地球上離你背後最遠的那個人,翮譯/迷因療法
2020-01-10_04-34-19_UTC.jpg,她:寶貝~明天要來我家嗎?,我:不行,我要去投票,她: 我爸媽都不在家喔,我: 因為他們都去投票了啊幹,你他媽還不去?,FB/迷因療法
2020-02-06_04-24-09_UTC.jpg,從沒跟你打過砲的妻子突然懷孕,而小孩出生那天突然出現三個,帶著禮物的陌生男子前來祝賀,翮譯/迷因療法
2020-03-02_04-20-57_UTC.jpg,27-4,IiCLUDED,EL,I0Dt,RSI0E
2020-03-23_04-21-48_UTC_2.jpg,政府: *宣布在家上班,軍人:
2020-04-17_04-10-26_UTC.jpg,Anonymous D Ivuii-5+),分享一下你最刺激的偷吃經驗吧,FB/迷因療法,平常我都左手尻,有一次換成右手,超刺激我秒射,Anonymous (|D h/6|8636) 04{24/13(e1)02 59.52 /16 475140708,認真分享一下我的偷吃經驗,那是發生在我大二的時候,我跟我的好兄弟一起修了一門課.他女友也有一起修,我的好兄弟每次都懃課,派他女友來上課然後再抄她筆記,所以每次都只剩我跟他女友一起上課,久了以後兩人也開始會一起私下吃飯逛街之類的,而我兄弟完全不知情,後來有次期中考 因為我很快就寫完了所以提早交卷,出教室時我向女生使了個眼色,她也趕快寫完一起交卷了,而她男友平常都在打混,所以還在努力寫考卷中,離開教室後兩人都沒說話,她默默的坐上我的機車,而我騎車載她回到了她跟她男友同居的家中,進了房間後,我坐在她男友的床上'床頭還擺了他們的合炤,T我先去洗澡_她說,然後我就趁她洗澡時 打開冰箱把她男友的蛋糕偷吃掉了,她男友到現在還以為是女生偷吃的,完全沒發現是我,這就是我最刺激的偷吃經驗,超爽der
2020-05-25_05-16-18_UTC.jpg,ghost mom,@radtoria,蘆筍長得就像是有人把蘆筍直接插到土裡,想要騙大家蘆筍就是這樣生長的一樣
2020-06-22_04-11-08_UTC.jpg,朋友: 如果可以給你任何一項超能力,你會選甚麼能力呢?,我:
2020-07-21_04-14-07_UTC.jpg,醫生我有個困擾'我每天,早上七點都會準時大便,規律的排泄是件好事,有甚麼好困擾的?,我八點才起床
2020-08-19_04-13-12_UTC.jpg
2020-10-02_04-55-55_UTC_1.jpg,刺青師傅: 你的刺青完成囉,我: *信用卡刷不過*,刺青師傅:,翮譯/迷因療法
2020-10-30_04-13-33_UTC.jpg,Victory,22|,別管武漢肺炎了!來聊點關於我的事吧!,翮譯/迷因療法,pioo,02;,Jrlyanuo,看來妳的奶子有好好遵守社交距離喔
2020-12-21_04-41-25_UTC.jpg,3,)
2021-03-04_04-14-45_UTC.jpg,讓我見識你的手技嘛寶貝,佃譯/迷因獠法,XYZMEMES CoM
2019-01-09_04-06-28_UTC.jpg
2019-01-10_04-16-20_UTC.jpg,ARy Of illl FoxuptOHf,urfAl OfT,Riull,RIGHTLEG OFTHE FORBIDDEN OME,LEFTLFG OF THE FORBIDDEN ONE,11(,11|211111,NTi Zuo DLFl 3oo,Foialbpa
2019-01-11_04-16-16_UTC.jpg,FB/迷因療法,To Be Contihued
2019-01-14_06-43-31_UTC.jpg
2019-01-16_05-17-54_UTC.jpg
2019-01-17_05-08-29_UTC.jpg
2019-01-19_04-22-00_UTC.jpg,Ohfuck,scratch,t,Veah
2019-01-21_04-57-32_UTC.jpg
2019-01-24_06-47-27_UTC.jpg,Ghuminiy.none26
2019-01-25_08-08-14_UTC.jpg,B.,Pag-aralan ang,ang susunod na,af,isipin,mangyayari.,Directed by,ROBERT B WEIDE,mgo,larowan
2019-01-26_04-07-18_UTC.jpg,KFC
2019-01-28_06-15-47_UTC.jpg,0
2019-01-29_04-07-11_UTC.jpg,J$T,CANT.
2019-01-30_04-20-33_UTC.jpg
2018-12-13_08-01-19_UTC.jpg
2018-12-14_05-01-33_UTC.jpg,>
2018-12-17_04-01-51_UTC.jpg,@ibrraboybanat
2018-12-18_04-19-42_UTC.jpg,當她說,[,你的3公分小肩根本滿足不了我_,但你其實只有2.5公分,於是你整個人都自信了起來時,翮譯/迷因療法
2018-12-19_06-13-58_UTC.jpg,翮譯/迷因療法,醒來累到靠杯,睡了12個小時,只睡3小時
2018-12-21_05-19-03_UTC.jpg,0338:
2018-12-22_04-48-20_UTC.jpg
2018-12-23_04-23-16_UTC.jpg,我覺得我的蝴蝶結超可愛,但我男友說我根本尖頭拉瑞,翮譯/迷因瘀法,@Doucha
2018-12-24_04-11-57_UTC.jpg,UT,HlitOpMig,0
2018-12-25_07-03-07_UTC.jpg,& HAPPY,NEW YEAR.農
2018-12-26_04-05-29_UTC.jpg
2018-12-28_04-10-25_UTC.jpg
2019-01-02_07-00-34_UTC.jpg,當你撕開優格的封膜
2019-01-04_05-16-28_UTC.jpg
2018-11-23_05-10-31_UTC.jpg
2018-11-25_06-44-29_UTC.jpg
2018-11-29_04-24-02_UTC.jpg,0i0,FB/迷因療法,00,00
2018-11-30_06-45-47_UTC.jpg
2018-11-30_11-30-14_UTC.jpg,翮譯/迷因療法
2018-12-01_04-31-44_UTC.jpg
2018-12-03_04-09-46_UTC.jpg,Adarsh Agnihoti
2018-12-05_04-25-15_UTC.jpg,神燈精靈,你有三個願望,"我:第-,讓願望變成四個",神燈精靈,願望達成了!,你還剩下三個願望,翮譯/迷因療法,(傑出的=步),Outstanding    xe
2018-12-06_04-51-46_UTC.jpg
2018-12-08_05-16-22_UTC.jpg
2018-12-09_06-41-10_UTC.jpg
2018-12-10_06-09-48_UTC.jpg,當妳換了好幾個男友,都沒遇到滿意大小的老二,翮譯/迷因療法,Ts time for Afrina
2018-12-11_08-30-16_UTC.jpg
2018-10-31_04-57-51_UTC.jpg,女兒:今年萬聖節我可以扮成公主嗎?,媽媽,給我閉上妳的嘴,乖乖扮成我的皮包就對了,醐譯/迷因療法
2018-11-01_06-06-54_UTC.jpg,最佳cosplay獎,翮譯/迷因療法
2018-11-01_12-41-45_UTC.jpg
2018-11-04_08-35-23_UTC.jpg
2018-11-06_04-09-15_UTC.jpg
2018-11-07_07-06-33_UTC.jpg,*不小心碰到了,喜歡的女生的小手*,我:,FB/迷因療法,萬用
2018-11-08_04-04-16_UTC.jpg,i
2018-11-12_05-17-48_UTC.jpg,你以為用錢就能收買我?,你想的也太簡單了吧.,療法
2018-11-14_05-06-00_UTC.jpg
2018-11-15_05-09-46_UTC.jpg
2018-11-18_04-15-55_UTC.jpg
2018-11-20_05-14-41_UTC.jpg,Matto Fnish,隱形膠帶,Tiisiole Tape,3005133,%,87(,翮譯/迷因療法
2018-10-21_07-45-14_UTC.jpg
2018-10-22_04-04-32_UTC.jpg,N0,DATE
2018-10-23_05-02-41_UTC.jpg,gta
2018-10-23_11-01-53_UTC.jpg,VNNS,2,HNS
2018-10-24_05-05-20_UTC.jpg,Giain,"翮譯/迷因療法 """,;,;,D=,Undio,*班叔麥片,Beris,Be,%,SMII4E,Reodo<s,Rirr, Fala;,Uncle,Inele,囂
2018-10-24_12-19-05_UTC.jpg,剪輯/迷因療法
2018-10-25_05-01-39_UTC.jpg
2018-10-25_13-32-47_UTC.jpg
2018-10-26_07-14-37_UTC.jpg
2018-10-27_06-38-43_UTC.jpg
2018-10-28_03-39-16_UTC.jpg
2018-10-29_06-27-26_UTC.jpg
2018-10-15_11-52-44_UTC.jpg,Thelampis on,Ha nas wiate',15,Iistening,to his favorite,nutiC,and
2018-10-16_04-18-08_UTC.jpg,12,2,3,4,6,5
2018-10-16_13-14-31_UTC.jpg
2018-10-17_04-02-45_UTC.jpg
2018-10-17_13-32-10_UTC.jpg,剪輯/迷因療法
2018-10-18_05-40-07_UTC.jpg,迷因療注,狼毒,MElow
2018-10-18_13-24-05_UTC.jpg,翮譯/迷因療法
2018-10-19_04-26-10_UTC.jpg,Google,川|,全部,圖片,影片,新問,地,書籍,提示: 只顯示繁體中文搜尋結果. 您可以在使用偏好中指,定搜尋語言,第一次世界六戰,藝文展覽活動
2018-10-19_12-09-55_UTC.jpg,翮譯/迷因療法
