2021-02-26_04-25-14_UTC.jpg,現在是凌晨三點鐘,我的鄰居正在跟西瓜們開會,譯,@littlecitymeme
2020-05-21_15-23-39_UTC.jpg
2020-05-22_01-36-04_UTC.jpg,我:說了最近想要買什麼東西,我的手機:
2020-05-25_07-23-04_UTC.jpg,當你已經節食兩個小時但還是沒有變瘦,WHY?,@litlecitymeme
2020-05-26_05-06-07_UTC.jpg,*鎖完門5秒鐘後,我:我剛剛有鎖門嗎?,我的大腦,olittlecitymeme
2020-05-26_11-23-58_UTC.jpg,Klara Sjoberg,@klara sjo,"說真的@YouTube,拜託不要再問了!",一粒米的大小,我購買YouTube,會員的可能性,@littlecitymeme
2020-05-28_04-59-07_UTC.jpg,第一個進7視訊教學的學生,你的老師,tltymeme
2020-05-29_05-50-43_UTC.jpg,當有人在電梯問T這是什麼味道_時,我,ttlecityineme
2020-06-01_03-14-29_UTC.jpg,新買的橡皮擦不小心掉到地上,(橡皮擦),olittlecitimeme
2020-06-04_12-30-14_UTC.jpg,小時候受傷的原因 :,從腳踏車上跌下來,從樹上摔下來,打球扭到腳踝,長大後受傷的原因,睡姿不良,坐著太久,打噴嚏六太力,@littlecitymeme
2020-06-05_12-53-11_UTC_1.jpg,親愛的,你還好嗎 ?,咖啡到底算不算是,一種豆漿 ?,littlecutymeme
2020-06-05_12-53-11_UTC_2.jpg,親愛的,你還好嗎 ?,泡茶到底算不算是,一種燙青菜 ?,littlecutymeme
2020-06-06_13-09-07_UTC.jpg,以前的我,現在分我,譯8好色龍,終於找到了,只會畫迷因,自己的藝術風格
2020-06-07_11-43-47_UTC.jpg,當未夾的學生在歷史課上,讀到2020年的部分,譯:好色龍
2020-06-08_11-33-28_UTC.jpg,政府解禁後,出遊的民眾,(0V|D-19,olittlecitimeme
2020-06-09_08-55-03_UTC.jpg,黑特,饒舌歌手
2020-06-10_06-51-55_UTC.jpg
2020-06-11_06-45-54_UTC.jpg
2020-06-13_16-45-12_UTC.jpg,我:哇~這個 App真的超好用欽!,App :可以麻煩您幫我們評分嗎?,我,翮譯; Tony Tsou,facebookcom|tanslatedbytonytsou,n0
2020-06-14_10-58-16_UTC.jpg,當你過了五年後才發現,你喜歡的人當時也喜歡你,@=,meme
2020-06-15_08-53-04_UTC.jpg,我 : 媽媽可以買PS5嘛?拜託~,媽媽,我們家已經有P$5了啊,家裡的P5:,@littlecitymeme
2020-06-16_06-16-34_UTC.jpg,TkTok,otiffany345i
2020-06-17_03-31-00_UTC.jpg,9歲的我走進,樂高專賣店,29歲的我走進,樂高專賣店,@littlecitymeme
2020-06-17_10-38-47_UTC.jpg,LFIIEMES,CA吐,kapwing.com
2021-06-15_04-47-53_UTC.jpg,@sirameri,跟公司說完,"我身體不舒服今天請假""","之後身體就好多了,",比藥有效大概5000倍,0,15:20,2020/11/27,Janetterios,1.9萬轉推 572引用推文 11.9萬喜歡
2021-06-15_10-55-43_UTC.jpg,Garbage Human,@GarbyJooman3,搞什麼啊,Kevin!,1U,years.,Steven Rivera,我預測到了,2020年時,所有人類,能和平共處,所有疾病,0,能夠被治癒,Kevin Singh,譯,@littlecitymeme
2021-06-16_05-48-14_UTC.jpg,當你的聊天群組王在晦,譯,@littlecitymeme
2021-06-16_11-46-27_UTC.jpg,這個設計師真有才,@littlecitymeme製
2021-06-17_05-20-19_UTC.jpg,"""已有22人在此屋內喪命""",恐怖片中的家庭:,@littlecitymeme
2021-06-17_10-30-33_UTC.jpg,Tony Tulathimutte,@tonytula,所有人都相同高度的派對,譯,@littlecitymeme
2021-06-18_04-51-51_UTC.jpg,這是我的貓,但那裡不是我家,譯,@littlecitymeme
2021-06-18_11-33-51_UTC.jpg,@balled,你對於學校最美好的記憶,是什麼?,譯,@littlecitymeme,^ .o *,@carlys,當放學鐘聲響起可以回家,的時候
2021-06-19_04-47-42_UTC.jpg,演技100分,olittleciymeme
2021-06-19_11-02-34_UTC.jpg,Andrey,@Andrey69_420,手舉高! 你被逮捕了!,@littlecitymeme
2021-06-20_04-20-12_UTC.jpg,當你不知道發生了什麼事,但你還是試著要幫忙,譯,@littlecitymeme,90000,Let's
2021-06-09_04-23-55_UTC.jpg
2021-06-09_10-47-08_UTC.jpg
2021-06-10_04-43-03_UTC.jpg,這是上次我整天,都沒有壓力的時候,譯,@littlecitvmeme
2021-06-10_11-46-51_UTC.jpg,當你進到房間後,卻忘了自己本來要做什麼時,olittledtymem
2021-06-11_04-29-55_UTC.jpg,Post Malone的鬍子看起來好像,兩隻水豚在親親
2021-06-11_12-06-15_UTC.jpg,這個遊客穿了一件有四十個常見,符號的衣服,讓他可以在不會講,其他國家的語言時,還能夠溝通,@,)littlecitymeme
2021-06-12_05-34-42_UTC.jpg,終於找到最適台生活的地方了,Disappointment,Island,(失望島|
2021-06-12_11-42-30_UTC.jpg,its me!,@ HOlding,家不是一個地方,9,是那個對的人,譯,@littlecitymeme,@RilwanNajib,所以現在是嚐我無家可歸?
2021-06-13_04-45-15_UTC.jpg,當你已經受夠7!
2021-06-13_11-24-59_UTC.jpg,這間宿舍的設計不但很酷,還保有學生隱私性,譯,@littlecitymeme
2021-06-14_04-47-35_UTC.jpg,5元x輪子x小時,0',最相關,v,"我走進去就要付錢了, 我是備胎",55分鐘,50 2,9
2021-06-03_10-36-54_UTC.jpg,為了救她的狗狗,她把一隻熊推下柵欄
2021-06-04_04-26-12_UTC.jpg,老公要求要陪產.結果自己卻在,"過程中昏倒了,於是老婆自己拿",相機來自拍打算之後給老公看,譯,@litf meme
2021-06-04_14-16-17_UTC.jpg,我是李阿姨介紹的相親對象,問你個問題,你覺得男生一個月賺多少錢夠你,花用?,不用太多 我很好養的,14:46,個月二十幾萬就夠7,你是住在加護病房嗎,一個月二十萬?
2021-06-05_04-49-36_UTC.jpg,"我搜尋了""坐著的鴿子""",出來的結果我很滿意必,譯,@littlecitymeme
2021-06-05_11-12-07_UTC.jpg,|oooooooo00000000~~~!!!,譯,@littlecitymeme,ig: Tommy.Lagoon,@YahRightBraedon,那個小女孩應該一輩子都,忘不了這一幕
2021-06-06_04-18-35_UTC.jpg
2021-06-06_11-33-56_UTC.jpg,警察把狗狗帶走了1,為|麼? !,在停車格睡覺沒繳停車吠,我當初為仃麼會嫁給你
2021-06-07_05-11-18_UTC.jpg,氣象主播在播報氣象時,因為系統故障出現一堆分身,TPHRTURHS,46%,11,45',45%,48%,54%,4;1%,5o%,53',54%,46%,50',[,52',54%,1%1110,54',438%,51',58%,49;,5,55',46?,48',"56""",50,46?,4|6%,uil,5
2021-06-07_11-46-56_UTC.jpg
2021-06-08_04-49-55_UTC.jpg,Howl,@hoowwl,我今天走在路上時發現了,這個 KPOP男團風的鳥巢,@littlecitymeme
2020-06-19_10-41-29_UTC.jpg,你到底要不要PS5嘛
2020-08-07_06-22-56_UTC.jpg,當你發現2000年,已經是20年前時,olittle
2020-08-16_04-29-35_UTC.jpg,醫生:這是你的脊椎,我:乾快點給我放回去喔,dlittletitilleiio
2020-08-24_04-29-49_UTC.jpg,當你從阿嬤家離開時,@littlecitymeme
2020-09-01_10-47-56_UTC.jpg
2020-09-08_10-54-53_UTC.jpg,當你在外面遇到小孩哭鬧,然後他的爸媽都不管時
2020-09-17_04-13-34_UTC.jpg,心理醫生 : 你應該要敞開你的心房,我的心房 :,@littlecitymeme
2020-10-01_05-44-16_UTC.jpg,沒有人:,考數學時的你 :,_,{?5.,tOP,MODE CLR,ON,L06.(,COlly,PQw-,1,|25,159
2020-10-12_04-19-46_UTC.jpg,0,TUMN
2020-10-30_04-58-25_UTC.jpg,我決定當我每次對整個世界,感到厭煩就丟一個硬幣進去,結果才過了一個小時...,nic,Download Qmemes app,@littlecitymeme
2020-11-07_12-03-14_UTC.jpg
2020-11-16_04-31-31_UTC.jpg,Aquabae,@aqualady6666,只差這麼一點點我就要放棄,所有事情了,30,睪,@littlecitymeme
2020-11-27_04-29-33_UTC.jpg,"""看, 奴隸回家了"""
2020-12-05_10-48-51_UTC.jpg,GrizZzly,@Grizzly$Z|,完全沒辦法對我家的狗說不,因為每次一拒絕牠就會這樣,讓我感覺很有罪惡感,譯,@littlecitymeme
2020-12-13_11-14-09_UTC.jpg,51歲的,珍妮佛安妮斯頓,20幾歲的我,譯,@littlecitymeme
2020-12-23_04-30-39_UTC.jpg,brendan,@BrendanDaGawd,無論對手的體型如何,我們都應該要全力以赴,5u,譯,@littlecitymeme,;
2021-01-01_05-09-27_UTC.jpg,@ aoteliin,之前辭掉第一份工作時'上司對我說,T先暫時玩一陣子吧 這段時間你自,然會找到你想做的事情_,照著上司說的我玩了半年;,結果我發現自己想做的事情就是玩一輩子,122,1 43k,1501{
2021-01-10_06-54-11_UTC.jpg,本店使用,佩佩瀦, iDi
2021-01-17_11-29-16_UTC.jpg,h,@hhhass,聽到有客人要來家裡時的我,譯,@littlecitymeme
2021-01-25_05-09-37_UTC.jpg,Lale,70|64$1]7|日,私
2021-02-01_04-21-33_UTC.jpg,當你聽到現在的小孩說90年,"代的音樂是""經典老歌""的時候",譯,@littlecitymeme
2021-02-09_05-37-04_UTC.jpg,人類對抗哥吉拉的終極武器,譯,@littlecitymeme
2021-02-18_06-14-28_UTC.jpg,當你不小心打開前置鏡頭,@littlecitymeme
2021-05-27_11-53-19_UTC.jpg,我:我打算養一隻狗來看家,那隻狗 :,譯,@littlecitymeme
2021-05-28_04-24-23_UTC.jpg,1.
2021-05-28_11-12-17_UTC.jpg,疫情前,疫情後10天
2021-05-29_05-47-29_UTC.jpg,我的狗把牠的填充玩具咬破,沒想到裡面還有一個填充玩具,譯,@littlecitymeme,Marco,@mtInd,這間公司真懂狗必
2021-05-29_11-38-54_UTC.jpg,Noor,@AwkwardNona,從照片就品嘗的到味道,譯: @littlecitymeme,@HumoudMosabih,湯匙比冰淇淋更有味道
2021-05-30_04-47-48_UTC.jpg,這桌子可以拆成棍棒跟盾牌,發明這東西的人是天才,@littlecitymeme
2021-05-30_11-00-27_UTC.jpg,當你的生活突然變得很順利,譯: @litflecitymeme
2021-05-31_04-47-30_UTC.jpg,當有人想要教我應該要怎樣,過生活時,譯: @littlecitymeme
2021-05-31_10-53-35_UTC.jpg,3
2021-06-01_05-34-32_UTC.jpg,Nature,@naturevirals,5d,這對豹情侶已經在一起4年,牠們不管去哪都形影不離,0190,1728.2K,0107K,@littlecitymeme,Marco,@mtInd,我以為後面那隻是影子
2021-06-01_10-54-55_UTC.jpg,快給我拿來!
2021-06-02_04-20-42_UTC.jpg,看來牠找到自己的祖先了必,@littlecitymeme
2021-05-21_04-37-02_UTC_2.jpg,全面屍控全球第一末日生存策略手遊
2021-05-21_11-18-47_UTC.jpg,民,寶,寶,$
2021-05-22_04-36-54_UTC.jpg,Amari0,@selfcarepaq,我爸剛剛傳了這照片給我.,證明他還有頭髮,@littlecitymeme
2021-05-22_11-08-32_UTC.jpg,原來頸圈還可以這樣用,@littlecitymeme
2021-05-23_04-21-34_UTC.jpg,你花了多久看懂這張炤片 ?
2021-05-23_10-53-04_UTC.jpg,自從有人跟我說這個水龍頭,很像冰原歷險記裡面的那隻,松鼠後 就回不去了心,譯,@littlecitymeme
2021-05-24_04-47-13_UTC.jpg,起床手機零個訊息通知,因為完全沒有人在乎我,譯,@littlecitymeme
2021-05-24_12-00-53_UTC.jpg
2021-05-25_04-20-58_UTC.jpg,自從我開始把放在外面的垃圾打包成,"這種造型之後,我發現鄰居開始尊敬","我,除了會笑著向我打招呼,也會保持",音樂音量小聲以免吵到我.
2021-05-25_11-04-56_UTC.jpg,崖0)入丁-,@gakespoon,今天的晚餐是豆腐,花枝生魚片,白飯.牛奶.
2021-05-26_05-37-46_UTC.jpg,CryptoChimp,@Cryptanzee,加密貨幣交易者,上個禮拜,這個禮拜,100,@littlecitymeme,1,100
2021-05-26_11-15-04_UTC.jpg,傷心難過,破產,變胖,沒有朋友,完全沒做任何,能讓自己進步的事,還一直抱怨的我,譯: @littlecitymeme
2021-05-13_11-41-01_UTC.jpg,bobdto,by 7Zayin|展垚,odai by MatenoHnja,今天早上因為停電受困,禱告一小時後真的來電7,感謝主~禱告真的有用,5.652,2020/10/22
2021-05-14_04-32-25_UTC.jpg,女生: 哇那邊的風景好美喔,我們應該去拍張照片,男生:,譯,@littlecitymeme
2021-05-14_10-54-18_UTC.jpg,六,新北,台中,警網出動圍捕搶匪 防搶演練超逼真,11-14,39,12:21;22,宜蘭(.3,銀行保全,20-22,30%,你搶劫前也是要量一下額溫喔,田華視新問,疫情延燒 南加州加護病房病床可用率降至0%,12:20:38
2021-05-15_04-36-52_UTC.jpg,"""你假日有什麼計畫?""",我:,@littlecitymeme
2021-05-15_10-56-46_UTC.jpg,我在家,穿的拖鞋,樓上鄰居,穿的拖鞋,譯,@littlecitymeme
2021-05-16_11-19-23_UTC.jpg
2021-05-17_04-19-55_UTC.jpg,我朋友高中畢業時的格言, lfidiots could fly.,this place would,be an airport.,如果笨蛋可以飛,這個地方會變成一座機場,譯,@littlecitymeme
2021-05-18_05-03-25_UTC.jpg,一日為師終身為父,小明在已經病逝的老師墳前,和老師的子女爭起了遺產
2021-05-18_10-54-30_UTC.jpg,疫情很嚴重不要再_打電話問有沒有營業,了 低能兒 西海岸釣蝦場強-俱樂部-台中沙鹿,4.8,(470),$$,位於耋中的釣魚池,歇業時間,總覽,最新資訊,商品,評論,相片,關於,致電,進行即時通訊,規劃路線,網站,紅毛井
2021-05-19_04-27-42_UTC.jpg
2021-05-19_10-50-30_UTC.jpg,"寶貝,你愛我嗎",當然愛啊,如果你只有一百塊你會給我多少,九十塊,那有一干萬呢,還是九十塊,為什麼!,為我對你的愛從未變過
2021-05-20_10-55-07_UTC.jpg,CRICKR,@Erickajamon,我的貓竟然有了屬於牠自己,的公仔,@littlecitymeme
2021-05-06_04-40-29_UTC.jpg,有客人把男廁的牆打爆了,結果店員把它裱框變藝術品,Woglle,Aris| MnKnown,miwalrig`,1,譯,@littlecitymeme,Wosalinf9,2o|8
2021-05-06_10-56-53_UTC.jpg,RICARDo,@itsRiic,"我:""需要我的時候就打來""",也是我 :,譯,@littlecitymeme
2021-05-07_04-53-51_UTC.jpg,看成蟑螂差點嚇死,@littlecitymeme,33
2021-05-08_04-27-15_UTC.jpg,錯誤的搭訕用語,正確的搭訕用語,01!311,晦,晦
2021-05-08_10-50-12_UTC.jpg,我朋友想要幫他的女兒拍張,好看的炤片,9,結果...,@littlecitymeme
2021-05-09_06-24-44_UTC.jpg,當你第一次去健身房運動,不知道這些器材該怎麼用時,譯,@littlecitymeme
2021-05-09_11-52-25_UTC.jpg,Muntaha,@Muntaha,Nasir,開車載我的小雞去兜風,譯,@littlecitymeme
2021-05-10_05-00-52_UTC.jpg,就算你得到我的肉體也得不到我的心!
2021-05-10_12-34-48_UTC.jpg,Sir Brian of house Usore,@brian usore,為什麼你總是喜歡宅在家?,我 :,HETFLIX,@littl,men
2021-05-11_05-45-06_UTC.jpg,Iiposslsut,Clementoni,PU2zuEl,1803311
2021-05-11_11-04-43_UTC.jpg,jasonsto/8$88,我的貓非常的情緒化
2021-05-12_05-30-33_UTC.jpg,Chelsea Hodson,@ChelseaHodson,我腦中的想法,實際的成果,譯,@littlecitymeme
2021-05-12_11-05-39_UTC.jpg,按壓眉心可緩解焦慮壓力,股市交易者:,@entreprenewer
2021-04-27_04-32-38_UTC.jpg,@KennyNguyen09,亞洲家長會在你七歲時就逼你去讀,醫學院,9,然後等你終於當上醫生並,給他們有科學佐證的醫學建議時;,他們依然會聽信街坊鄰居給的偏方
2021-04-27_12-12-38_UTC.jpg,15小時,六律師見解真令八六開眼界啊,14小畦 讚 回覆,"4,872",6作者,你在說法院見解有,問題嗎?以為自己是法官,啊?,13小.畦,讚,覆,336,我還真的是,12小畦,讚回覆,"2,750"
2021-04-28_05-08-31_UTC.jpg,醫生:在痛的地方貼 ok繃就好,我:,譯,@littlecitymeme
2021-04-28_10-43-03_UTC.jpg,MLO,@yngdrip,一群互不認識的小孩在公園玩,各自的爸媽,@littlecitymeme
2021-04-29_04-27-11_UTC.jpg,做這種事應該要被抓去關,譯,Qlittlecitymeme,Happ/,birthda/,iPhone
2021-04-29_11-05-06_UTC.jpg,努力踏實|家不止步,甩功讀書,邁進,為了霞想,eiiin
2021-04-30_05-17-54_UTC.jpg,原本想養隻狗來幫我看門,結果...,譯,@littlecitymeme
2021-04-30_10-27-57_UTC_1.jpg,工作第一天,工作一年後,@littlecitymeme
2021-04-30_10-27-57_UTC_2.jpg,全新傳奇英雄 戴瑞,霸氣登場
2021-05-01_04-14-36_UTC.jpg,Kelly-Leigh Cooper,@kl_coop,不小心把貓糧灑出了一地,結果我的貓表情超有戲的
2021-05-02_10-43-52_UTC.jpg,一間商店老闆給了小鹿一些,"餅乾,結果30分鐘後牠帶著",全家大小回來店裡,澤,@littlecitymeme
2021-05-03_04-52-19_UTC.jpg,老年人,整數強迫,覺得你有趣,有求於你,哈哈哈哈哈哈哈哈哈哈哈哈哈哈,無言,敷衍,朋友,喜歡你,北七
2021-05-03_10-51-14_UTC.jpg,花了十幾天才找到我的 iPad,譯,@littlecitymeme
2021-05-04_11-04-22_UTC.jpg,Diogenes of Santa Cruz,@hoplitnet,我的貓咪原來是隻上古神獸,譯,@littlecitymeme
2021-04-18_05-10-38_UTC.jpg,下午9:06,把你微信裡的備胎刪了,好不好,好,你撤回了條消息 重新編輯,愛你,"消息已發出,但被對方拒收了."
2021-04-18_10-59-17_UTC.jpg,沒有人會發現的,@littlecitymeme
2021-04-19_04-48-09_UTC.jpg,到別人家拜訪,木,[啊真不好意思我家很亂],他們的家:,譯,@littlecitymeme
2021-04-19_11-46-13_UTC.jpg,幫媽媽一次把所有東西提進門之後,譯:好色龍
2021-04-20_11-17-19_UTC.jpg,*十個待辦事項已逾期,我:,譯,@littlecitymeme
2021-04-21_10-56-07_UTC.jpg,kanmikan825,鬆餅.,KoAT,午後7;28 . 2021年4月205,Twifter foriPhoni,1.3萬件0)')``+-|,110 件0引|用`+--
2021-04-22_04-27-08_UTC.jpg,@miszdim,沒有鄰居,沒有噪音,只有鳥鳴跟雨聲的陪伴,@littlecitymeme,K,@Unkle_K,這種房子就像電影裡,常有人會被殺掉的地方,King
2021-04-22_11-21-01_UTC.jpg,Aroui,@iamarqui,"""誰拿走我的...?!""""啊沒事找到了~""",譯,@littlecitymeme
2021-04-23_04-47-58_UTC.jpg,drion@,@ariesstfu,當我試著去安慰其他人,@littlecitvmeme
2021-04-23_11-41-01_UTC.jpg,"""你週末有什麼計畫嗎 ?""",我:,@littlecitymeme
2021-04-24_04-40-05_UTC.jpg,我狗狗的枕頭幾天前掉到樓下,"屋頂,看來它有了新主人了必",譯,@littlecitymeme
2021-04-24_11-55-22_UTC.jpg,*電視轉台*,老爸 : 我剛剛還在看耶 !,五秒前的他 :,810
2021-04-25_04-55-46_UTC.jpg,9,$你根本就沒有認真在看電影!,我 :我有啦~,譯,@littlecitymeme,%
2021-04-25_11-02-26_UTC.jpg,ralph,@httprlph,當你起床發現聊天群組裡,昨晚有人大吵了一架,譯,@littlecitymeme
2021-04-08_04-53-14_UTC.jpg,milf rights activist,@ RKGKNK,凌晨三點時,披在椅子上的,的我,那堆衣服,睪,@littlecitymeme
2021-04-08_12-10-18_UTC.jpg,我: 還好嗎,朋友:沒事,朋友當天的限時動態 :
2021-04-09_05-28-49_UTC.jpg,沒有女生會在,六塊腹肌 跟六間房子,之間選六塊肌的!,為什麼蛄輸和蝸#,只差-個殼,可筊庋就差那底多?,X 6,所以別去偉身],努力工作賺錢吧!,就跟女,有房跟-樣
2021-04-10_12-58-30_UTC.jpg,我:,欽你後面有個正妹,先不要往後看,我的朋友:,譯,@littlecitymeme
2021-04-11_05-00-29_UTC.jpg,m,@pxpimus,最討厭那些設鬧鐘叫不醒自己,卻吵醒其他人的小王八蛋,譯,@littlecitymeme,Sing
2021-04-11_11-51-57_UTC.jpg,真英雄,MPH,父親在救出小孩後返回火場救出了瀦肋排,F15,DADSAESKIDS THENRIBSROMHRE,譯,好色龍,Vance Amory,@Pharaoh Munk,他會先救小孩是因為肋排當時還沒熟
2021-04-12_05-26-00_UTC.jpg,當你被強拖出去玩,但最後卻玩得很開心,譯,@littlecityn me
2021-04-12_11-17-02_UTC.jpg,當你的手機正在充電時,譯,@littlecitymeme
2021-04-14_05-45-14_UTC.jpg,@cruisebaby_,"""當我想拍一張好看的炤片""",我的眼睛 :,譯,@littlecitymeme
2021-04-14_12-05-52_UTC.jpg,對雙胞胎跟另一對雙胞胎結婚後,各自又都生了一對雙胞胎,richie,@memerichie,我剛剛到底看了什麼?!,$,@li++le(i+imem
2021-04-15_05-01-55_UTC.jpg,因為我爸一直找不到 Google,瀏覽器,9,所以我幫他做了這個,@ittiecitymeme
2021-04-15_11-03-35_UTC.jpg,推主:,T下班後來買東西7_,twitter ozaitaku_ iyada
2021-04-16_11-17-41_UTC.jpg,Taylor Williams,@taywil|z4242,譯:,@littlecitymeme,Why So Accurate?,@whysoaccurateig,哇靠妳電梯也坐太久了吧
2021-04-17_05-26-44_UTC.jpg,26分鐘,為什麼當初可以劈成這樣?,這樣說好了,我就是公車,你就是那公車司機,不管經過多久站載過了多少人,最後開到終點站的,還是只有你
2021-03-29_05-09-45_UTC.jpg,當你跳過一個 Youlube廣告,6(,譯,@littlecitymeme
2021-03-29_12-32-17_UTC.jpg,"朋友:""工作",婚姻,"小孩""",我:,譯,@littlecitymeme,我要坐在沙發上;吃完整包,"零食,然後舒服的放個屁~"
2021-03-30_05-25-21_UTC.jpg,我告訴我叔叔有關修圖軟體的,事情.過了一週他傳給我這個,譯,@littlecitymeme
2021-03-31_05-06-31_UTC.jpg,"""就在短短的-箇月里.",我成功甩掉770公斤,o Ir
2021-03-31_14-37-48_UTC.jpg,"會說""我畫畫很爛""的兩種人",譯,@littlecitymeme
2021-04-01_05-08-47_UTC.jpg,猜猜看他做錯了什麼事必,譯,@littlecitymeme
2021-04-01_12-18-39_UTC.jpg,@highonthighs,跟我約會,優點:約會,缺點: 跟我,11:26 AM: 10 Feb 19,Twitterfor Android,23.7K Retweets,44.2K Likes,Jay
2021-04-02_05-40-53_UTC.jpg,一切都是角度問題,E,F,譯,@littlecitymeme
2021-04-03_05-14-52_UTC.jpg,edrio,@edrielnacario,當我意外點開了我不想回應的對話,11:14 AM,2021-03-27,Twitterfor Android,33K Retweets 1393 Quote Tweets 72.3K Likes
2021-04-03_11-32-33_UTC.jpg,工作第一天,一個禮拜後,譯,@littlecitymeme
2021-04-05_05-34-09_UTC.jpg,我對所有人事物的耐心,譯,@littlecitymeme
2021-04-05_11-22-19_UTC.jpg,老公,我知道我剛剛我說得有點過分7,抱歉,沒關係,不是你的問題,那就是你的問題囉,給我道歉!
2021-04-06_12-47-02_UTC.jpg,資訊量過大,我的駕駛技術,連我自己都怕,(55,這台姨子裡,0? 11 11$,有孩,給我裸照,顧好你自己的奶子,IF AKID,OUT,假如小孩掉出車外,叫,請按喇叭,好色龍,H0M,FALLS
2021-04-07_05-34-16_UTC.jpg,當你每天早上起床享受所有,焦慮煩惱襲來前的30秒,0,譯,@littlecitymeme
2021-03-19_06-36-10_UTC.jpg,"""我一點都不在意!""",3秒後的我:,譯,@littlecitymeme
2021-03-20_04-57-05_UTC.jpg,@imHoeless,當其他人,當我在睡覺時,在睡覺時的我,的其他人,@littlecitymeme
2021-03-20_12-39-43_UTC.jpg,我的好心情,譯:好色龍,芝麻綠豆大小的事
2021-03-21_04-36-45_UTC.jpg,當你正在等他回你訊息,但傳來訊息的卻不是那個人時,譯,@littlecitymeme
2021-03-21_11-26-16_UTC.jpg,我 :還有好多事情沒完成,也是我 :,譯,@littlecitymeme
2021-03-22_04-39-09_UTC.jpg,當有直升機飛過來時的我,10歲,40歲,譯,@littlecitymeme
2021-03-22_11-46-28_UTC.jpg,當你才剛打開作業就覺得累,@littlecitymeme
2021-03-23_04-17-50_UTC.jpg,我的直覺告訴我喝完這瓶,之後會有事情發生,SAl,to8,譯,@littlecitymeme,CMile
2021-03-23_12-00-09_UTC.jpg,pWoody,@PaigeWoodrum,我討厭懶惰的人.,honestabe,@HonestShuaib,為什麼?我們什麼事都沒做
2021-03-24_04-36-00_UTC.jpg,"""我太忙了",9,"沒有空出門""",很忙的我 :,譯,@littlecitymeme
2021-03-24_12-44-03_UTC.jpg,其它動畫裡,進擊的巨人,的打棒球,的打棒球,ecitymeme
2021-03-25_05-05-56_UTC.jpg,當你的好朋友請你幫忙佔位,譯,@littlecitymem
2021-03-25_12-11-29_UTC.jpg,我的天啊牠們是真的
2021-03-26_11-19-36_UTC.jpg,當小偷闖進你家想要,找你的錢放在哪,我陪你一起找,look with,Ou,譯,@littlecitymeme
2021-03-08_11-28-39_UTC.jpg
2021-03-09_04-47-55_UTC.jpg,05,南方澳凶宅,地12.4坪 建34.3坪,總價,350,萬
2021-03-09_11-26-03_UTC.jpg,@immanwrld,我 : 我瞇一下就好,四小時後的我:,譯,@littlecitymeme
2021-03-11_05-12-07_UTC.jpg,我只是想要剪個頭髮而己;,有必要搞得像登基樣嗎?
2021-03-12_04-19-03_UTC.jpg,童年回憶
2021-03-12_11-22-36_UTC.jpg,這些你絕對碰不得,他的狗,他的女兒,他的乘客,他的妹妹
2021-03-13_05-37-27_UTC.jpg,我: 假日我一定要大玩特玩,假日的我:,譯,@littlecitymeme
2021-03-13_11-47-40_UTC.jpg,"我:""正在洗碗盤""","其他人:""又拿來更多碗盤""",我:,@littlecitymeme
2021-03-14_04-40-43_UTC.jpg,@ViennaDoLL,當你在家進行線上面試時,翮譯推文,下+8:45,2021/1/10,Twitterforiphone
2021-03-14_11-08-16_UTC.jpg,送四個披薩來的外送員,6,江看來你要辦一個派對啊_,我:,@littlecitymeme
2021-03-16_04-55-50_UTC.jpg,南非銀行提供匪徒畫面 警方,表示 :無能為力.....
2021-03-16_11-46-01_UTC.jpg,Ctella,@melodyofsunset,我:好怕明天的考試考砸喔,也是我:,譯,@littlecitymeme
2021-03-17_04-35-58_UTC.jpg,人家出,生時含,的湯匙,你出生,時含的,湯匙
2021-03-18_05-37-31_UTC.jpg,林志宏,-在南紡購物中心,4天,台南市,台南彌豆子
2021-02-27_04-34-41_UTC.jpg,laswsv,@lysandrefrgt,如何開始 :,如何結束:,譯,olittlecitymeme
2021-02-27_11-53-47_UTC.jpg,像這種要求 我這輩子沒見過
2021-02-28_05-22-43_UTC.jpg,ChampagneJuJu,@ habashy15,這間 Airbnb租到的房子,可以看到金字塔的景色,真的是太狂了,olittlecity meme
2021-03-01_04-36-31_UTC.jpg,Lea,@LegendaryLeaTV,根據我多年玩遊戲的經驗,那堆石頭背後一定有什麼東西,譯,@littlecitymeme
2021-03-01_12-27-43_UTC.jpg,當你想要保持健康的體態,但你心中的惡魔卻在誘惑你,T,planet fibress,(健身房),譯,@littlecitymeme
2021-03-02_11-23-59_UTC.jpg,Coop,@PirateCoop,當你有散光卻還在晚上開車,譯,@littlecitymeme
2021-03-03_04-34-58_UTC.jpg,當時我還太年輕所以不懂,譯,@littlecitymeme
2021-03-03_11-22-31_UTC.jpg,當你不想讓人偷吃你的食物,譯,@littlecitymeme
2021-03-04_04-13-30_UTC.jpg,"當女朋友正在生氣時""",我:我買了宵夜.要吃嗎?,女朋友:,@littlecitymeme
2021-03-05_04-49-12_UTC.jpg,邱彥瑜,新:路上觀察學院,17小|時,未成年跟成年一樣貴,(玉米,50元|,葉廷皓,不就是蘿莉 Corn,17小].時,讚,回覆,"3,505"
2021-03-05_11-37-35_UTC.jpg,not kevin,@uhnotkevin,幫我的狗狗們烤了吐司,但牠們看起來不是很開心,Translate Tweet,譯,@littlecitymeme
2021-03-06_04-52-22_UTC.jpg,AM,@relagz,沒有人:,8歲時的我 :,譯,@littlecitmeme
2021-03-07_05-16-00_UTC.jpg,麥當勞員工旅遊,@littlecitymeme
2021-03-07_14-47-38_UTC.jpg,聊聊颱風吧?,聊聊雄三飛彈吧?,今日(月3日),Aip,學生嗎?,07:06,(;^/.0)7,App,想賺零用錢嗎???,07 07,(`` {}7,App,那就去工作啊幹,0711,"對方離開了,請按離開按鈕回到首頁"
2021-02-18_11-33-09_UTC.jpg,l,"老實跟我說.我不會生氣的""",譯,@littlecitymeme,o
2021-02-19_05-19-20_UTC.jpg,當你聽著某人說謊而你早就,知道實情的時候,@littlecitymeme
2021-02-19_13-15-13_UTC.jpg,我:(傳訊息),"晦,妳好嗎?",喜歡的人:(8小時後)晦.,我:,譯,@littlecitymeme
2021-02-20_05-21-58_UTC.jpg,"""片不可能聞到味道""",我:,譯,@littlecitymeme
2021-02-20_12-40-57_UTC.jpg,當你在白天看完電影,之後離開電影院,譯,@littlecitymeme
2021-02-21_04-46-13_UTC.jpg,當有人在你住了-輩子的,地方向你問路時,譯,@littlecitymeme
2021-02-21_13-06-56_UTC.jpg,女生:我已經給他這麼多訊號,為什麼他還不約我呢?,她給的訊號:,B|,譯,@littlecitymeme
2021-02-22_05-48-05_UTC.jpg,當陽光在剛好的角度照射在,平板螢幕上時,譯,@littlecity neme
2021-02-22_12-47-53_UTC.jpg,@Mimiri0726,發薪日,十天之後,譯,@littlecitymeme
2021-02-23_05-01-28_UTC.jpg,當過去的我看著自己犯下同樣的錯誤,譯:好色龍
2021-02-23_14-06-03_UTC.jpg,在腦中構思,真的跟人,吵架策略的我,吵架時的我,譯,@littlecitymeme
2021-02-24_04-45-05_UTC.jpg,用滑鼠操作,複製&貼上,Ctr(+(,&,Ctr[+|,Ctrt+CCCCC,&,Ctr[+|,譯,@little,tymeme
2021-02-25_05-15-19_UTC.jpg,"""期末考週""",平常懃課的同學,譯,@littlecitymeme
2021-02-25_13-00-06_UTC.jpg,父母: 你該成熟一點了!,我:,譯,@littlecitymeme
2021-02-09_12-13-44_UTC.jpg,"當你終於能躺在床上休息時""",鄰居家的狗 :,譯,@littlecitymeme,皿,testingonetwo woofwoof
2021-02-10_04-22-20_UTC.jpg,沒有燒烤痕嗎?交給我吧,譯,@littlecitymeme
2021-02-10_12-22-14_UTC.jpg,當我試著掌握自己的生活,譯,@littlecitymeme
2021-02-11_06-29-07_UTC.jpg,有人能幫我把我的車子從,雪裡鏟出來嗎...,譯,@littlecitymeme
2021-02-12_04-30-08_UTC.jpg,"""感情狀態改成單身""",她的私人訊息 :,譯,@littlecitymeme
2021-02-12_12-52-16_UTC.jpg,一整天無所事事後睡著的我,譯,@littlecitymeme
2021-02-13_05-24-49_UTC.jpg,快樂總是短暫的,2,olittlecitymeme,UNC,"iRA5"""
2021-02-13_12-27-49_UTC.jpg,清潔員的休息時間,譯,@littlecitymeme
2021-02-14_05-46-16_UTC.jpg,拜完年後離開阿嬤家的我
2021-02-14_13-25-50_UTC.jpg,Lemar,@Atksufi,當我看著自己過去玩得,很開心的影片,譯 @littlecitymeme
2021-02-15_05-11-02_UTC.jpg,早上:好想睡覺,下午,真的超級想睡覺,晚上,睡不著,譯,@littlecitymeme
2021-02-15_12-48-10_UTC.jpg,當別人問我最近過得如何,"一切都還行""",譯,@littlecitymeme
2021-02-17_06-13-56_UTC.jpg,下雨的時候,外向的人,內向的人,譯: olittlecitymeme
2021-02-17_11-09-48_UTC.jpg,當你應該要起床去上學,但你只是這樣坐著20分鐘,Qlittlecitymeme
2021-02-01_12-00-12_UTC.jpg,睡在這裡三個晚上就能拿到,1500萬美金: 你願意嗎 ?,譯,@littlecitymeme
2021-02-02_05-52-35_UTC.jpg,"""公車移動""",車上的乘客,譯,@littlecitymeme
2021-02-02_11-22-31_UTC.jpg,@r1ndie,你們有曾經肚子痛到變成,這樣坐著嗎 ?,@littlecitymeme
2021-02-03_04-51-40_UTC.jpg,突然覺得擺盤也很重要,@littlecitymems
2021-02-03_12-01-12_UTC.jpg,chlo,@oldirtyfuckaroo,他的穿著都會跟飲料搭配,譯,@littlecitymeme,LT@r,ntcrin,1
2021-02-04_05-11-05_UTC.jpg,老師 :這次考試不會很複雜,這次的考試:,譯,@littlecitymeme
2021-02-04_12-10-20_UTC.jpg,(,iMessage,今天 下+1:21,陳先生您好.快遞放在你們家門口,的地墊下面+敬請查收%,Io,18$5308
2021-02-05_04-24-56_UTC.jpg,Mickey,@mmiicckkeeyyy1,當你發現你的家人趁你不在,的時候跑去吃好料,譯: @littlecitymeme
2021-02-05_12-35-22_UTC.jpg,譯,好色龍,怪獸電力公司是,20年前的電影
2021-02-06_05-16-18_UTC.jpg,"""你好,我是來參加面試的.""","""太好了,請問你有什麼經驗 ?""","""這是我第20次的面試...""",譯,@littlecitymeme
2021-02-06_12-10-05_UTC.jpg,大家都在談戀愛拚事業,而我卻只是這樣坐著,Olittlecitymeme
2021-02-07_10-55-41_UTC.jpg,當你偷拿了東西放到購物車,希望爸媽不會發現時,40,譯,@littlecitymeme
2021-02-08_05-33-22_UTC.jpg,我希望自己能像他相信他的,椅子一樣去相信其他人,譯,@littlecitymeme,leric
2021-02-08_12-09-13_UTC.jpg,如何在活屍末日中保護,你的房子,譯,@littlecitymeme
2021-01-25_11-54-30_UTC.jpg,每次當我看到監視器時,31-/1N,@littlecitymeme
2021-01-26_05-13-07_UTC.jpg,為什麼老闆永遠不會把話說清楚?,查看全部32個回答,+9 邀請回答,心 寫回答,尚萬強,十追蹤,起點 (我真的不是坑王),跟你說的太清楚.你照著做'萬一出錯7,那問題該算誰的呢?
2021-01-26_11-17-26_UTC_1.jpg,這座波蘭的雕像在下雪時,會變成星際大戰的黑武土,譯,@littlecitymeme
2021-01-26_11-17-26_UTC_2.jpg
2021-01-27_04-15-33_UTC.jpg,我賺錢的速度,我花錢的速度,譯,@littlecitymeme
2021-01-27_11-41-25_UTC.jpg,S,譯,@littlecitymeme,我人生第一個錯誤,就是在這裡跑贏了
2021-01-28_05-50-31_UTC.jpg,史上最危險的遊戲就是關掉,鬧鐘後,[讓眼睛再放鬆-下],@littlecitymeme
2021-01-28_11-40-57_UTC.jpg,你年紀都那麼大了'怎麼還不,結婚?,"媽,不要擔心啦",總會一個人在,等我,閻羅王嗎?
2021-01-29_04-21-44_UTC.jpg,這台電梯要帶我去哪裡?!,^bud,譯,@littlecitymeme
2021-01-29_11-35-21_UTC.jpg,試著要無違和融入團體的我,譯,@littlecitymeme
2021-01-30_04-48-48_UTC.jpg,crim,@crimsonfarina,我的狗把毛毯咬破一個洞,然後把自己弄成這樣...,譯,@littlecitymeme
2021-01-30_10-56-59_UTC.jpg,現代手遊的誕生過程,宣傳,設計,製作,測試,發行
2021-01-31_04-40-45_UTC.jpg,確認上禮拜吃的沙拉是否,發生作用的我,@littlecitymeme
2021-01-31_11-24-15_UTC.jpg,真是傑出的一手,Im,0%,@littlecitymeme,3355,01123',inferel
2021-01-18_04-30-35_UTC.jpg,如果我在今年因意外而漂流,到荒島上,譯,@littlecitymeme,SEND EI,(不要派人救我 !
2021-01-18_10-39-39_UTC.jpg,"答;案""正:確:的:在:(",6_,40 (,54+8,22 (~),72+20,66,72 ( 7),11+55,38,79 (`),33+5,5,35 (`<_),45+7,90,66 ( V ),10+80,45,40 (>~),32+8,14,92,(`),30+44,2 2,0,52,6+16,79,90,9+70,45,174,38+7,71,V,62+17,.79 (,學習提醒,本頁雖然是學過的加法,但因為連線較為複雜'建議不要評分只嘗做課後遊戲諒習,5T
2021-01-19_04-28-21_UTC.jpg,當你正在剪頭髮然後開始,覺得鼻子癢癢時,譯,@littlecitymeme
2021-01-19_11-02-30_UTC.jpg,當我第十次假裝要丟球球,給我的狗時,Mess with labbo you,the stabbo,譯,@littlecitymeme,get
2021-01-20_04-17-41_UTC.jpg,"當你問她要吃什麼,但她卻說",T隨便啦_,9,於是你只好用科,學的方法去找出她到底要什麼,@littlecitymeme
2021-01-20_11-30-01_UTC.jpg,當你發現考試剩下一分鐘時,@littlecitymeme
2021-01-21_04-38-10_UTC.jpg,大貨車司機看起來的樣子,丘,譯,@littlecitymeme,川o
2021-01-21_11-55-23_UTC.jpg,(想玩個遊戲嗎?),orPigin[,Skittles,Reeses,putter
2021-01-22_04-50-55_UTC.jpg,放學回家進房間看到這個,以為我媽買了 MacBook給我...,譯,@littlecitymens
2021-01-22_11-55-14_UTC.jpg,當你還有好多道菜沒吃,但你已經吃飽時,G,睪,@littlecitymeme
2021-01-23_04-39-00_UTC.jpg,Zi,@itsszils,為什麼男生都只對女生好,不超過三個禮拜勒必,Rambo,@merabichrayaar,因為免費體驗版結束了
2021-01-23_11-21-07_UTC.jpg,陶學威聾,2小時,"如果我才九歲,我還可以再瘋幾年",可惜我已經六年級了,要懂得人情世故,不能在做一些沒有意義的事7,山叫
2021-01-24_04-13-15_UTC.jpg,"""食物會給你能量""",吃飽後的我:,譯,@littlecitymeme
2021-01-24_11-47-53_UTC.jpg,先將麵包洗一洗才會乾淨,13| 125,1日 hnufs auo,15|,]!4,SharE,Loiinlnad,Salie
2021-01-10_12-15-16_UTC.jpg,當你大便完不沖水坐在馬桶上,又滑了-個多小時的手機時,你的便便看著你屁股的樣子,譯,@littlecitymeme
2021-01-11_05-12-19_UTC.jpg,Alex B. Simping,@curvegodalex,我今天應該就會被炒了吧廠,Qfttlecitymeme,PHEP,PilHf
2021-01-11_12-00-16_UTC.jpg,當你已經輸入好幾次了,但手機又自動修正變別的字,譯,littlecitymeme
2021-01-12_04-29-36_UTC.jpg,當你不需要為了吃住而煩惱,譯,@littlecitymeme
2021-01-12_11-25-50_UTC.jpg,阿嬤加油,讚,留言,分享,你阿嬤參加仃麼比賽?,13分鐘,讚,回覆,她在加護病房,13分鐘,讚回覆,抱歉,12分鐘,讚,回覆
2021-01-13_04-38-46_UTC.jpg,有誰玩撞球的手遊可以像他,一樣認真必必,譯,@littlecitymeme
2021-01-13_10-32-36_UTC.jpg,什麼事情會阻止你跟你的,搭檔這樣做 ?,譯,@littlecitymeme,Ariam,@iambrattyb,常識,0
2021-01-14_04-50-21_UTC.jpg,老公要求要陪產'結果自己卻在,"過程中昏倒了,於是老婆自己拿",相機來自拍打算之後給老公看,譯,@litt meme
2021-01-14_10-47-18_UTC.jpg,等到心情好才打算跟其他人,互動的我,譯,@littlecitymeme
2021-01-15_04-39-17_UTC.jpg,當你終於打掃完整間房子,譯,@littlecitymeme
2021-01-15_11-29-00_UTC.jpg,"""別擔心'大海中還有許多魚","在等著你""",其他的魚,十,我,海洋
2021-01-16_04-21-56_UTC.jpg
2021-01-17_05-58-02_UTC.jpg,大家看到幾種顏色? 我看到三種,譯,@littlecitymeme,Memes,@memes4the2o00s,看到三種的應該是色盲吧...
2021-01-01_11-14-36_UTC.jpg,花了好幾億,在廣告費用上的公司,不! ! ! ! !,我,Skip Ad,(跳過廣告),譯,@littlecitymeme
2021-01-02_05-31-05_UTC.jpg,你衣服裡面塞的是什麼?,你他媽我問你衣服裡面塞的是什麼???
2021-01-02_12-06-20_UTC.jpg,跟我的男友說我幫他,做了一個漢堡當禮物,譯,@littlecitymeme
2021-01-04_04-58-10_UTC.jpg,暴食,色慾,憤怒,怠惰,嫉妒,貪婪,Tsou,facebookcom/translatedbytonytsou,傲慢,柴犬,七宗罪,Tony
2021-01-04_11-01-17_UTC.jpg,The Sarcastic Jerk,@The Sarcastic_J,規定就是規定,社交距離跟,量體溫都要嚴格執行~,譯,@littlecitymeme
2021-01-05_04-53-30_UTC.jpg,(如何睡個好覺,9,這本書真的太厲害了必,譯,@littlecitymeme,三
2021-01-05_11-06-37_UTC.jpg,"男生把臉埋在女生胸部窒息而亡,算自殺還",是他殺?,查看全部44個回答,邀請回答,口 寫回答,人體醫學教授,追蹤,我太六一天矻,安樂死
2021-01-06_11-27-53_UTC.jpg,比薩斜塔為何是斜的 :,;,iStock,丑,迂,互,Itymeme
2021-01-07_04-28-31_UTC.jpg,看成蟑螂差點嚇死,@littlecitymeme
2021-01-07_10-56-01_UTC.jpg,來自日本的電子工程師,製作出可攜式的 PS4,@littlecitymeme
2021-01-08_04-30-25_UTC.jpg,我今天網路用得夠多了...,Ioly,Waten,@liftlecit meme
2021-01-08_10-52-13_UTC.jpg,交換禮物收過最,爛的東西是什麼,靠北工程師,661,531則留言,42次分享,叼 讚,留言,分享,頭號扮絲,柯南漫畫,但是第一頁犯人就被圈出來了,讚回覆,457
2021-01-09_06-01-59_UTC.jpg,蓋上毯子時,的我,毯子拿開時,的我,littlecitwmeme
2021-01-09_13-32-23_UTC.jpg,動畫裡的眼睛,動畫裡的鼻子
2020-12-23_11-59-53_UTC.jpg,有客人把男廁的牆打爆了,結果店員把牠裱框變藝術品,Woglle,Aris| MnKnown,譯,@littlecitymeme,Wosalini9,2ol8
2020-12-24_04-37-19_UTC.jpg,麥當勞,20塊雞塊是四人份,我:,譯,@littlecitymeme
2020-12-25_04-41-02_UTC.jpg,如何讓我整天都開心,譯,@littlecitymeme,我以為那是一束大蒜
2020-12-25_10-27-34_UTC.jpg,當你沒錢卻也想過聖誕節時,@littlecitymeme
2020-12-26_05-15-43_UTC.jpg,2020一整年給我的感覺,19,COVID
2020-12-26_10-47-46_UTC.jpg,當你女朋友終於把她的屁股,從你的手臂上移開,譯,@littlecitymeme
2020-12-27_05-18-15_UTC.jpg,不太確定哪件事我應該感到震驚,是這場車禍,還是發現外婆竟然,還在車裡,還是外公穿的褲子,譯,@littlecitymeme
2020-12-28_04-42-01_UTC.jpg,我只是想轉個彎而已,旦尸,轉 輛,oitteciymeme
2020-12-28_11-15-25_UTC.jpg,我不想要男),我只要一隻 DJUNGELSKOG,DJUNGELSKoG,/25,DJUNGELSKoG,/25,譯,@littlecitymeme
2020-12-29_05-19-45_UTC.jpg,有女朋友時,單身後,譯,@littlecitymeme,Sanjay,他把他女朋友賣了 ?,Now 22 at 2:57 AM/,Like,Reply
2020-12-30_05-15-28_UTC.jpg,blades,@k_olyvia,我幫男友照的,VS,男友幫我照的,譯,@littlecitymeme
2020-12-30_11-01-53_UTC.jpg,Max Miller,@RuinMyWeek,我只是出城幾天處理事情,口來發現我的狗坐成這樣,好像有什麼事想跟我談談,譯: @littlecitymeme
2020-12-31_10-58-18_UTC_1.jpg,這隻貓讓雕像看起來像貓王
2020-12-31_10-58-18_UTC_2.jpg
2020-12-14_05-08-05_UTC.jpg,我目前的狀況...,聖誕節前,要完成的工作,已完成的部分,譯,Qlittlecitymeme
2020-12-15_04-34-25_UTC.jpg,Cap,@JMcFly18,這姿勢感覺很不舒服,譯,@littlecitymeme
2020-12-15_11-36-56_UTC.jpg,到底是誰設計的之
2020-12-16_05-20-56_UTC.jpg,當我試著去修補,剛崩潰完的心靈,譯,@littlecitymeme
2020-12-16_11-13-26_UTC.jpg,今天有個傢伙選擇在最糟糕,的地方違規迴轉,譯,@littlecitymeme,ilio
2020-12-17_04-39-01_UTC.jpg,6),2. 1,=,;*,兀,;-,4',Thicc and Tired,@flygeriangirl_,真的無法想像我曾經可以,算出答案...,譯: @littlecitymeme,3+叫`,In9,"""",[=+4|=,5-1}1
2020-12-17_11-08-19_UTC.jpg,沒關係蝦子,你們吃就好,謝謝你我最,喜歡吃蝦子
2020-12-18_04-40-20_UTC.jpg,當你剛搬進去新買的房子,結果鄰居說這是棟凶宅,譯,@littlecitymeme
2020-12-19_04-40-38_UTC.jpg,這隻海鷗真的酷斃了,譯,@littlecitymeme
2020-12-19_12-07-35_UTC.jpg,當你問了爸媽一個問題,結果他們開始對你說教,譯,@littlecitymeme
2020-12-20_04-29-48_UTC.jpg,Sneaker News,女版的 Hike Air MaxFF72o,將在這個月發行!,譯,@littlecitymeme,R,@RuvaMaps,所以這不是熨斗?
2020-12-20_10-34-38_UTC.jpg,Matt Goodman @mattg12699,在我爸過世的六年前,他給了我姐這,"張10美金的鈔票,要在我21歲生日",時請我喝第一杯啤酒,老爸這杯是獻,"給你的,乾杯!",{11`;1111;1111`,Nopk,1052141037,譯,@littlecitymeme,621+9051
2020-12-21_04-23-47_UTC.jpg,醫生:在痛的地方貼 ok繃就好,我:,譯,@littlecitymeme
2020-12-22_04-43-12_UTC.jpg,*只是去洗澡十分鐘沒回訊息*,女友: 希望另一個她能像我對你一樣好,我:,@littlecitymeme
2020-12-06_05-20-01_UTC.jpg,傳給我爸一張偷吃他蛋糕的,"照片,結果他竟然就把泳箱",鎖起來7? ! ? !,@littecitymome
2020-12-06_11-49-00_UTC.jpg,當你窮到買不起聖誕樹時
2020-12-07_04-34-08_UTC.jpg,greg,@norfsidegreg,在沒有斷水跟弄丟的情況下,把筆寫到沒墨水了,譯: @littlecitymeme
2020-12-07_12-12-35_UTC.jpg,這間宿舍的設計不但很酷,還保有學生隱私性,譯,@littlecitymeme
2020-12-08_05-06-20_UTC.jpg,Maryam,@MaryamAjmal25,猜猜這是哪裡?,乙-,@choti chingari,Window XP?,譯,@littlecitymeme
2020-12-09_04-35-42_UTC.jpg,我 :如果我喝醉你要顧我喔,我的朋友,譯,@littlecitymeme
2020-12-09_11-16-41_UTC.jpg,他們終於找到彼此了必
2020-12-10_04-39-09_UTC.jpg,惹不起的女友,有趣,8月]26日 00:18,前幾天跟女友提早過七夕,一起去飯店吃buffet,為了吃回本,我們撐得跟赭一樣,回家的路二我就想調侃她下,"我:哇,你這肚子這麼大,幾個月啦?","女友:乾你屁事,又不是你的",Bcard
2020-12-10_12-24-40_UTC.jpg,alee,@Teali,你以為報告完成的樣子,報告真的完成的樣子,叫,W,FINAL FIHHL,Final,FIHHL DRHFT,Lraft dout,vZo fij.dout,譯,@littlecitymeme
2020-12-11_04-27-13_UTC.jpg,當你只能眼睜睜的看著你的,女友跟另一個男人親熱,5,因,為那是她的老公時,@littlecitymeme
2020-12-11_13-24-48_UTC.jpg,當你放完屁後,發現褲子變重了,譯,@littlecitymeme
2020-12-12_06-22-33_UTC.jpg,當你們已經沒話題聊,的時候,譯 : @littlecitymeme,Piu
2020-12-12_11-28-55_UTC.jpg,這個設計師真有才,@littlecitymeme製
2020-12-13_04-53-46_UTC.jpg,何夫/,44分鐘,今天是我的生日,也是我結婚一週年,我的老公告訴我他下愛我7,b讚,留言,分享,38,何葆旦,我根本不是這樣說的好嗎,34分鐘,讚,回覆,何夫/,那你說說你是怎麼說的,31分鐘,讚,回覆,何葆旦,我說我沒辦法買 iPhone給你,28分鐘,讚,何夫/,不就一樣意思嗎,28分鐘讚,回
2020-11-28_10-41-11_UTC.jpg,"""潤髮乳僅需硬幣大小的量""",有自然捲的人:,譯: @littlecitymeme
2020-11-29_08-27-57_UTC.jpg,當你身邊的人都在討論政經,"趨勢,而你這幾年唯一有研",究的只有迷因,譯,@littlecitymeme
2020-11-30_05-10-55_UTC.jpg,當你回到家跟你養的狗看到,對方時:,@littlecitymeme
2020-11-30_11-16-00_UTC.jpg,Ron Perlman,@perlmutations,好啦我知道我長得像這隻貓,不要再傳這張照片給我了,譯,@littlecitymeme
2020-12-01_04-52-35_UTC.jpg,她現在看起來不 HAPPY了
2020-12-01_11-23-30_UTC.jpg,才`力,開注,@Tired_ Nova,自我管理能力
2020-12-02_04-33-50_UTC.jpg,"""鎖上車門三秒鐘後""",我:我剛剛有鎖車門嗎?,我的大腦,@littlecitymeme
2020-12-02_11-18-56_UTC.jpg,eRICKA,@Erickajamon,我的貓竟然有了屬於牠自己,的公仔,@littlecitymeme
2020-12-03_04-33-06_UTC.jpg,長頸鹿,誰來幫我抓背.,影片獎第名>
2020-12-03_11-07-37_UTC.jpg,當你的客戶問你能不能算他,便宜一點時 :,譯,@littlecitymeme
2020-12-04_04-28-39_UTC.jpg,"""26歲的電鍋都比我25歲的","兒子有用""一亞洲老媽,2020",Yiiid Sharohhuddin,14119=1119,"""26 years old rice cookeris more useful than","my 25 years old son""",Asian mom 2o2o
2020-12-04_10-44-59_UTC.jpg,當你想要在烤肉中找到好位,子的時候:,譯: @littlecitymeme
2020-12-05_05-17-08_UTC.jpg,當你終於把卡在牙縫裡,整天的菜渣弄出來時
2020-11-17_04-15-37_UTC.jpg,Fermat's Library,@fermatslibrary,告訴大家一個 Pizza冷知識 :,一個18吋的披薩比兩個12吋,的 Pizza還要多 Pizza,Area,=7(18/2)*,= 254 in?,Area,27(12/2)',= 226 in?,@littlecitymeme
2020-11-18_06-08-51_UTC.jpg,自從有人跟我說這個水龍頭,很像冰原歷險記裡面的那隻,松鼠後 就回不去了,譯: @littlecitymeme
2020-11-18_10-59-21_UTC.jpg,1989的小丑,丟進化學藥劑裡,2019的小丑,丟進現實社會裡,@littlecitymeme
2020-11-19_04-21-57_UTC.jpg,一間商店老闆給了小鹿一些,"餅乾,結果30分鐘後牠帶著",全家大小回來店裡,譯,@littlecitymeme
2020-11-19_11-13-36_UTC.jpg,還在想說她的腳怎麼了,才發現原來...,譯,@littlecitymeme
2020-11-20_11-05-10_UTC.jpg,Nature,@naturevirals,5d,這對豹情侶已經在一起4年,牠們不管去哪都形影不離,190,1728.2K,107|<,olittlecitymeme,Marco,@mtInd,我以為後面那隻是影子
2020-11-21_05-19-56_UTC.jpg,我總是很訝異為什麼貓能夠,在看起來這麼不舒服的地方,躺得很舒服的樣子,譯,@littlecitymeme
2020-11-21_11-32-04_UTC.jpg,您好,可以問一下電腦價格嗎,請說,我想組一台兩萬的電腦請問要花多少?,大概兩萬左右,好的謝謝,不客氣
2020-11-22_10-50-54_UTC.jpg,因為牠很討厭我們在牠出去的,時候把門給關上;所以牠現在,出去時都會把屁股卡在門內,譯,@littlecitymeme
2020-11-23_04-36-08_UTC.jpg,好奇這隻松鼠在煩惱什麼,譯,@littlecitymeme
2020-11-23_10-30-34_UTC.jpg,想要做一下仰臥起坐的我,譯,@littlecitymeme,oo
2020-11-24_04-39-10_UTC.jpg,John Bermudes,@dillp671,要來點麵包嘛,@littlecitymeme
2020-11-24_10-28-53_UTC.jpg,Kimya Qee,@kimyaqee2,原本只有一隻氣喋嘆的小貓,現在牠們變成一整群了,譯,@littlecitymeme
2020-11-25_04-55-08_UTC.jpg,2019,2020
2020-11-08_04-41-37_UTC.jpg,夜月@1入寸L衣裝屋芒卜,@00_yazuki,不管我怎麼看我新買的電鍋,它都看起來超像鋼鐵/,@littlecitymeme
2020-11-08_10-59-08_UTC.jpg,當 2040的歷史課學生,學習 2020 年發生的大事件時,譯,@littlecitymeme
2020-11-09_04-54-04_UTC.jpg,他們: 你不可能用一張炤片,就讓我感到焦慮,我:,譯: @littlecitymeme
2020-11-10_04-27-15_UTC.jpg,白宮的 Wifi密碼是多少啊,@littlecitymeme
2020-11-10_10-34-24_UTC.jpg,當你恐怖遊戲玩到一半,發現牠開始自動存檔,Isoftly] [輕聲說],Don't.,不...不要.,@lidecitymeme
2020-11-11_05-20-00_UTC.jpg,當你家人幫你買了生日蛋糕,卻還是要消遣你一下時,_7,譯,@littlecitymeme
2020-11-11_10-50-41_UTC.jpg,這是一張我的狗跟布魯托的,合炤,牠看起來超興奮的,譯,@littlecitymeme
2020-11-12_10-41-51_UTC.jpg,"你看炭治郎就是階級複製8+9,老爸瘦的跟猴子樣",娶了個靠北正的,"老婆,家裡沒什麼錢又生一堆小孩",也不怎麼工作,最會的事情就是,跳給神明看的舞,媽的一摸一樣啊,208,51則留言
2020-11-13_05-14-14_UTC.jpg,當有人上完廁所沒洗手,就用手碰你的時候,譯,@littlecitymeme
2020-11-13_10-54-55_UTC.jpg,@Gracie oguns,"""你在哭嗎?""",我:才沒有,"""看著我""",我:,@symplyse,9h,Bomboclaat
2020-11-14_04-31-52_UTC.jpg,"寶貝,繫好安全帶",我們準備回家囉,1+014`,olittlecitymeme,d7f5
2020-11-14_11-50-31_UTC.jpg,"當你被老師換位子,因為你",跟你的麻吉玩得太開心
2020-11-15_04-51-55_UTC.jpg,今年最佳車牌號碼得主 !,Zu2olTF,譯,@littlecitymeme
2020-11-15_11-33-14_UTC.jpg,這間公司發明了迷宮床架,讓貓咪能夠在飼主睡覺時,也能在床下玩不會吵人,譯,@littlecitymeme
2020-10-30_10-35-50_UTC.jpg,現在的小孩永遠沒辦法體會,以前只是為了要打個字母就,要按三次按鈕,o,3,6,0,譯,@littlecitymeme,2l6,53,8+,#巾0
2020-10-31_10-45-51_UTC_1.jpg,做出這個的應該得到萬聖節,南瓜冠軍!,譯: @littlecitymeme
2020-10-31_10-45-51_UTC_2.jpg
2020-11-01_05-10-06_UTC.jpg,左圖,電影開演前,右圖,6,電影開演前,@littlecitymeme
2020-11-01_10-57-07_UTC.jpg
2020-11-02_10-48-02_UTC.jpg,月初時的我,月底時的我,tii, CN,8,呂,%,譯,@littlecitymeme,oo0l,|000,Toi,ooo,;
2020-11-03_05-34-16_UTC.jpg,查看個人檔案,2016年9月]24日 下+1:45,妳好我叫,25歲,目前單身在找女朋友,請問可以認識妳嗎?,2016年9月27日 下午1:40,妳好能認識妳嗎 ?,9月29日 上午6:08,沒想到一轉眼我就29歲7,而且還是單身!,請問妳還在嗎,如果回覆,也能夠與你通話,並查看你的上線狀,患和訊息讀取時間等資訊
2020-11-03_10-47-05_UTC.jpg,真是美妙的轉變過程,修但幾勒
2020-11-04_12-14-01_UTC.jpg,FAREEDL,PARROT,我內心想說的 Vs 我說出來的,我沒事啦~,olittlecitymeme
2020-11-05_05-37-13_UTC.jpg,3,@Try2ShootUsDown,叫外送點了一個夏威夷披薩,結果.,UI/,Couldn+ brin^g,Tnil,Cn,+,*1[3-.=,+0,on i+,=0/~:,我不能忍受自己把鳳梨放在,"披薩上,因為真的太噁了",olittlecitymeme,( ouldn+,oiino,Piicoffie,PU+,MStlt,PieoPit,9ros$.,TnaK
2020-11-05_11-14-08_UTC.jpg,LarryJohnson,@cause4conceit,這傢伙竟然開一台車,排隊等投票,mele
2020-11-06_05-52-34_UTC.jpg,當你上課被點名回答問題時
2020-11-06_10-46-20_UTC.jpg,WIN10係統:檔案已儲存,我: 檔案存到哪裡?,WIN10係統:,olittlecit ime
2020-11-07_04-57-20_UTC.jpg,乙乙,@derick123zz,如果你去嘲笑一個人的處境,那你未來也會跟他一樣,@persianthoughtz,比爾蓋茲哈哈哈,比爾蓋茨是億萬富翁哈哈!,譯: @littlecitymeme
2021-03-08_04-42-17_UTC.jpg,我真的好想妳,7.01/1,嫁給我?,3:59 PM,"沒事了,我剛尻完一槍了,妳現在什麼",都不是了,6:14 PM
2021-03-18_11-34-59_UTC.jpg,多久才發現照片其實只有一個人,1
2021-03-28_11-41-34_UTC.jpg,當你哥哥把巧克力剝兩塊,然後給你比較大的那塊時,譯,@littlecitymeme,rafie
2021-04-07_12-14-34_UTC.jpg,裡面原本是一張床.,譯,@littlecitymeme
2021-04-17_11-55-47_UTC.jpg,抱起狗勾,抱起貓貓
2021-04-26_04-22-09_UTC.jpg,Kimya Qee,@kimyaqee2,原本只有一隻氣喋喋的小貓,現在牠們變成一整群了,譯:,@littlecitymeme
2021-05-05_04-44-35_UTC.jpg,"當你還是個小孩, 你想要快點","變成大人;當你長大成人後,",你只想要變成一隻貓必,譯,@littlecitymeme
2021-05-13_05-39-18_UTC.jpg,"""主人我好想你喔~",譯,@littlecitymeme
2021-05-21_04-37-02_UTC_1.jpg,我是戴瑞!,俄是真戴瑞_,@littlecitymeme,我才是!,我才是施瑞啦,我才是戟瑞!,我真的是截瑞
2021-05-27_04-33-07_UTC.jpg
2021-06-03_04-29-18_UTC.jpg,不小心把黑咖啡當成巧克力牛,奶給他喝,9,所以現在變成這樣,@littlecitymeme,12:27,am
2021-06-08_12-38-12_UTC.jpg,C**k**X,玻璃螢幕跟金屬接縫那邊會割手,你他媽跟我說這是正常現,象?,2021-06-04 23:28
2021-06-14_11-00-44_UTC.jpg,11,公益彩券,台鏖刑券,電腦選,)叭一聲100元,)叭二聲200元,)叭三聲500元,叭太多聲,前面的車會說:,T丫嘩哩系叭山小,免下車,真影攝影
2020-10-21_10-45-56_UTC.jpg,rico,@dumbricardo,看起來牠王在上線上課程,譯: olittlecitymeme
2020-10-22_04-25-07_UTC.jpg,如果食物設了,你會吃掉戕嗎?,絕對不會,口 seebangnow,我不吃垃圾,8zass17
2020-10-22_11-21-46_UTC.jpg,當你需要一點空間跟時間,讓自己靜一靜時
2020-10-23_04-26-58_UTC.jpg,{
2020-10-24_05-33-50_UTC.jpg,Rob N Roll,@thegallowboob,看來牠不喜歡颱風的海邊
2020-10-24_12-20-01_UTC.jpg,不知道是誰在我鄰居水塔上,塗鴉,9,但我希望他不要停止,~0
2020-10-25_04-56-34_UTC.jpg,"""今年六家什麼屁都拿不到""",譯,@littlecitumeme
2020-10-26_05-47-06_UTC.jpg,方濟各教宗的炤片看起來,很像是剛贏了一場饒舌比賽
2020-10-26_12-41-55_UTC.jpg,我: 我應該要控制我的飲食,感受到一丁點壓力的我:,Download the Qmemes app
2020-10-27_05-09-57_UTC.jpg,如果只能選其中一種,你會選哪一種?,@littlecitymeme
2020-10-28_04-32-52_UTC.jpg,請問車子裡有幾人?,譯,@littlecitymeme
2020-10-28_11-46-28_UTC.jpg,這桌子可以拆成棍棒跟盾牌,發明這東西的人是天才,@littlecitymeme
2020-10-29_04-47-36_UTC.jpg,以為這瓶是點眼液,滴下去才知道是薄荷口香液,olittlecitymeme,margiela morales,@dimioman,光是看著這張炤片,我眼淚都快流出來了
2020-10-29_10-23-22_UTC.jpg,女孩:為什麼女性平均壽命高於男性?,男孩 :,可以拿去賣掉換電競主機的,前十大器官,82K views,1 month ago,譯: @littlecitymeme
2020-10-12_11-16-46_UTC.jpg,當你因為太窮買不起遊戲,所以只能在YouTube看別人玩,譯  olittlecitymeme
2020-10-13_04-32-30_UTC.jpg,Kelly-Leigh Cooper,@kl_coop,"不小心把貓糧灑出了一地,",結果我的貓表情超有戲的
2020-10-13_10-30-01_UTC.jpg,老婆,親愛的,你覺得我胖嗎?,老公,怎麼會呢,我喜歡妳現在的樣子,老婆,我餓了.你可以揹我去冰箱那嗎?,老公,你等等,我把冰箱揹過來給你...,6,@littlecitymeme
2020-10-14_10-55-23_UTC.jpg,不知道這台旅館房間的冷氣,到底看到了什麼...
2020-10-15_10-11-01_UTC.jpg,Me:
2020-10-17_04-26-39_UTC.jpg,這週末帶我的貓一起去露營,也要讓牠有完整的體驗
2020-10-17_11-48-16_UTC.jpg,實際炤片,IG上的炤片,譯8好色龍
2020-10-18_10-24-25_UTC.jpg,酪梨
2020-10-19_05-51-13_UTC.jpg,當你在禮拜一的早上起床,),發現又要度過煎熬的一週,5,去換來兩天的休息,Download the @memes app
2020-10-19_10-34-34_UTC.jpg,我好像不小心闖進了某個幫派集會,olittlecitymeme
2020-10-20_10-09-40_UTC.jpg,我知道不只我一個人會這樣做,@littlecitymeme
2020-10-21_04-09-37_UTC.jpg
2020-10-01_11-18-34_UTC.jpg,我:不小心把肥皂弄掉到地上,那塊肥皂:
2020-10-03_10-52-39_UTC.jpg,為什麼會更新軟體的原因,為了要體驗到,最新的版本,為了不要再收到,天殺的提醒, @littlecitymeme
2020-10-04_10-15-17_UTC.jpg,這男的應該會下地獄
2020-10-05_10-26-37_UTC.jpg,當你發現她並不是坐在沙發上時,BuGir
2020-10-06_04-34-36_UTC.jpg,年度最佳Cosplay得主,@littlecitymeme
2020-10-06_10-21-23_UTC.jpg,順手幫我的貓拍了張照片,結果卻讓牠看起來像某種神一樣,譯: @littlecitymeme
2020-10-07_04-18-41_UTC.jpg,arwen nicks,@arwenn,現在才發現原來 2020 代表 IO WO,2o22,`,olittlecitymeme
2020-10-08_10-38-49_UTC.jpg,當你答應她要來個浪漫約會,但你發現隊友都在線上時,ttlecitymeme
2020-10-09_04-28-39_UTC.jpg,"牠遊戲贏了我,然後就...",`,ONo,1
2020-10-09_10-15-12_UTC.jpg,有時候我i的人生,只是缺少了那一小塊拼圖,一干萬美金,譯,littlecitymeme
2020-10-10_04-33-32_UTC.jpg,Sir Brian of house Usore,@brian usore,為什麼你總是喜歡宅在家?,我 :,NETFLIA,GUol,men
2020-10-10_11-18-11_UTC.jpg,我的車有停好7?,LooKa this biich!,釋,olittlecitymeme
2020-10-11_05-12-40_UTC.jpg,吃麻辣鍋前的你,吃完隔天的你
2020-10-11_10-32-26_UTC.jpg,IG:@Hueyhaha,@Hueyhahaha,"""如果你的老婆年收千萬","你願意當家庭主夫嗎 ?""",我:
2020-09-17_10-17-07_UTC.jpg,心理學家:每個夢都有牠的意義,我的夢:,@littlecitymeme
2020-09-18_05-14-13_UTC.jpg,當你完全不知道問題的答案,但教授卻注視著你時,Hmm
2020-09-18_10-27-16_UTC.jpg,你數學程度如何?,我:,譯,olittlecitymeme
2020-09-19_11-00-37_UTC.jpg,Caroline SAMPSON,@caroline4real,先把錢放一旁.你現在最需要,的東西是什麼?,Lo Candice Wenu,@Candee Leigh,你剛剛放一旁的錢,譯 : olittlecitymeme
2020-09-20_05-21-49_UTC.jpg,開始上課五分鐘後的我:,譯 : @littlecitymeme
2020-09-20_11-12-23_UTC.jpg,當遺傳學家吃小熊軟糖時 :,olittlecitymeme
2020-09-21_10-22-21_UTC.jpg,Amario,@selfcarepad,我爸剛剛傳了這照片給我.,證明他還有頭髮,olittlecitymeme
2020-09-23_10-16-49_UTC.jpg,如果2020年是一張衛生紙,@littlecitymeme
2020-09-24_10-46-43_UTC.jpg,holmes,@unclenximes,我女友的髮夾差點讓我,嚇到心臟病發.,@|
2020-09-25_10-39-03_UTC.jpg,她還不知道有什麼在等著她,p P-4,inciupto,3;,0p[,E.,01,(惡靈古堡7)
2020-09-26_10-53-47_UTC.jpg,當你想摸一隻貓
2020-09-27_11-03-47_UTC.jpg,C_twiick,跟家人喝酒時,我不會喝酒,跟不熟的人喝酒時,我對酒精過敏,跟瀦朋狗友喝酒時,整枝下去啦,媽的喝啦,美乾拎?
2020-09-28_11-54-45_UTC.jpg,我只有跟你一個人聊天:>,也是你 :,ittlecitymeme,(你的號碼是),Yo0,ARE,NUMBER,"6,223"
2020-09-29_10-27-49_UTC.jpg,網美:我本人跟照片一樣,她照片的背景:
2020-09-09_05-14-02_UTC.jpg
2020-09-09_11-01-54_UTC.jpg,當你聽音樂聽到你最愛的那一段時,10,@littletitymeme
2020-09-10_04-30-45_UTC.jpg,女生的第一次約會,我希望他是個,我希望我們的,可以結婚的對象,星座很合,男生的第一次約會,我希望她會出現,我希望她不是男的
2020-09-10_11-18-20_UTC.jpg,當你已經身心俱疲,但還是要為了賺錢而去工作時,CTOn,@littlecitymeme
2020-09-11_10-59-35_UTC.jpg,你有多窮?,我:,@littlecitymeme,%
2020-09-12_04-22-22_UTC.jpg,"真的搞不懂為什麼我常腰酸背痛""",我的坐姿:,ittietit lie
2020-09-12_11-33-39_UTC.jpg,當你聽到直升機在天上飛的聲音時,譯,@littlecitymem
2020-09-13_04-20-35_UTC.jpg,老師 : 當直播主或 Youtuber,根本不算是個真正的工作,現在的老師:,olittlocitymemo
2020-09-14_05-42-18_UTC.jpg,X 氏 A-12 最近如何?,喔~你是在問我兒子喔,聽起來很像一串密碼廠
2020-09-14_10-32-02_UTC.jpg,當你進到房間後,卻忘了自己本來要做什麼時
2020-09-15_04-59-35_UTC.jpg,女生喜歡的髮型,Ofiy,女生討厭的髮型,0it,olitt|
2020-09-15_10-33-21_UTC.jpg,凌晨兩點,兩個陌生,吵架留言的我
2020-09-16_06-32-29_UTC.jpg,我的 Netflix片單,我看完的部分,olittlecitymeme
2020-09-02_05-28-23_UTC.jpg,爪勺_,0
2020-09-02_10-31-13_UTC.jpg,830 8
2020-09-03_04-36-30_UTC.jpg,當你在別人家裡上完大號,但卻沖不掉時,譯,@ potlecitymeme
2020-09-03_11-19-41_UTC.jpg,當你在電影院買一份,大份爆米花加飲料的套餐,譯,olittieitymeme,結帳單,"${0,000"
2020-09-04_04-35-43_UTC.jpg,終於找到最適合生活的地方了,Disappointment,Island,(失望島),olittlecitimeme
2020-09-04_10-31-15_UTC.jpg,當你摸了-下口袋,卻發現手機不在裡面,@littlecitymenrs
2020-09-05_04-30-34_UTC.jpg,當你不小心在媽媽面前,說了-句髒話時,imeme
2020-09-05_10-16-38_UTC.jpg,老公:別擔心我會好好顧小孩,同樣是他:,olittlecitymeme
2020-09-06_04-26-50_UTC.jpg,終於進到溫暖的被窩裡,突然又想上廁所
2020-09-06_11-15-51_UTC.jpg,當你要在早上六點起床準備上班,Lowt,@littletitymeme
2020-09-07_05-01-18_UTC.jpg,這是上次我一整天,都沒有壓力的時候
2020-09-07_10-40-46_UTC.jpg,當你給別人建議後,卻被自己的意見給啟發
2020-09-08_04-13-11_UTC.jpg,大人們: 年紀愈大就會感覺時間過愈快,十歲時的我,蛤~是這樣口,現在的我:,譯,olittlecitymeme
2020-08-24_10-58-23_UTC.jpg,當你在你的故事中提到別的,"異性時,你女友會看你的眼神"
2020-08-25_04-29-44_UTC.jpg,1/,"她能說出最糟的話大概就是拒絕吧""",她 :,Judy法官,如果你是我賽跑終點,的獎盃.那我會選擇往後跑.,@littietitimeme
2020-08-25_10-19-03_UTC.jpg,不小心把門上的門把拉斷,但牠好像跟我一樣驚訝,譯,@littlecitymeme
2020-08-26_10-08-55_UTC.jpg,justin balconi,@JustinBalconi,我的狗以為做任何事都不用付出代價,是時候該讓牠上一課了.,qlittletitiTe
2020-08-27_04-31-04_UTC.jpg,當你已經抵達目的地,但正在播的歌太好聽,所以你還不想下車,tileie
2020-08-27_10-38-53_UTC.jpg,2020,Verybud would notrecommend.,(非常糟糕,完全不推薦)
2020-08-28_04-07-46_UTC.jpg,當你發現你的儿生,已經被自己給搞砸時...,@littlecitymeme
2020-08-29_04-49-42_UTC.jpg,我:不要煮太多喔~我已經有吃過了,阿嬤,好^_^,一樣是阿嬤,%
2020-08-29_12-25-08_UTC.jpg,剩餘的暑假,暑假作業&開學
2020-08-30_01-44-12_UTC_profile_pic.jpg
2020-08-30_04-37-55_UTC.jpg,我,我今天阻止了一起強姦案,朋友:哇!你是怎麼辦到的?,我,強大的自制力,譯8好色龍
2020-08-31_04-38-38_UTC.jpg,當你已經解釋了很久,才發現對方只是個笨蛋時
2020-08-31_10-32-45_UTC.jpg,當我看著食物在微波爐裡加熱時,meme
2020-09-01_05-21-07_UTC.jpg,我早上起床時,當我喝一口小後,的身材,的身材,olittlecitymeme
2020-08-16_11-08-07_UTC.jpg,現在的小孩都不會懂的苦,Ss+9,CC hionlion Ciecoi,Eilmico,39年,Iiamieloic,4.61KB,秒,0o,Oo,Galon
2020-08-17_11-19-56_UTC.jpg,鏡子裡的我 : 嗯~還滿可愛的,照片裡的我:,olittlecitymeme
2020-08-18_11-12-35_UTC.jpg
2020-08-19_06-26-13_UTC.jpg
2020-08-19_11-28-22_UTC.jpg,吵贏老婆後放鬆的我,@littlecitymeme
2020-08-20_06-03-31_UTC.jpg,朋友:最近還好嗎 ?,我 :,eGitimeme
2020-08-20_10-55-27_UTC.jpg,當你第一次註冊就挑到了-個,不用在後面加數字的使用者名稱,FIRST OF HIS MAME,mflecitymems,$
2020-08-21_05-42-50_UTC.jpg
2020-08-21_11-12-26_UTC.jpg,我喜歡,我擅長,的事情,的事情,能夠賺錢,的事情,譯,@littlecitymeme
2020-08-22_05-34-41_UTC.jpg,情侶在家時,情侶在社群網站上,譯 : olittlecitymeme
2020-08-22_11-54-28_UTC.jpg,其他情侶們,我們
2020-08-23_06-32-50_UTC.jpg,當我想向別人解釋,我內心的想法時,olittlecitymeme
2020-08-23_11-31-17_UTC.jpg,當你的朋友已經喝到爛醉,而且還想打給他的前任時,譯: @littlecitymeme
2020-08-07_11-29-07_UTC.jpg,Cameron!!,@cameronmattis,好消息是我的客製化口罩,終於做好了.但壞消息是,他們把我的臉做卞720%,olittletitillmele
2020-08-08_11-02-02_UTC.jpg,當你女友生氣,但還是很愛你時:,@littlecitymeme
2020-08-09_04-46-50_UTC.jpg,下次去海灘玩的時候,記得,跟朋友們拍一張這種照片 !,簑 : alittleciiyinemne
2020-08-09_12-00-29_UTC.jpg,現在我終於明白車子,裝尾霓的用處了,譯: @littlecitymeme
2020-08-10_11-04-56_UTC.jpg,請問需要飲料嗎 ?,有什麼可以選呢 ?,要或不要
2020-08-11_05-41-53_UTC.jpg
2020-08-12_05-33-03_UTC.jpg,手遊,廣告,0{,實際,內容,HUN6,5, p
2020-08-12_11-06-45_UTC.jpg,自從我的姪女看了玩具總動員後.,她都會對著房間六喊我要離開囉_,然後再走到房間外偷看~,譯,@littlecitimeme
2020-08-13_06-31-00_UTC.jpg,大家都怎麼畫星星?,我是5 2 4 1 3,5,2,3,譯: olittlecitymeme
2020-08-13_11-29-56_UTC.jpg,@Mr Santiagos,我到現在還忘不了這張圖,譯:littlecitymeme,0C
2020-08-14_06-01-29_UTC.jpg,早上六點起床的,早上六點,才要去睡的人,ittlecitymeiie
2020-08-15_04-28-29_UTC.jpg,OK事情是這樣的,我在幫我爸媽的,朋友顧小孩.不小心把黑咖啡當成,巧克力牛奶讓他喝下去.於是現在,就變成了這樣...,譯,@littlecitymeme,12:27,am
2020-08-15_11-13-12_UTC.jpg,社交距離規定,C0+|0-19,1.5公R,把鳳梨放在披薩上的),100公尺
2020-07-27_11-13-35_UTC.jpg,LINE,LNE,貼圖抽獎,規則在貼文中
2020-07-29_11-52-21_UTC.jpg,I,你有多需要放假?,我:,BRITISH AlR AYS,譯 : @littlecitymeme
2020-07-30_11-12-29_UTC.jpg
2020-08-01_04-17-58_UTC.jpg,Jon didn't deserve Ghost,@MeMeSyrdrome_,你們有沒有和,吃全熟牛排的人爭論過?,prime Jr.,@lmjust_ Pj,沒辦法 他還在嚼
2020-08-02_11-11-36_UTC.jpg,*電視轉台*,老爸 : 我剛剛還在看耶!,五秒前的他 :
2020-08-03_05-29-32_UTC.jpg,半夜11點,凌晨2點,清晨5點,鬧鐘響前十分鐘
2020-08-03_10-57-22_UTC.jpg,當你發現一部連續劇,總共有,七季.一季有25集.而且一集,有45分鐘的時候:
2020-08-04_11-21-50_UTC.jpg,丸山夕佳 @marmelochan,6月4日,態,4 28,"47 7,042","7,780"
2020-08-05_05-07-22_UTC.jpg,d Tlfok,1
2020-08-05_11-11-59_UTC.jpg,沒有人的平坦路面:,我的腳踝,8,@littlecitymeme
2020-08-06_05-40-22_UTC.jpg,3.14,=
2020-08-06_11-23-20_UTC.jpg,當你的人生分崩離析,而你卻已經習慣時
2020-07-05_11-22-15_UTC.jpg
2020-07-06_12-51-41_UTC.jpg,當你把所有事情都留到假日才要處理,結果一轉眼假日就要結束時,olittlecitymeme
2020-07-07_11-18-04_UTC.jpg,當你的麻吉跟你說完晚安,結果你就在下一場遊戲中遇到他時:
2020-07-08_11-29-37_UTC.jpg,olittletitymeme
2020-07-09_11-14-54_UTC.jpg,2019年,學校怎麼放學,1,2020年,學校怎麼放學
2020-07-10_11-50-23_UTC.jpg,(約7?),No:,Date,@iittietitimele
2020-07-11_11-34-47_UTC.jpg,免費 Wi-Fi,X,1,]_,C0$,十,V4-x2 dx,_2,2,2,Wi.F 密碼就是答案前十位數字,我會直接用我自己的網路.,七3
2020-07-14_12-03-03_UTC.jpg,心理醫生:釋放你心中的猛虎吧 !,我心中的猛虎 :
2020-07-16_12-24-34_UTC.jpg,當你在防疫期間戴眼鏡出門,@littlecitymeme,%
2020-07-19_03-37-34_UTC.jpg,Anime,QAnimeCulture,炭治郎,受傷太嚴重.我已經無法動彈了...,裲豆子: *陷入危險*,同樣是炭治郎 :
2020-07-26_06-04-46_UTC.jpg,8[,@ZnbJnnt,這對可愛的情侶一起去,健身房運動半年7~: >,Arsh,@knosaa10,那個男的是都站在健身房外面等嗎 ?,$,olittlecityiile
2020-07-27_04-26-26_UTC.jpg,Bu8sii
2020-06-20_02-27-19_UTC.jpg,我家人看到的,我看到的,@littlecitymeme
2020-06-20_08-07-41_UTC.jpg,台北市,店員,台北市,店員,閩瓶勘我想說有那麼肥嗎? 怎麼在搖
2020-06-21_10-09-17_UTC.jpg,嘗試要摸路邊狗狗的我
2020-06-23_11-32-19_UTC.jpg,吞,3
2020-06-24_11-16-46_UTC.jpg,我不是機器八啦~,xdm,Diwjdn,Diphxzi,agiwot,lueyip代,duriiiz,LCbboi,njiav,Nvi{,麻煩唸出這些字,olittlecitymeme
2020-06-27_11-13-04_UTC.jpg,"找:找:看;.答;案""正:確:的:在:(",_,40 (,54+8,22 (~,72+20,66,72 ( <--),11+55,38,79 ( `),33+5,52,35 (`<_),45+7,0,66 ( V-),10+80,45,40 (>~),32+8,14,92,(`),30+44,2 2,52,6+16,79,90 (,9+70,45,74,38+7,11,.79,V,62+17,學習提醒,本頁雖然是學過的加法,但因為連線較為複雜,建議不要評分只嘗做課後遊戲淙習,5T
2020-06-28_12-22-51_UTC.jpg,防疫等級,L/100,Roeg,GS
2020-06-29_11-18-42_UTC.jpg,0,2.286,4563,156,09@7,stonks,ittlecitymeme,奢華高級抱抱,免費,$100,抱抱,560,0(,%%,",286",0;12%
2020-06-30_10-42-35_UTC.jpg
2020-07-02_05-06-42_UTC.jpg
2020-07-02_11-57-23_UTC.jpg,我們需要空中支援,加油~你可以的:,@11111118112
2020-07-03_14-30-28_UTC.jpg
