2019-03-11_05-31-12_UTC_profile_pic.jpg,'Tiud,Eyper1
2019-03-11_05-38-00_UTC.jpg,當你跟機場警察發誓你身上,絕對沒有赭肉製品,),結果警,察叫出了檢疫犬,0,@迷因翮譯,狗狗:,我:
2019-03-11_14-08-40_UTC.jpg,我從分組報告中學到的事,知識,@迷因翮譯,如何與人溝通,如何獨自完成整個報告,我有多討厭人類
2019-03-12_03-42-37_UTC.jpg,當惡魔來取你的性命'結果,聊了天之俊發現你們有很多,共通點,0,@迷因翮譯
2019-03-12_09-12-08_UTC.jpg,沒有人:,@迷因翮譯,俄羅斯人的行車記錄器:,111} 173`-,1
2019-03-13_00-38-36_UTC.jpg,沒有):,@迷因翮譯,臺灣八的行程記錄器:
2019-03-13_07-02-43_UTC.jpg,元王,),@迷因翮譯,我可以跟您談談氣候變遷嗎?
2019-03-13_14-23-31_UTC.jpg,父:好!你就用那把爛槍稱霸天下吧!!.,我:好!到時請你稱我一聲玩家!!!,其他高價的武器:,@迷因翮譯,Hot bought,l0200,11100,12600,19800,11600,10800,我對你而言是個笑話嗎?,Amlajoketo you?
2019-03-14_02-22-46_UTC.jpg,歧視,@迷因翮譯,平等地討厭,所有)
2019-03-14_07-44-28_UTC.jpg,當一個聽障人土問你現在的,時間'但你又不會比手語,),而現在是8 : 54,),所以你只,好比這樣給他看,@迷因翮譯
2019-03-15_04-30-13_UTC.jpg,當我想安慰我難過的朋友,@迷因翮譯,1白痴,你幹嘛啦!,iooomni bad ime;
2019-03-15_15-35-50_UTC.jpg,帶我的貓去照超音波,),確認她是不,是懷孕了.,結果她就只是胖,@迷因翮譯,@Miinute
2019-03-16_06-28-00_UTC.jpg,我只是說我不要去玩賓果,MESSAGES,2m ago,爺爺,俗辣,@迷因翮譯,PHONE,2m ago,爺爺,未接來電
2019-03-17_08-22-38_UTC.jpg,我要出遠門之前請我退伍的朋友照顧我的,貓;回到家之俊變這樣,@迷因翮譯,popismole oficial,5NlPEP,TowE?,FoFT,AS5HOLE
2019-03-18_01-33-23_UTC.jpg,當你朋友在跟你去3K黨聚會的路上,聽饒舌歌曲,@迷因翮譯,你不要在巫師面前丟我的臉啦!
2019-03-20_00-51-20_UTC.jpg,T防守啊,),艾瑞克神父_ @迷因翮譯,以上帝之名把你的腳踝折斷._,10
2019-03-20_11-41-25_UTC.jpg,薩諾斯的屁眼:(存在,蟻/:,@迷因翮譯,不錯的地方嘛老兄
2019-03-21_05-46-24_UTC.jpg,沒有人:,魚攤的魚:,@迷因翮譯
2019-03-21_06-58-38_UTC.jpg,LEF1,高品質,蟻人鑽進,的迷因,薩諾斯的屁眼,@迷因翮譯,整個 Reddit
2019-03-22_15-53-57_UTC.jpg,這個老師知道什麼才是最重要的,@迷因翮譯,做個數學迷因人,Giomnoipmoly) mofker,toille,Yod,ful,ntme,當你媽用,Ceifb),你的全名,Gr crup,GG了,叫你,Ihi,Youir,Mod
2019-03-23_10-47-04_UTC.jpg,當你滿18歲了;店員要看,你的身份證,@迷因翮譯
2021-06-07_10-01-47_UTC.jpg,我不跟身高180公分,以下的男人交往,因為我不跟男人交往!,迷因翮譯
2021-06-08_10-00-58_UTC.jpg,午睡時間,五歲,大學,我不要!!,感謝主,@迷因韌譯
2021-06-09_10-01-12_UTC.jpg,在工作時保障自己的安全,@迷因翮譯,錯誤,正確,叫別人幫你搬重物
2021-06-10_10-02-17_UTC.jpg,r|AskReddit,ulspider slayer,12h,6,5 33,3,NSFW,有沒有可以讓勃起的雞雞平復下來,的方法?,2.5k,1.6k,Share,Award,TOp COMMENTS,迷因韌譯,Mdsoebee,11h,16 Awards,不要聽其他人亂說.你應該要閉氣,沒人會發現,"這個方法很有效,因為你的大腦會發現你體內的氧",氣不足'為了要活下去必須讓大量的紅血球送氧氣,到大腦,包含在你雞雞的紅血球,Reply,3.7k
2021-06-11_10-06-24_UTC.jpg,當內向者準備要打一通電話,迷因翮譯
2021-06-12_10-03-25_UTC.jpg,我今天學到:向日葵通常會面,向太陽,9,但如果沒有太陽的,時候他們會面向彼此,迷因翮譯,jinchuriki,@Chewnano,向日葵1:太陽在哪啊老兄?,向日葵2:老兄 你就是我的太陽,向日葵1:老兄...
2021-06-13_10-03-11_UTC.jpg,我靜靜地等待 Youtube播完2則,廣告後教我如何施作哈姆立克法,@迷因翮譯,4=3(,我,噎到的,朋友,0
2021-06-14_10-00-58_UTC.jpg,測速照相照到一位駕駛超速,我不想給他開單啦,迷因翮譯,_,1?5,)
2021-06-15_10-09-56_UTC.jpg,"歡迎來到現實世界,哈利",迷因翮譯,霍格華茲的文憑沒什麼用處
2021-06-16_09-56-36_UTC.jpg,迷因翮譯,Dom RL,1 yearago,你的廣告裡面有影片,1K,旦 20,VIEW 20 REPLIES
2021-06-17_09-56-07_UTC.jpg,肯伊在對上輪椅隊的比賽,中得7106分,迷因翮譯,昨天肯伊.威斯特參與慈善籃球賽,"並不如預期,對上坐輪椅的殘障","兒童,他得7106分",0
2021-06-18_10-01-32_UTC.jpg,@迷因翮譯,我,不知道為什麼,老師,朋友突然不笑了
2021-06-19_09-59-55_UTC.jpg,魔術師:我可以讓你忘記自己是 Gay,我:但我不是 Gay啊,魔術師:看吧 你已經忘記了,我:,迷因翮譯
2021-05-23_09-59-43_UTC.jpg,5個階段接受電腦在你存檔前,死機的事實,迷因翮譯,&,Enter,Shi,POWER
2021-05-24_10-12-26_UTC.jpg,朋友:你有多樞?,我:,迷因翮譯
2021-05-25_10-09-22_UTC.jpg,@迷因翮譯,在非洲有一種青蛙叫作非洲雨蛙,牠們總是看起來很難過
2021-05-26_10-09-41_UTC.jpg,等待學校的筆電載),時可以做哪些事?,迷因翮譯,結婚,讚美我的,搶銀行,狗狗,泡茶,日0,環遊世界,重玩 GTA
2021-05-27_10-30-15_UTC.jpg,2週不用去,學校上課,1年後,迷因翮譯
2021-05-28_10-10-52_UTC.jpg,一隻鸚鵡 Alex(作為一項為期37年實,驗的研究對象)在死前對他的照炤顧員說,的最後一句話是:T你要乖 我愛你],@迷因翮譯
2021-05-29_10-01-28_UTC.jpg,我爸找不到桌面上的 Google Chrome,所以我為他做了這個,迷因翮譯
2021-05-30_10-01-00_UTC.jpg,視角-媽媽說: T不行],迷因翮譯,uo,CTC,Pudki;,1,Cre,pucki9,10,195,11,olioina!,入`,pudk,niitinal,4,003_,CP
2021-05-31_11-58-54_UTC.jpg,今天我學到了,老虎不會打呼嘈,當老虎瞇起或閉上眼睛 就是牠們,表現幸福的方式,o,這是因為只有在,"牠們感到舒適與安全的時候,牠們",才會縮小視野,降低戒心,o,迷因翮譯,101,^77742,26.8|<
2021-06-01_10-05-53_UTC.jpg,靠近一點哈利,像這樣嗎?,*死去*,木,*放屁
2021-06-02_10-04-51_UTC.jpg,迷因翮譯,色圖,他們來了
2021-06-03_10-00-40_UTC.jpg,當你-一個很自卑的人,聽見有人提到你的名字還伴隨著笑聲,迷因翮譯
2021-06-04_09-56-00_UTC.jpg,當你罹患阿茲海默症後忘了,你孫女的 Swag頻道,迷因翮譯
2021-06-05_09-54-26_UTC.jpg,2016,2090,"親愛的,我找到一張","親愛的,我找到一張",你爺爺的炤片,你爺爺的炤片,迷因翮譯
2021-05-07_10-01-54_UTC.jpg,吃飯,尻尻,迷因翮譯,花時間找影片
2021-05-08_10-01-31_UTC.jpg,你真的認為在每一款馬力歐遊戲裡都,綁走公主並把她鎖在房間裡會讓她想,嫁給你嗎?,"想一想,庫巴,用你的腦子想一想!",迷因翮譯
2021-05-09_09-27-04_UTC.jpg,當你已經死了但你的貓還是,要在凌晨3點叫你弄食物,巳y三,迷因翮譯,1)1,HPoRsTUV`17y,123^56789,Goo口
2021-05-11_09-58-50_UTC.jpg,當女生跟自己的,女生朋友接吻.擁抱,說 T我愛妳]時,社會如何看待她們,@迷因翮譯,當我不小心碰到我,朋友時
2021-05-12_09-58-35_UTC.jpg,晦!妳應該還記得我!,英文字母學到乙時會出現的那個
2021-05-13_10-03-38_UTC.jpg,弟弟:*因為數學考差了而大哭*,"我:數學考差算什麼,你看看現在",的我!,弟弟:*哭得更大聲,木,我:,@迷因翮譯,我計算過可能承擔的風險,但老兄,我數學超級爛,Not,made Witn mematic
2021-05-14_10-04-45_UTC.jpg,你永遠無法爬上通往,天國的梯子,@迷因翮譯,STOP,MLASTURBATON,NOw.org,現在就,停止自慰.org,如果你兩手都握著雞雞
2021-05-15_09-58-27_UTC.jpg,Emilio,Qemiliobadilio,那個會關心你的朋友>,12:12 1,Kevin,迷因翮譯,Today12:o9 PM,你還好嗎?,不好,好喔只是關心一下
2021-05-16_09-44-41_UTC.jpg,Joshua T. Halpenny,"ciltiiylis ricewelaterbecime friends""",[有一天有個亞洲小哥坐在我旁邊吃,他的米飯...後來我們成為了朋友],@迷因鄱譯,Luke,Oine,diterheome frionds,[有一天有個白人小哥坐在我旁邊盯著,我吃我的米飯...後來我們成為了朋友],`1,Hang,1
2021-05-17_10-01-23_UTC.jpg,永遠也不會用,上的螢幕截圖,@迷因翮譯,我的手機
2021-05-18_10-43-00_UTC.jpg,迷因翮譯,"爹地,人家等你回來啦",啦啦~,又來了...認真!?,"幹,抱歉老爸",給我把他的聯絡人名稱,改掉
2021-05-19_09-58-19_UTC.jpg,讀一頁老師,交代你讀的,文章,@迷因翮譯,讀爆網路上已,經蓋到 500樓,的筆戰留言,igfip com
2021-05-20_10-01-26_UTC.jpg,如果你藏不了自己的犯罪證據,就假裝自己是被害人,迷因翮譯
2021-05-21_10-08-16_UTC.jpg,theweegeemeister,當我看著馬力歐奧德賽碧琪公主的3D圖,時發現她的頭髮跟義大利麵一模一樣,這件事一直在我的腦海裡揮之不去...,@迷醫翮譯,難怪馬力歐會喜歡她,因為她長得像義大利麵
2019-03-25_08-20-47_UTC.jpg,Carter Woolley,@carterwoolley,當你跟人家吵完架,),聽到,他在你背後竊竊私語,@迷因翮譯
2019-04-01_11-05-14_UTC.jpg,在等下局遊戲開局的我:,@迷因翮譯
2019-04-09_15-36-40_UTC.jpg,當我發現再過3天就是去海邊的,季節了'於是開始試著燃燒脂肪,@迷因翮譯
2019-04-17_15-57-33_UTC.jpg,ITWE,恆物互,pDF,HdoDe,ps,%,%,Photosho.,teSiareis,daskiopin,OUPLAY,Discover Anno,山row,Molc,Gamos,Ctoro,oft,Level7,OUPLAY,Backt,主方,/,AS,ASSASSINTS,CREED,Playablein:,Lotatein5,test,Downloading 451.16 MB,41.66 GB,4 MB/s,Playablein:32m,play,Ove,Game news,Manage yourchallenges withasingle dick,Club challenges,You can nowaod all callenges ano colectall,l,Ipof,pini
2019-04-24_20-15-39_UTC.jpg,@迷因翮譯,你敢爆雷試試看!
2019-05-22_04-10-07_UTC.jpg,@迷因翮譯,或許我們把,這個放下會,輕鬆一些,目標,0,自我,C,質疑,C,二,@fheAukuordYefi
2019-06-01_05-47-04_UTC.jpg,靈魂動物不存T,@迷因翮譯,澳洲的赭在露營區偷718灌啤酒,喝醉了之後跟牛打起來
2019-06-13_03-09-04_UTC.jpg,我的身體:(讓我整天都想睡覺,我:去睡覺,我的身體:,@迷因翮譯,我現在不想,這麼做
2019-06-20_17-24-26_UTC.jpg,當你在履歷表上膨風但還是,得到工作了,@迷因翮譯,C5]
2019-07-02_18-46-01_UTC.jpg,(,C,0,/,%,0,0,%,3,lorlwon,NVW,liald5,=,=,2,鬘,數,=,三,;
2019-07-18_10-48-04_UTC.jpg,牙醫:讓我看看,你的上排牙齒,@迷因翮譯,牙醫: 現在讓我,看看你的下排,牙齒
2019-08-01_13-48-00_UTC.jpg,爸爸:*不想要養狗,家儿:*還是養了狗,爸爸跟狗:,@迷因翮譯
2019-08-09_16-10-03_UTC.jpg,當你離開電腦的時候忘記自己,還戴著耳機,@迷因翮譯
2019-08-19_16-14-34_UTC.jpg,面試官:你為什麼想要這份工作呢?,我:我一直對想要買得起食物這件事,充滿熱情,@迷因鄱譯
2019-08-31_11-24-13_UTC.jpg,你女友在你買食物給她前&後,@迷因翮譯
2019-09-12_17-05-16_UTC.jpg,新聞:有越來越多女老師跟,學生發生性關係,我:,@迷因翮譯
2019-09-20_15-10-23_UTC.jpg,歐洲人等待進攻51區的結果,@迷因翮譯,欽歟做點什麼吧
2019-09-24_18-50-51_UTC.jpg,當你玩完一款老遊戲,片尾跑製作人名單時看到,已經過世的工作人員,0,@迷因翮譯,fufmemelurker24
2019-09-28_14-46-44_UTC.jpg,@迷因翮譯,很高興看到你們又在起了,Love seeing you two together again,1829b3112,Bi0s,SO1Ty,MKI
2021-04-24_10-03-35_UTC.jpg,>為你的孩子取虛構角色的名字,在學校過得怎麼樣阿 卡麗熙,我真的恨透你了,@迷因韌譯,>將你的孩子命名為 Josh,Josh 我好為你感到驕傲,我會把他們全都打爆的老爸
2021-04-24_17-58-59_UTC.jpg,他們做到了!他們真的做到了!!,Josh大戰開打!,迷因翮譯
2021-04-25_03-19-40_UTC.jpg,獨家:年僅5歲的小 Josh,贏得了 Josh大戰冠軍,@迷因翮譯,他是天選之人
2021-04-25_09-59-47_UTC.jpg,當一個對的人在錯的時間,來到你的生命當中,@迷因翮譯,版主生日限定版
2021-04-26_10-12-20_UTC.jpg,34號法則:如果某物存在,那麼,一定會有一個情色版本,跟情色版本沾不上邊的我:,@迷因翮譯
2021-04-27_10-16-09_UTC.jpg,S,@ihatemylife_123,這是什麼意思?,迷因翮譯,Shafeeq,@Y2SHAF,如果你出車禍的話,9,按這個,鈕可以回到上一步,0
2021-04-28_09-32-43_UTC.jpg,網站:地方媽媽想要你的大雞雞,我和我最好的朋友賴瑞:,迷因翮譯
2021-04-29_09-56-52_UTC.jpg,你該走了,我是一個好人嗎?,=-,三=,你是最棒的,你能為我們再笑一次嗎?,;-,_=,ultimothebot,以此紀念 Juan Joya Borja 1956-2021,seebangnow
2021-04-30_10-04-55_UTC.jpg,男人:女人都很情緒化,男人在半夜2點輸掉一場遊戲後:,迷因翮譯
2021-05-01_09-59-06_UTC.jpg,"媽媽:有客人來家裡,所以我讓",他們的孩子看你電腦裡的動漫,我:但我電腦裡沒有動.,迷因翮譯
2021-05-02_10-02-59_UTC.jpg,基督徒:每個受造物都是,上帝最美的創造,上帝的創造:,迷因翮譯,你
2021-05-03_10-11-56_UTC.jpg,沒有人:,晚上對向車道的來車:,迷因翮譯,1,915
2021-05-04_09-57-41_UTC.jpg,寶貝求求你用,不我的直覺會,Google Map吧,引導我,@迷因翮譯
2021-05-05_10-04-58_UTC.jpg,當一個女生說她對你有興趣,但你知道,她只是想要你的8oSCH,GCM 8SJL專業級滑軌式角度切斷機,@迷因翮譯
2021-04-09_09-53-43_UTC.jpg,所有人:超人的偽裝太蠢了吧!,他身邊的人怎麼可能認不出來!,亨利卡維爾:,翮譯,0:42,叫吒,沒有人認出站在電影看板旁邊的亨利卡維爾,1,Inside Edition,1.9Mviews,5vears ado
2021-04-10_10-18-36_UTC.jpg,rlinterestingasfuck,ulLegionoo7,3h,i.redd.it,14 Awards,在隔離病房裡;當有病人將要獨自死去但,渴望著所愛之人的溫度時,護理師會把手,套灌滿溫水來模擬相似的慰藉,o,他們稱之,為上帝之手.,迷因翮譯
2021-04-11_10-10-53_UTC.jpg,T跟我聊聊你自己吧!1,我:好啊!你想要知道什麼?,@迷因翮譯,極度,獵奇A片,不恰當迷因,毒品相關,恐怖故事,咖啡,心理疾病,感受恐懼症,用不上的連環,音樂,殺手冷知識
2021-04-12_09-59-24_UTC.jpg,數學問題裡面的人在選擇草坪,形狀時:,迷因翮譯,made with mematic
2021-04-13_09-59-48_UTC.jpg,今晚我妹跟一個年輕農夫約會.,這個男的決定要送我妹一塊12,公斤的起司...?,迷因翮譯,1d,真的有用!,"Take a shoe that the woman you love has worn,fll it with",rue and hangit over your bed to make herlove you.," To win a maiden's love, get a hair and a pin off her un-","perceived twist the hair around the pin, and then throw",You,may fascinate,woman by giving her,piece of,你可以用一片起司來讓女生迷上你,[,blood on a cioui,mmich you,:haese
2021-04-14_10-01-15_UTC.jpg,我的朋友們正在討論量子物理學,我:,迷因翮譯,"我的老兄,睡眠就是",一台開往早餐時間,的時光機,made with mematic
2021-04-15_10-09-33_UTC.jpg,八哥犬的主人:我的狗是最可愛的,他的狗:,@迷因翮譯
2021-04-16_10-04-13_UTC.jpg,@迷因翮譯,禁止停車?,簡單,按下,[我他媽想停哪就停哪_,按鈕
2021-04-17_10-05-23_UTC.jpg,胡椒噴霧發明於1960年代,人們在1959 年:,迷因翮譯
2021-04-18_09-55-16_UTC.jpg,佛州男子在撞見自己的,弟弟跟表弟在他最喜歡的,七龍珠毯毯上面做愛後憤,而將弟弟的雞雞咬掉,迷因翮譯
2021-04-19_10-01-37_UTC.jpg,用 Shazam來辨,識不知道歌名的,曲子,Google歌詞來,找到那首歌,@迷因翮譯,翮唱那首歌並,上傳到 YouTube,被版權攻擊後,得知歌名,made with mematic
2021-04-20_10-00-30_UTC.jpg,憂鬱和焦慮,我,迷因翮譯
2021-04-21_09-58-53_UTC.jpg,@迷因翮譯,"Josh Josh Josh Josh Josh,","Josh, Josh Josh Josh",你創建了群組,9:48 A1/,你們可能不知道為何,我將你們聚集於此,Josh,因為我們的名字都,叫 Josh...?,Josh Swain離開了群組,"沒有錯, 2021|4|24 12:00pm",我們在這個座標見,"(40.8223286,-967982002)","我們打一場,贏的人可以保留他","的名字,其餘的人則必須改名,","你們有一年的時間準備,祝好運"
2021-04-22_10-00-57_UTC.jpg,當老師在考試的時候站在你身後,迷因翮譯,made with mematic
2021-03-27_09-58-32_UTC.jpg,誰會贏?,10%的,一個會,全球貿易額,漂浮的東東,@迷因翮譯
2021-03-28_09-45-13_UTC.jpg,"T我知道我以前曾經傷害過妳,",但我已經改變了],99,;79,0,迷因翮譯
2021-03-29_09-59-56_UTC.jpg,"當老師嘲笑你把數學題目算錯,於是",你拿出你的計算機來證明自己是對的,@迷因翮譯,u/mustbshady
2021-03-30_10-03-00_UTC.jpg,好消息,迷因翮譯,IKEA開始賣衛生紙了
2021-03-31_09-52-34_UTC.jpg,努力讀書,考出好成績,迷因酬譯,計算自己剛好,及格最多可以,錯幾題
2021-04-01_10-25-48_UTC.jpg,這一切是怎麼開始的:,畢達哥拉斯,迷因翮譯
2021-04-02_10-01-18_UTC_1.jpg,"基努李維,你認為我們死掉的時候會發生什麼事?",@迷因翮譯,(深吸一口氣),foben
2021-04-02_10-01-18_UTC_2.jpg,我知道愛我們的人會很想念我們,@,迷因翮譯,soohen_
2021-04-03_09-58-18_UTC.jpg,當有人稱讚你但你不知道,要如何反應,迷因翮譯
2021-04-04_10-06-03_UTC.jpg,救命!我在切雞肉的時候刀子掉,"到地上,我的狗以為我要跟他玩","你丟我撿,現在一直在追我!",迷因翮譯
2021-04-05_09-59-48_UTC.jpg,我:*想要在假日睡飽一點,外面的鳥:,@迷因翮譯
2021-04-06_09-41-41_UTC.jpg,當你的手臂已經整隻麻掉 滿臉,都是頭髮.但你的另一半太可愛,了所以你不忍心叫醒他,@,迷因翮譯
2021-04-07_10-02-23_UTC.jpg,警察:請拿出行照駕照,鵝:*小聲*問他有沒有那個啊,警察:*嘆氣*還有一個麵包,迷因翮譯
2021-04-08_10-02-50_UTC.jpg,"當我在下午1點睡個午覺,醒來",時已經天黑了的感覺就像:,迷因翮譯,頭北極海象在冰山上睡午覺,醒來時已經飄到愛爾蘭了
2021-03-14_10-07-20_UTC.jpg,考試前總有那麼一個同學:我完全沒有,"讀書,我都只有在看本本而已啦",@迷因翮譯,總體經濟學I(B):總體經濟政策,Macroeconomies,11(B):,Mactocconomic Policics,iglip com
2021-03-15_09-58-51_UTC.jpg,為什麼沒有留鬍子的基奴,李維一臉要給葛來分多扣,20分的樣子,迷因翮譯
2021-03-16_10-09-41_UTC.jpg,姪子:叔叔 你為什麼沒有老婆?,我:因為我是,姪子:Gay是什麼意思?,我:就是我喜歡的是男人而不是女人,姪子:那你為什麼沒有老公?,Ittle Sii,@迷因翮譯,給我驍著 你這個小混蛋,Gay
2021-03-17_10-03-45_UTC.jpg,Domino s Pizza Ethiopia 衣索比亞達美樂,V,C3,Yesterday at 19:30,"由於近期索馬利亞海盜的攻擊事件激增,",我們被迫將工作人員拆半 讓一半的工作,"人員擊退海盜,一半的工作人員繼續下",廚 造成不便敬請見諒.,"(為我們的主廚 Bogwandi向海盜反擊,",Bogwandi我們以你為榮!),迷因翮譯,5
2021-03-18_10-11-58_UTC.jpg,我:*輕輕地碰了我弟一下,木,他怎麼跟媽媽講的:,迷因翮譯,我有半的呼吸器官受到損壞,made,withalfr,aeafoyrespiratoyy oigans were destroyed.
2021-03-19_09-58-42_UTC.jpg,我不確定我預想中的駱駝寶寶長,"什麼樣子,但絕對不是長這樣",@迷因翮譯
2021-03-20_10-03-43_UTC.jpg,有人叫我把車留在酒吧改坐公車回去,結果我發現自己醉到連公車也開不了,313,DAYS,3E FEARLESs,迷因翮譯,Centrebus
2021-03-21_10-00-09_UTC.jpg,老師:請製作一個關於自己過去發生,過的有趣事蹟的簡報,我:,我如何因一片薄荷,餅乾而失去童貞,(附,@迷因翮譯,made  oith mematic
2021-03-22_10-03-10_UTC.jpg,"我:媽,我長得很醜嗎?",媽媽:在公共場所不要叫我媽媽,我:,@迷因翮譯
2021-03-23_10-02-23_UTC.jpg,妳單身嗎?,不是,那妳可以分手嗎?,我的44很大,迷因翮譯,談判專家
2021-03-24_10-16-51_UTC.jpg,CAUTION,警告,TREES DONT,MOVE,樹不會移動,@迷因翮譯,Doubt,懷疑,越南人
2021-03-24_14-47-57_UTC.jpg,王者二決勝 負,3月24日(週三)大銀幕世紀對決
2021-03-25_10-10-54_UTC.jpg,快訊:日本議員被抓包在,質詢會議時看鱷魚圖片,mainichijplarticles/20200.,@迷因翮譯,我只是覺得他們很酷
2021-03-25_13-19-14_UTC.jpg,幫幫我.繼船,我卡住了,迷因翮譯
2021-02-27_10-16-12_UTC.jpg,T如果世界上有99%的人覺得你,"很醜,那表示還有 7500萬人覺得",你很好看],我:,迷因翮譯,7500萬人在哪?,75 million,people
2021-02-28_10-23-21_UTC.jpg,當你去上廁所但是,忘記帶手機了,@迷因翮譯
2021-03-01_10-03-05_UTC.jpg,bloonstower defense,@Chainbody,當你叫美髮師幫你剪一個,"y=-0.33x+2頭,但他幫你剪成了",y=-0.5(x-2),2,+3,8/1/17 1:07 PM,迷因翮譯
2021-03-02_10-26-34_UTC.jpg,@迷因鄱譯,ben,@rokthedisco,有個陌生人傳訊息給我.,說要揪我去森林裡比誰的,"雞雞比較大,他媽的怪咖",他根本沒有出現
2021-03-03_10-01-30_UTC.jpg,當你找不到之前看過的某部影片,Prev,118,119,120,121,122,Next,@,迷因翮譯 Browse More Categories
2021-03-04_09-59-14_UTC.jpg,迷因翮譯,厄尼告訴伊森為什麼他的父母,會離婚
2021-03-05_10-04-24_UTC.jpg,我現在才知道醫生是怎麼幫嬰兒照X光的,快笑死,@迷因翮譯
2021-03-06_09-51-06_UTC.jpg,每日數學題目:,如果喬治73歲,他女朋友26歲,請問:,喬治有多少錢?
2021-03-07_10-21-33_UTC.jpg,是誰家的牛突然走過來然後睡在,我腿上啦???現在如果我移動的,話會吵醒他談!,迷因翮譯
2021-03-08_10-10-29_UTC.jpg,知道在挪威連受刑人都過得比自己,好卻還是著裝準備去工作的我,迷因翮譯
2021-03-09_10-01-50_UTC.jpg,我:*正在吃東西,我的狗:,迷因翮譯,made with mematic
2021-03-10_10-02-14_UTC.jpg,"有一天,她抱著我們的孩子,瞪著他的雙眼說:","[我也會活得比你久,你這個小混蛋]",@迷因翮譯
2021-03-11_09-59-18_UTC.jpg,弟弟:你是被領養的啦,我:至少爸媽是自己選擇要我的,弟弟:,迷因翮譯,made with mematic
2021-03-12_10-03-41_UTC.jpg,Horror Zone,Poster based in the United Kingdom,Yesterday,at 12:58 PM,傑森拜訪罹患癌症的孩子,[我們都有自己心目中的英雄],迷因翮譯
2021-02-14_13-59-51_UTC.jpg,島民:妳的特技是什麼呢?,我:跟大家談急愛<3,島民:,迷因翮譯,美玲,跟大家談戀愛<3....,很厲害呢,果然人不可貌相吁
2021-02-15_10-02-52_UTC.jpg,跟美國人講話就像,10:46+,迷因翮譯,google.com/search?client=m,盎司是啥小,人,75華氏轉攝氏,5'4轉公分,x,1英吋是多少,x,imgfip com
2021-02-16_10-01-23_UTC.jpg,看到統神端火鍋的影片,我們認為,對方的反應,@迷因翮譯,對方實際的,反應,madetithi Iematic
2021-02-17_09-52-23_UTC.jpg,迷因翮譯,為了報復前男友,而答應跟你交往,的女生,你
2021-02-18_09-59-40_UTC.jpg,我凌晨2點躺在床上腦補一個,假的劇情來傷害自己的感情,迷因翮譯
2021-02-19_10-02-34_UTC.jpg,迷因翮譯,FLEx,電商網站,我喝醉酒時,亂買的東西,酒醒後的我,弘8
2021-02-20_10-00-49_UTC.jpg,BradFromThe90s,@CowBoyHandsome_,"今天上完12小時的班,脫下襪子","後牠們還立著,這兩個小混蛋不",知道我們已經下班了,迷因翮譯
2021-02-22_09-59-42_UTC.jpg,公園的陌生人:今天的天氣真好!,你的孩子是哪一個?,我:我還沒決定,陌生人:,迷因翮譯,0
2021-02-23_10-02-28_UTC.jpg,今天在這世上發生唯一的好事就,是我學到當海豹擺出T香蕉式1,的時候表示他們感到快樂和滿足,迷因翮譯
2021-02-24_10-02-37_UTC.jpg,TMobile Wi-Fi,10:41 pM,* 90%,D,老爸,@迷因韌譯,Text Message,")1n 18, 2017, 2:57 P1","老爸,父親節快樂,我好愛你",也好想你,"謝謝,請問你是?",上一個擁有這支電話號碼的,人去年過世了,T死亡所留下的傷痛無人能,"治癒,愛所留下的回憶無人能",奪去],謝謝你
2021-02-25_10-05-38_UTC.jpg,國中的惡霸:一輩子都不會有,女生喜歡你啦,"現在,我和我老公:",@迷因翮譯
2021-02-26_09-58-43_UTC.jpg,他:有人跟妳說過妳今天很漂亮嗎?,她:沒有,他:妳還有明天啊,迷因翮譯
2021-02-27_07-19-36_UTC.jpg,賭上武土之魂,最終的胡鬧開始了!,TEFNAL
2021-01-31_10-08-39_UTC.jpg,刺峭如何接受麻醉,迷因翮譯
2021-02-01_09-58-34_UTC.jpg,情人節,其他人,我,迷因翮譯,5
2021-02-02_10-04-47_UTC.jpg,@迷因翮譯,男人,女人,黑人,白人,拿星座當作,窮人,有錢人,亞洲人,爛個性的藉,口的人,made,IIClllaule
2021-02-03_10-13-13_UTC.jpg,@迷因翮譯,0%,S6N+{No,"親愛的,不要害怕",這只是我的獸裝啦!
2021-02-04_10-05-05_UTC.jpg,"面試官:你的履歷很不錯,但你有犯罪","紀錄,可以跟我們解釋一下嗎?",應徵者:這很複雜,迷因翮譯,學生試圖攜帶 2OGB的迷因進],瑞典被警方逮捕,該學生聲稱只是為了,T個人用途],f3th September 2018 11:11 GIAT
2021-02-05_10-09-22_UTC.jpg,恐怖電影裡的角色:我們分頭行動吧!,"我,一個觀眾:",迷因翮譯,不要啊!你這個智障!,No you fucking idiot!
2021-02-06_10-02-33_UTC.jpg,當你要睡覺時想起幾年前做的蠢事,@迷因翮譯,閉嘴啦
2021-02-07_10-21-08_UTC.jpg,原本說不想要養狗的爸爸,在開始養狗之後的兩周:,@迷因翮譯
2021-02-08_10-00-41_UTC.jpg,當美國人看著22個人把,一顆咖啡色檸檬形狀的,球丟來丟去3個小時,@迷因翮譯
2021-02-09_10-00-54_UTC.jpg,Refrigerator,$3599,Was,$4799,Dfofe.nn,51[:55,Set associnte,Snmtiuns皿 E,1,inowfyol Cin,1;1'11:1015,1115,3111508,當你看到要你把手機反過來,看的迷因,google com search?n=5a,但你用的是三皇智慧冰箱,When usee,"your phone"" meme but",UT,On,memes,Smart,迷因翮譯,flip,watching,Samsung,Fridge'
2021-02-10_10-02-09_UTC.jpg,我想要信任人,就像這傢伙信任他的椅子-一樣,迷因翮譯,dlCHit
2021-02-11_10-01-31_UTC.jpg,"爸爸:兒子,林肯在你這個年紀的",時候已經出來賺錢了,我:他在你這個年紀的時候已經,當上美國總統了,吃爆,rekt,@迷因翮譯
2021-02-12_10-22-10_UTC.jpg,我姊姊,我哥哥,很漂亮但很笨,很聰明但很醜,我,又醜又笨,@迷因翮譯
2021-02-13_10-15-09_UTC.jpg,腦海裡不用唱-,遍字母歌就知道,下一個字母的人,愛因斯坦,牛頓,@迷因翮譯,133_115
2021-01-18_09-43-47_UTC.jpg,Hb Quofer,Remember,mhenyog,0,bodp,迷因翮譯,Coverif wifh endongered plonfs so Wfis,ilegolfo digif up..,在上面種,"-株瀕臨絕種的植物,這樣依法是不能把他挖起來的"
2021-01-19_10-00-09_UTC.jpg,當你破完所有主線後開始跑支線,2,迷因翮譯
2021-01-20_10-02-49_UTC.jpg,哇這樣聽起來你壓力很大欽,你有沒有試著把桌上所有東西,都推到地板上看看,迷因翮譯
2021-01-21_10-00-37_UTC.jpg,心理學家:每個夢背後都有它的含義,我的夢:,@迷因翮譯,Memeliln Com
2021-01-22_10-00-09_UTC.jpg,當老媽強行把你拖出房間,因為家裡有客人來,@迷因翮譯
2021-01-23_10-03-43_UTC.jpg,你害我,好丟臉,小笨狗,@迷因翮譯
2021-01-24_10-02-02_UTC.jpg,r|ANormalDaylnRussia,ulJavan_ Sky,7h,i.redd.it,1 Award,真男人都穿短褲抗議啦,迷因翮譯,受路透社採訪的民眾表示:大約 200位,"民眾在零下18度的低溫下,聚集在警察局",前面要求警局釋放 Navalny
2021-01-25_10-07-35_UTC.jpg,如果你找到一個有錢的阿姨,你願意去學煮菜,在家當家庭,主夫嗎?,我:,迷因翮譯
2021-01-26_08-06-33_UTC.jpg,昆凌,曹佑寧,范逸臣,柯有倫,高英軒,虱雲,口:,LAU|TL,7i=+0
2021-01-26_10-00-45_UTC.jpg,警察:車上還有其他人嗎?,"我:有啊,你媽",警察:阿不就好好笑,媽媽:(從後座探頭)晦寶貝,警察:啥小啊,@迷因翮譯
2021-01-27_10-14-09_UTC.jpg,迷因翮譯,土耳其,土耳其冰淇淋,冰淇淋,老闆,客人
2021-01-28_10-00-16_UTC.jpg,"校長:你兒子帶酒到學校來,說是他最",好的朋友給他的,爸爸:他...他覺得我是他最好的朋友嗎,@迷因翮譯
2021-01-29_10-03-47_UTC.jpg,"冬天到了,動物們會尋找溫暖的","地方待著,因此在發動引擎前,請",先確認你的引擎蓋上有沒有牛,迷因翮譯
2021-01-10_10-02-07_UTC.jpg,"妳,使用最貴","妳男友,使用同",的化妝品和,一條毛巾來擦,保養品,臉和蛋蛋,迷因翮譯
2021-01-11_10-02-21_UTC.jpg,警察超恨他,看看這名男子如何用一個簡單的,小技巧來躲避警方的逮捕,迷因翮譯
2021-01-12_05-32-02_UTC_1.jpg,l,5,8,;,LIVEI,1/2,?,El0,0,m,MIHI,INHKSuN,THRILL ER,10,BALCONY,111111,1
2021-01-12_05-32-02_UTC_2.jpg,THRILLET,TLER,(19,Jal
2021-01-12_05-32-02_UTC_3.jpg
2021-01-12_05-32-02_UTC_4.jpg,Liwo,NNDDN THEATRE,IIKINIS,TELL US ABOUT THE SHOW!,@THEATREBi1,TELL US ABOUT THE SHOW!,@THEATREBIZ,( 0 )-20-7851,0300,THRILLER,LIVE!,THI$,IS NOT,TTCKET,LTri,Theat,eceipt,Shaftespur}iyenue,Londor,-20,3: 26,Friday,13,Sertemp,? 01,9: 30,WHT,NUNBER;,702,0.050,Elo BAlCoNiflR,UKIN6S,Fawme,aNDl. EATRE,OKINIS,Caan Fawment,miss,inoments,faisid,EEction,Set,_25 .00,Lle,ludirg booking,fees,Patron,lame,Chan,Cheek,Lickets,before leaving,the,mistalas,Cannot,rectified,Shop,Face,Walue,540 .00,Booking,ref: 704228,HIPPO1-PC,Booking,Reference,704228,1OTH ANNIVERSARY PROGRAMME,LYRIC THEATRE,our
2021-01-12_05-32-02_UTC_5.jpg
2021-01-12_05-32-02_UTC_6.jpg,邯瓜,5UD
2021-01-12_10-01-02_UTC.jpg,你沒辦法以時速100公里,駕駛一輛藍寶堅尼,迷因翮譯,因為你買不起
2021-01-13_10-00-20_UTC.jpg,rAwwducational,迷因翮譯,u/skyfal|91404,3h,i.redd.it,12 Awards,國王企鵝需要彼此緊靠在一起來取暖,而在牠們的體溫變得過高時就會散開,覺得冷時又會緊靠在一起
2021-01-14_10-08-15_UTC.jpg,服裝店的,把衣服買回家,穿上後既難過,假人模特兒,又困惑的我,@迷因翮譯
2021-01-15_10-08-04_UTC.jpg,迷因翮譯,Bob Ross在他 20年的軍旅生涯裡爬上了空軍,三等土官長的位置,他說:T我就是那個會叫你,去掃廁所,整理床鋪在你遲到時會對你大吼,大叫的人.這份工作需要我表現出強悍且刻薄,"的樣子 我實在是受不了,於是我向自己發",誓.若我有機會可以離開這份工作 我絕對不,要再變成那樣的人',他在閒暇時間速寫環繞在自己周圍的阿拉斯加,自然風景,"最後他辭去了軍職,專注於描繪一",些快樂的雲朵和小樹,o
2021-01-16_10-04-35_UTC.jpg,我聽說她知道她晚餐想吃什麼,C,迷因翮譯
2020-12-26_10-00-34_UTC.jpg,20歲的我在家族聚餐時,被分到小孩桌:,made with mematic,迷因翮譯
2020-12-27_10-15-18_UTC.jpg,水懶在遇到,危險時會把,自己的寶寶,秀給敵人看,來博取同情,昌,@迷因翮譯,99%的,掠食者
2020-12-28_10-00-43_UTC.jpg,我聽說他不用複製貼上就能,打出(%>?,迷因翮譯
2020-12-29_10-01-54_UTC.jpg,這隻可憐的狗狗生下來就看不見,但幸虧有先進的醫療技術,現在他能看見自己的主人了,迷因翮譯
2020-12-30_10-03-10_UTC.jpg,當我去買東西時看到以前,的同學,迷因翮譯
2020-12-31_10-01-10_UTC.jpg,*打電話給媽媽*,"兒子:媽,我現在在醫院,但我人沒事","媽媽:你他媽是一個醫生,這一點也不好笑",兒子:,(,迷因翮譯
2021-01-01_10-03-30_UTC.jpg,*在1月1日早上去麵包店,"我:老闆,請問有麵包嗎?","老闆:有,但只有去年做好的",我,@迷因翮譯,老闆
2021-01-02_10-20-04_UTC.jpg,T我在 NASA工作1,迷因翮譯,North America Salad Association,北美沙拉協會
2021-01-03_10-06-16_UTC.jpg,當你找不到自己房間的某樣,東西但媽媽一秒就找到了,@迷因翮譯,媽媽魔法
2021-01-04_09-59-14_UTC.jpg,我網購的耳環一直沒有寄來,然後店家的客服要我以照片證明,Retake,Done,迷因翮譯
2021-01-05_10-17-53_UTC.jpg,8:32 PM,Google,如何在地產大亨裡作弊,@迷因翮譯,8:43 PM,Google,如何重建家庭,made with mematic
2021-01-06_10-01-30_UTC.jpg,數學老師在你的答案沒有加上,單位時,迷因翮譯,238212,2,22892_,200946,"這些數字,梅森,他們是什麼意思?",made with,Mvass
2021-01-07_10-00-39_UTC.jpg,當你單戀的對象請你幫她代班,但她沒有說她是做什麼的,迷因翮譯
2021-01-08_10-02-00_UTC.jpg,為什麼這個遊戲,的載入時間那麼,長啦!!!,@迷因翮譯,按 Enter,來開始遊戲
2020-12-12_12-41-12_UTC.jpg,當工作人員叫你不要把手伸出去,但你不乖乖照做,@迷因翮譯,made with mematic
2020-12-13_10-11-36_UTC.jpg,你的狗咬我!,不!!你可能,他是個野獸!,嚇到他了!!,@迷因翮譯,你的貓是個,嗯啊,王八蛋
2020-12-14_10-00-34_UTC.jpg,當你在網路上看到有人在你這個,"年紀就已經是個成功人土,因此你",的一天也被毀了,@迷因翮譯
2020-12-15_10-02-51_UTC.jpg,全班:欽幹今天超冷的啦!,總有那麼一個同學:,@迷因翮譯
2020-12-16_10-12-25_UTC.jpg,家裡到學校的距離,1公里,@迷因翮譯,6首歌
2020-12-17_10-01-48_UTC.jpg,全世界的八:*為了 Pornhub刪掉1OO0萬鄙,影片而難過*,擁有 2TBT作業的:,@,迷因翮譯,弱者令人作嘔,Weakness disgusts me.
2020-12-18_09-57-33_UTC.jpg,當我的,橡皮擦,不小心,掉到地上,Adios,@迷因翮譯,當我舊的,橡皮擦,在我買了,新的橡皮擦,之後,Bonjour
2020-12-19_10-06-51_UTC.jpg,跟媽媽講電話就像:,口.,Ok,@迷因翮譯
2020-12-20_10-00-59_UTC.jpg,當內向者講了一個笑話讓,一群人大爆笑,迷因翮譯,LIVE,BRE KNG NEWS,地方的馬鈴薯今天很開心
2020-12-21_10-00-24_UTC.jpg,我:*在公眾場合想一些髒髒的事,也是我:,u/FakeWolfixx,迷因翮譯,要是有人會讀心術怎麼辦!!,made with mematic
2020-12-22_09-59-03_UTC.jpg,"這是約翰,約翰去購物時都會","戴著面罩,學學約翰",迷因翮譯
2020-12-23_10-14-08_UTC.jpg,3.02,看看老鼠要爬進你的馬桶有多容易,|國家地理,National Geographic  48lviews,5 years ago,@迷因翮譯,啥小,把這當成是一個警告,啥小啊啊啊!!!!!!!!!!!!!!,iMessage
2020-12-24_10-00-39_UTC.jpg,今天誰要付錢啊?,我沒帶錢出門欺,迷因翮譯,我知道誰有錢!,他有錢!,別看我!你們自己來檢查,我真的沒帶錢,靠北喔!下次不跟你們出,"來了啦,每次都我付錢"
2020-12-04_04-08-42_UTC.jpg,"December 4, 2019",Edit,12:43 A|/,945 profile visits in thelast7 days,470,603,Ii,Eypert,Posts,Followers,Following,迷因翮譯,Blogger,歡迎喜歡 meme的六家來玩,這邊的 meme來源基本上是 reddit喔,喜歡本專業請幫我分享出去,連結是遊戲:Fractured Minds的實況影片,youtu.be l5wb4L Genv0,See Translation,Edit Profile,Promotions,Email,Story Highlights,Keep yourfavourite stories on,profile,your
2020-12-04_10-01-07_UTC.jpg,"在芬蘭,博土生在畢業典禮上會得到一頂",高頂禮帽和一把劍,迷因翮譯,33,SHARE,igorszuba 16h,"在波蘭,博土生會得到憂鬱症和酒精成癮症",REPLY,"2,423",3
2020-12-05_10-03-07_UTC.jpg,有什麼在現實中用得上的技能是你從,遊戲中習得的?,11:00 AM,11/30|20,Sprinklr,@迷因翮譯,105 Retweets,"359 Quote Tweets 4,o32 Likes",Cyberpunk 2077,@Cyberpunk6,11h,Replying to @Alienware,耐心,114,17184,"4,474",Jshua li_r ham_S,11h,心
2020-12-06_10-00-20_UTC.jpg,6歲時的我:我長大後要成為,科學家,22歲時的我:,迷因翮譯,別告訴別人我過著怎樣的生活
2020-12-07_10-00-22_UTC.jpg,這隻猩猩感覺像是因為今天外面,"天氣很好,就決定把整堂哲學課拉",到戶外去上,@迷因翮譯
2020-12-08_10-00-05_UTC.jpg,Conversation Starter,1 hr,23號公車的家長-,今天有個孩子用一台平板跟我的兒子換了一塊 Oreo,"餅乾,請聯絡我來把平板拿回去",那個小孩:,迷因翮譯,我只是個生意人...在做生意
2020-12-09_10-54-30_UTC.jpg,我:*準備睡覺,*,我的鼻子:,@迷因翮譯
2020-12-09_12-20-02_UTC_1.jpg,memetranslation,3,十三,View Professional Resources,926,27.9|,lid,Posts,Followers,Following,迷因翮譯,Blogger,歡迎喜歡 meme的六家來玩,這邊的 meme來源基本上是 reddit喔,連結有遊戲 Fractured Mind的實況中文翮譯版 和我們專頁的,linktr.ee memetranslation,See franslation,點這裡,Edit Profile,111411
2020-12-09_12-20-02_UTC_2.jpg,@memetranslation,Linktree,linktr.ee,Tlio,Eyperi,點這裡,@memetranslation,場外迷因翮譯 Youtube頻道,遊戲Fractured Mind的實況中文翮譯版
2020-12-09_12-20-02_UTC_3.jpg,場外迷因翮譯,YouTube,https:|m.youtube.com,場外迷因翮譯,場外迷因翮譯,不'這裡沒有迷因,"No, fhere will be",no,memes,1l11,[111;-11,場外迷因翮譯,搭啦!!,SUBSCRIBE,HOME,VIDEOS,PLA/LI
2020-12-10_10-03-58_UTC.jpg,我:我不懂自己怎麼會沒朋友,別人:你好!,我:,@迷因翮譯
2020-12-10_13-40-24_UTC_1.jpg,明信片,地圖,遊戲介紹,P_4.,二m,NIGHT,CITY,18
2020-12-10_13-40-24_UTC_2.jpg,廠商聯絡資訊,感謝信,遊戲光碟片,貼紙,仆,DataDise,18,廠4,b7[4,遊戲資料片,王,下載內容,技術支援,PRoSE TRFD
2020-11-20_10-20-07_UTC.jpg,今天生物考,我要跟我爸,76分羨!,媽講!,@迷因翮譯,你為什麼不,再用功一點,再也不說了,OuLTURD (0m
2020-11-21_10-00-21_UTC.jpg,"當天空中出現了哥吉拉的血條,但你",還是必須把禮物送到乖孩子手上,@迷因翮譯,CHMSus,Ili(
2020-11-22_10-01-38_UTC.jpg,國王:妳要跟妳不認識的王子結婚,女兒:我才不要跟我不認識的王子結婚,國王:妳一定要,"女兒:不要!*離家出走,遇見不認識的","王子,跟他結婚*",國王:,迷因翮譯
2020-11-23_10-01-01_UTC.jpg,13歲女生:OMG泰勒好帥!!!,泰勒:,迷因翮譯
2020-11-24_10-19-21_UTC.jpg,Jessica Valenti,F0,@jessicaValenti,推特應該新增T告訴他老媽],選項,來取代封鎖功能,1:10 AM,18 0ct 2015,"17 4,231","7,000",迷因翮譯
2020-11-25_10-06-07_UTC.jpg,美國:你因犯下戰爭罪將要被處刑,德國科學家:但我會做炸彈喔,美國:,@迷因翮譯
2020-11-26_03-58-57_UTC.jpg,Motion Pictures,"November25, 2020",Mads Mikkelsen Cast,as Gellert,Sirdeaalastt,in the,Third,"Beasts"" Film",Burbank CA_af,[官方情報],unced,today tha,Mads Mikkelsen確定出演,Story;,Han,Dark  lizan,怪獸與牠們的產地3),Fantastic Beasts',葛林戴華德一角,nthe,seriesis currentlyin production at Warner Bros.,Studios Leavesden outside ofLondon.,Thejourney continues as Warner Bros Pictures third, Fantastic Beasts',film takes audiences backto the,"beloved Wizarding Woridforan all-new, globe-"
2020-11-26_10-02-38_UTC.jpg,當你給別人看一張讓你笑到,"肚子痛的迷因,但他沒有笑",@迷因翮譯
2020-11-27_10-00-52_UTC.jpg,媽媽:不要講奇怪的話,我才沒有偏心,我弟,我弟的早餐,我,我的早餐,迷因翮譯
2020-11-28_10-30-35_UTC.jpg,醫生:你今天哪裡不舒服?,我:*看向我媽,*,迷因翮譯
2020-11-29_10-00-37_UTC.jpg,媽媽:這個動物只知道吃飯,"睡覺,然後永遠不洗澡",我跟我的狗試著搞清楚她講,的是誰:,迷因翮譯
2020-11-30_10-01-31_UTC.jpg,T為什麼女人能活得比男人久?],男人:,@迷因翮譯,吃一根吸管來證明海龜很弱,13K views,5 hours ago,3K,46,Share,Download,Save,orangepeanut,SUBSCRIBE,271K subscribers
2020-12-01_10-35-15_UTC.jpg,Yazid Sharohhuddin,Qyaziosnaron,這個用了26年的電鍋比我26歲,的兒子還有用-亞洲媽媽 2020,@迷因翮譯
2020-12-02_10-05-26_UTC.jpg,當你的主人假裝把球丟出去,第10次了,@迷因翮譯
2020-11-06_10-00-02_UTC.jpg,無論你對手的體型如何都要付出,100分的努力,5u,迷因翮譯,;
2020-11-07_09-57-04_UTC.jpg,藥頭,迷因翮譯,受過專科教育的藥頭,alamy
2020-11-08_09-58-27_UTC.jpg,被華納兄弟,辭退了,迷因翮譯,現在整個網,路上的人都,討厭他們,made with mematic
2020-11-09_10-06-11_UTC.jpg,元些院,少年昏迷了.62天醒,"來,因為他聽見哥哥",提到T雞排],迷因翮譯,所有人,給這個男人一片雞排
2020-11-10_10-20-40_UTC.jpg,我從來都不懂為什麼大家說我開車,"橫衝直撞,直到今天我轉過頭看到我",的孩子變成這樣,@迷因翮譯
2020-11-11_10-33-42_UTC.jpg,rDamnthatsinteresting,ulmonsterup111,5h,i.redd.it,2,2,10,35,4,7,"貓頭鷹小時候會趴著睡,因為牠的",頭太重了,Image,@,迷因翮譯
2020-11-12_10-07-47_UTC.jpg,我認為不重要,的篇章,考試,老師教我們的,篇章,迷因翮譯,我讀的篇章
2020-11-13_10-04-53_UTC.jpg,白人女生:你這樣是在歧視黑人!,"黑人:這只是個笑話,我不覺得受到歧.",白人女生:,迷因翮譯
2020-11-14_10-10-24_UTC.jpg,你這個臭甲,我,惡霸,@迷因翮譯,我以為你不想公開,我們的關係,我
2020-11-14_13-38-25_UTC.jpg,DEADLIIT丑,Mads Mikkelsen In Talks To,Replace Johnny Depp In,Fantastic Beasts',3 days ago,MuggleNet,EXCLUSIVE: Crew Members Inside,Production Confirm That Mads,1,day ago,下,T/2,傳聞: Mads Mikkelsen可,Mads,Mikkelse能會接替 dohnny Depp在,Depp-afloser,(怪獸與牠們的產地3),2 days ago,葛林戴華德的角色,yahoolnews,你的想法是什麼?,Fantastic Beasts 3: Mads,Mikkelsen tipped to replace
2020-11-15_10-00-06_UTC.jpg,當你把伏特加加到油箱裡,迷因翮譯
2020-11-16_10-01-15_UTC.jpg,@迷因翮譯,我正式宣布,你們結為夫...,等等,"寶貝對不起,我",妳為什麼老,當初不該,是這樣2,0
2020-11-17_10-03-58_UTC.jpg,"當你在化學製品上看到急毒型標誌,牠的意思是",迷因翮譯,快樂海盜水,它會讓你感到身體不適
2020-11-18_10-00-36_UTC.jpg,"我:聽著,我今天真的覺得超憂鬱",所以我想取消我們的預約,我的心理治療師:,迷因翮譯,這就是...我在這裡的原因阿
2020-10-27_10-02-27_UTC.jpg,包裹:*已送出,木,"我,一整天:",fbicom oiiinde MifflinMeme,@迷因翮譯
2020-10-28_00-30-22_UTC.jpg,0,Hew everyone,Todal. weive decided to move the release date of Cyberpunk 2077 by 21 days. The new release date is December lOth.,"Most likely there are many emotions and questions in your heads so first and foremost, please accept our humble apologies",The biggest challenge for us right nowis shipping the game on current-gen next-gen and PC atthe same time,which requires,us to prepare and test9 versions ofit (Xbox Une/x compatibility on Xbox Series SIX PS4/Pro compatibility on PS5 PC Stadia)...,while working from home. Since Cyberpunk 2O77 ewolved towards almost being,next-gen title somewhere along the wa we,need to make sure ewerything works well and every version runs smoothly. Wiere aware it might seem unrealistic when someone,salis that 2l days can make,difference in such,massive and complex game,Dut,thel really do.,Some ofyou might also be wondering what these words meanin light ofus saying we achieved gold master some time ago.,"Passing certification or going gold` means the game is ready. can be completed, and has all contentinit. Butit doesn't mean we",stop working onitand,raising the quality bar. On the contrary this is the time where many improvements are being made which,will then be distributed wia,0 patch. Thisis the time period we undercalculated,We feel we have an amazing game on our hands and are willing to make every decision even the hardest ones,ifit ultimately,leads to wou getting,video game,fallinlove with.,Yours,Adam Badowski 6 Marcin Iwinski,CD PRolEkT RED,an1,Day,Voul|
2020-10-28_10-20-49_UTC.jpg,當我在素描,當我在隨便,簿上畫的畫,一張廢紙上,畫的畫,@迷因翮譯
2020-10-29_09-49-29_UTC.jpg,rANormalDaylnRussia,uMoore078,9h,i.redd.it,斯洛伐克的衛生部長,08,1,@迷因翮譯,1日,113#,Marek KrajcilOLAlOl,TESTOMAiiE JE BEZPLATHE A DoBRovoLiE URCEME,6.2k,99,Share,Award
2020-10-29_14-09-30_UTC.jpg,迷因翮譯,找,找一個會傳,迷因的女朋友,找一個會傳,裸照的女朋友,個2種都傳,的男朋友
2020-10-30_07-09-50_UTC.jpg,2020 10.31%,六/,臺灣同志遊行18歲,TIWAN,LCBS PRIDE,-美,BEHUTY WY OWN WHY
2020-10-30_10-28-20_UTC.jpg,當你的狗偷了你媽的假髮,差點把你嚇出心臟病,迷因翮譯
2020-10-31_10-05-46_UTC.jpg,LOVE,L0IE,TAIWAN,RAINBOW
2020-10-31_10-40-06_UTC.jpg,內向者假裝自己討厭居家隔離,@迷因翮譯,實在令人無法,忍受
2020-11-01_10-05-36_UTC.jpg,"男人: T寶貝,我希望妳可以常常穿",性感的內褲],也是男人:,@,迷因翮譯
2020-11-02_10-19-59_UTC.jpg,高中時期的我,大學時期的我,@迷因翮譯,週5天,早上八點到,下午五點滿堂,一天有2堂課,外加早,晚自習
2020-11-03_10-05-45_UTC.jpg,CN,CN,沒有人生來就很酷,"當然,除了...",CN,CN,迷因翮譯,雖然不喜歡,動漫但也不會,去批評的人
2020-11-04_09-52-20_UTC.jpg,我:你們看我!,*啥都沒做*,爺爺和奶奶:,迷因翮譯
2020-11-05_10-01-08_UTC.jpg,誰會先釋出?,@迷因翮譯,OR,心,NV,UT,CA,bKF,A7,電馭叛客 2077,內華達州的開票結果,原始發售日:2020.4,釋出日:未知
2020-10-14_06-24-16_UTC.jpg,Suggested Groups,假裝自己是根雞雞的社團,鯊魚俱樂部一,2.8K members,30 posts a day,3OK members,Popular with people interestedin迷,Popular with,因翮譯,因翮譯,Join,Discover More Groups
2020-10-14_10-21-16_UTC.jpg,T不要免費做你擅長的事_,@迷因翮譯,Google,如何販售憂鬱?
2020-10-15_10-08-14_UTC.jpg,蘋果公司在2030年:,"這是最新的iphone20,為了愛護地球","這裡頭沒有包含手機,我們也假定你",原先就已經有一支手機了,@迷因翮譯
2020-10-16_08-11-56_UTC.jpg,想聊聊這個專頁,今天才看到10個月前的私訊請求(真不好意思),有一個其他迷因專頁的版主,很好心地提醒我 T如果增加 hashtag 就能增加粉絲的觸及喔],我心想 :果,然我們專頁的作法爛到別的版主都看不下去了嗎!!,我很感謝他,老實說我也有想在追蹤數上超越的專頁,增加觸及的作法有很多,但我就:..不想這麼做,我不想 hashtag 那麼多,不想跟別的專頁互相追蹤,互相宣傳,所以,無論你們用什麼方法找到這裡,都是奇蹟啊,雖然有時候看到其他專頁 po文數比我少,甚至有專頁是整(分么`)合(<u`),其他專頁的迷因,他們的追蹤數都比我多,會微微心裡不平衡(不宣傳還敢雞,歪那麼多),但其實你我都知道,常常去和別人比較,過度計較得失自己會不快樂,堅持每天至少要p0一篇文也是我自己要做的,"每次這樣心裡糾結很多,回過頭來還是覺得 T把現在|6 22.4k",FB 2k,Twitter 596位迷粉炤顧好就好了,然後內心就只會留下感激與幸福,"希望這個專頁更好的人,請再讓我軟爛一會吧!",迷因翮譯
2020-10-16_09-56-24_UTC.jpg,rinterestingasfuck,u/Vince,3h,i.redd.it,23 Awards,這名演員 Javier Botet罹患的是被稱為,"馬几氏症的遺傳性結蹄組織疾病,罹患這","種疾病的人身形高瘦,四肢也比一般人長","Botet的身高是 200公分,體重54公斤",迷因翮譯
2020-10-17_10-12-50_UTC.jpg,一隻鵝鵬在碼頭上咬了我奶奶之後就被罵了,迷因翮譯
2020-10-18_10-20-40_UTC.jpg,0 Cedar Springs lll,出售萬聖節皮卡丘裝.沒用過,全新.不知道要怎麼裝上尾巴,迷因翮譯
2020-10-19_10-00-57_UTC.jpg,跟我的孩子約定好如果他那一隊贏了,就給他吃冰淇淋.這是受到激勵的模樣,迷因翮譯,foalien iihnoiob
2020-10-20_10-03-05_UTC.jpg,手錶發明於1868年,人們在1867年:,@迷因翮譯,喝酒時間,144!
2020-10-21_10-13-40_UTC.jpg,Iphone12:*上市*,這個禮拜的 Youtuber:,迷因翮譯
2020-10-22_10-09-32_UTC.jpg,窮區,在網路上,提問,迷因翮譯,噁問+1,Gudin.
2020-10-23_10-03-31_UTC.jpg,當有人說他也有黑人朋友,@迷因翮譯,我是在場最沒有種族歧視的人,Jeoiple
2020-10-24_10-38-30_UTC.jpg,"當我看完一部恐怖電影,並且",在家裡聽到奇怪的聲音,迷因翮譯
2020-10-25_10-02-15_UTC.jpg,"T你很無趣談,你為什麼都不出門啊?]",我:,METFLIA,3
2020-09-29_10-00-31_UTC.jpg,"老闆:我們不只是工作上的夥伴,我們是一家人!!",我:,@迷因翮譯,砧{
2020-09-30_10-01-57_UTC.jpg,如何解決美國總統大選辯論會上,發生的問題,@迷因翮譯,工
2020-10-01_10-09-43_UTC.jpg,我請鄰居在我出遠門的這段時間幫,我照顧我的盆栽,他傳了這些照片給我:,迷因翮譯
2020-10-02_09-59-23_UTC.jpg,女生喝醉vs男生喝醉,預想,迷因翮譯,現實
2020-10-03_10-00-57_UTC.jpg,"當我凝視著她的雙眼,雙膝","一軟,胃裡彷彿有蝴蝶在飛舞",迷因翮譯,"那時我就知道,我把毒藥下在錯的",杯子裡了
2020-10-04_10-15-10_UTC.jpg,"這看起來像一座森林,但其貫這是",澳洲的蜘蛛季節造成的,;;|#/0R^ VER.2.1 :22do3,迷因翮譯,31UP ;V,我們還有個城市要滅啊
2020-10-05_10-06-43_UTC.jpg,當蘋果公司又移除了一個,MacBook的插孔,迷因翮譯,MX1o
2020-10-06_10-18-31_UTC.jpg,"心|理師:鸚鵡幫不是真的,他們不能",傷害你,鸚鵡幫:混蛋你他媽給我把窗戶打開,@迷因翮譯,made with mematic
2020-10-07_10-02-33_UTC.jpg,葬儀社:(準備舉辦葬禮),信用卡:拒絕交易,葬儀社:,迷因翮譯
2020-10-08_10-00-03_UTC.jpg,這樣以後當妳感,迷因翮譯,到害怕,寂寞或,只是想找個人說,話的時候...,妳就知道要怎麼,找到我了
2020-10-09_10-29-50_UTC.jpg,迷因翮譯,凌晨的7-11,只想去買顆,茶葉蛋的我
2020-10-10_10-03-03_UTC.jpg,你們會跟牛排吃全熟的人爭論嗎?,迷因翮譯,沒辦法他們還在嚼
2020-10-11_10-00-16_UTC.jpg,rinterestingasfuck,u Yaznum555,7h,i.redd.it,3,4 Awards,一喂颱風級核潛臚通過俄羅斯的,海灘,@迷因翮譯,10.8k,269,七,Share,Award
2020-10-12_10-06-51_UTC.jpg,當你考試的時候已經連續答了4題B,而第5題的答案好像也是B,@迷因翮譯
2020-09-14_10-00-19_UTC.jpg,跟一個會幫你打疫苗的人,在一起,@迷因翮譯
2020-09-15_10-31-22_UTC.jpg,選一個,有錢,讀心,吵架的時候知,隱形,道要怎麼回嚐,迷因翮譯
2020-09-16_10-35-50_UTC.jpg,"孩子:爸爸,可以教我功課嗎?","我:當然,是哪一堂課的?",歷史,4130,2020 年歷史,@迷因翮譯,了
2020-09-17_10-01-51_UTC.jpg,我要跟一個男生,"小心點,現在",朋友出去,的男生都只,想著一件事,@迷因翮譯,上床?,不是...,GEFDRLE RTX 3D9o
2020-09-18_08-08-01_UTC.jpg,Tpics,ulunknown human,3h,i.redd.it,60 Awards,俄羅斯反對黨領袖 AlexeiHavalny,在柏林醫院分享了第一張照片,迷因翮譯
2020-09-19_13-40-20_UTC.jpg,"先生,如果你繼.",先生!如果你繼續,"提高音量,我就要請你離開了!",@迷因翮譯
2020-09-20_10-03-28_UTC.jpg,"當遊戲指示你跟隨 NPC,但那個",HPC走得超級慢,@迷因翮譯
2020-09-21_10-07-02_UTC.jpg,正確的坐姿,錯誤的坐姿,我,迷因翮譯
2020-09-22_10-54-22_UTC.jpg,你怎麼那麼久,迷因翮譯,才來?,八W1,把身體還我!!,我很忙的,好嗎,@10N/6152
2020-09-23_10-10-41_UTC.jpg,當我的家人趁我不在家,的時候偷吃好吃的,迷因翮譯
2020-09-24_10-11-26_UTC.jpg,當天上有直升機飛過去,10歲的我,40歲的我,&,迷因韌譯
2020-09-25_10-02-33_UTC.jpg,"好人卡算什麼,這傢伙拿到的可",是傢俱卡,menian mental,迷因翮譯
2020-09-26_11-13-27_UTC.jpg,當你在工作時不小心露出本性,迷因翮譯
2020-09-27_10-06-27_UTC.jpg,最強了4卜儿,今天做了這個,0129,"171,667",10.3K,迷因翮譯,Iaia,lutello
2020-08-30_10-57-17_UTC.jpg,我的天啊老兄 你到底做了什麼?,迷因翮譯
2020-08-31_10-52-41_UTC.jpg,當你看到一個被寵壞的小孩在公,"眾場台大鬧,他的父母又不管他時",@迷因翮譯
2020-09-01_09-29-20_UTC.jpg,sixpenceee,@迷因翮譯,你知道嗎?蜜蜂一天的平均睡覺時間是,"5-8小.時,他們有時候會睡在花裡",而且他們有時候會抓著彼此的腳一起睡
2020-09-02_10-03-17_UTC.jpg,完美的視訊會議背景不存下...,Judah,]031,Haris,@迷因翮譯
2020-09-03_11-53-35_UTC.jpg,當我選擇要穿什麼衣服,@迷因翮譯
2020-09-04_10-28-02_UTC.jpg,@迷因翮譯,幹!我昨天遊戲打到-,"別擔心,我把你的角","半睡著,沒有存檔",色移到安全的地方後,存檔了
2020-09-05_09-50-49_UTC.jpg,喔不!我沒有衣服,可以穿了!,迷因翮譯,STOP3 LBRRyOn,6,幹!沒有遊戲玩了!
2020-09-06_10-28-22_UTC.jpg,"當你奶奶偷塞 500塊給你,說:",T不要跟你媽媽講喔],@迷因翮譯, irate
2020-09-07_10-05-30_UTC.jpg,:,我的狗好像,想打招呼!,@迷因翮譯,歡迎!,他很友善的
2020-09-08_10-02-17_UTC.jpg,美髮師:*毀了我的髮型還讓我看起,來活像個智障*,"我,因為太害羞而不敢說:",迷因翮譯,這完全就是我想要的,Tisis exactly what,wanted,made tid mematic
2020-09-09_09-48-35_UTC.jpg,"根據研究顯示,女性跟長得比較醜的",男性在一起會比較快樂,我:,迷因翮譯,希望,二
2020-09-10_11-43-25_UTC.jpg,當你穿著襪子踩到濕濕的地方,迷因翮譯
2020-09-11_10-29-34_UTC.jpg,rDamnthatsinteresting,uHatem96,12h,iredd.it,Award,這兩個水缸裝了同一個水源的水;,但右邊的水缸有牡蠣,0,一個成年的,牡蠣一天可以過濾1公升的水.,迷因翮譯,2.9k,73,七,Share,Award
2020-09-12_10-28-00_UTC.jpg,我所追求的友誼,@迷因翮譯
2020-08-16_06-36-56_UTC.jpg,"我正在教會做禮拜,每次我一咳嗽,這",女的就這樣看著我,L7,迷因翮譯
2020-08-17_09-14-42_UTC.jpg,角色造型不會讓你玩得,比較好,他可以威嚇敵人,他不會影響你的遊戲技巧!!,他讓我比較有自信!!,迷因翮譯,但你還是,直死掉啊!!!!,至少我死得比較有型啦!!!
2020-08-18_09-59-08_UTC.jpg,"不要再 beatbox了,我已經快死了",@迷因翮譯
2020-08-19_10-03-45_UTC.jpg,"老師:同學們,有沒有人可以舉一個",關於失敗的例子,我:(舉手),"老師:太棒了,還有沒有別的例子?",我:,@迷因翮譯
2020-08-20_10-46-48_UTC.jpg,當女生使用時光機,我是妳的孫女,真的嗎!,當男生使用時光機,Pi2,迷因翮譯,ippelit,"來,戈登",這是你要的醬汁,謝謝,Lamb
2020-08-21_05-54-18_UTC.jpg,rlANormalDayInRussia,俄羅斯的日常,u/PierrePicaud-V2,17h,iredd.it,2 Awiards,不用了謝謝,迷因翮譯,19.7k,181,七,Share,Award
2020-08-22_08-36-00_UTC.jpg,[你再也不會找到像我一樣,的女生了!1,她:,迷因翮譯
2020-08-23_10-12-14_UTC.jpg,當你想在公眾場台咳嗽,但現在是2020年,迷因翮譯
2020-08-24_09-53-34_UTC.jpg,rlaww,umadoe,8h,i.redd.it,3,2,有人發現這隻柯基倒在店裡,"以為他受傷了,其實他只是因",為吃了整罐果醬而昏了過去,迷因翮譯,H1|,Pk
2020-08-25_10-44-02_UTC.jpg,洋芋片:家庭號份量,"我,2個小時後:",迷因翮譯,或許我就是個家庭,Maybelama,family
2020-08-26_11-25-47_UTC.jpg,liz,@cherryemoticon,我爸是動物園的電工人員,"他的早晨是這麼度過的,我",要哭7!!!!,迷因翮譯,@tallant,妳爸長得好小隻喔
2020-08-27_10-00-01_UTC.jpg,天能,IAX同步上映,T,-
2020-08-27_11-26-35_UTC.jpg,"現代,有許多東西的發想是來自於中世紀.",這是其中一個例子:,迷因翮譯
2020-08-28_10-07-35_UTC.jpg,心情不好嗎?這裡有一些人們在,網路上賣鏡子的照片,迷因翮譯
2020-08-01_10-47-52_UTC.jpg,玩命關頭:印度家庭版,迷因翮譯
2020-08-02_12-00-00_UTC.jpg,繪師:天啊 我畫得超爛的,他的畫,迷因翮譯
2020-08-03_10-00-22_UTC.jpg,@迷因翮譯,一隻,鴨嘴獸?,辣個,鴨嘴獸!!
2020-08-04_10-48-35_UTC.jpg,賓土汽車的自動駕駛功能將會,被設計成犧牲行人來保護車主,賓土汽車將會認定正,副駕駛比任何事重要,來迴避道德問題,"我:路上也太塞了吧,我會來不及去醫院",車子的電腦對引擎:,迷因翮譯,人行道夠賓 走吧!
2020-08-05_11-12-54_UTC.jpg,我:(在考試中垂死掙扎),我最後的兩個腦細胞:,@迷因翮譯
2020-08-06_11-36-03_UTC.jpg,小撇步:如果在水下學習,就沒有人能看見你哭泣,迷因翮譯
2020-08-07_07-01-54_UTC.jpg,rinterestingasfuck,ulAVIVATION1,7h,i.redd.it,大象寶寶是這麼喝水的,在他們9個月大以前他們都不知道,要如何用象鼻來喝水,@迷因翮譯,8.5k,111,七,Share,Award
2020-08-08_08-29-42_UTC.jpg,"我:爸爸,我是被領養的嗎?","老爸:當然不是阿,我怎麼會選你呢?",老爸 老媽:,迷因翮譯
2020-08-09_10-11-00_UTC.jpg,Elmo最喜歡看到小朋友開心地吃蔬菜水,"果了,因為這樣他就有很多健康的器官",可以販售,@迷因翮譯,給我等一下
2020-08-10_10-28-07_UTC.jpg,當奶奶叫你媽別再罵你了,@迷因翮譯
2020-08-11_11-04-58_UTC.jpg,遊戲:這項任務你可以選擇以匿蹤的方式完成,我:,迷因翮譯
2020-08-12_10-32-52_UTC.jpg,現實生活中的工具,生存類遊戲,@迷因翮譯,裡的工具,徙爺爺那代傳,只能用2次,到孫子手上都,不能再多了,沒問題
2020-08-13_10-30-07_UTC.jpg,"當小熊貓受到威脅時,他們會站",起來,"張開爪子,讓自己看起來","比較大隻,以此來威嚇敵人",@迷因翮譯
2020-08-14_10-30-47_UTC.jpg,"遍尋不著我的倉鼠,最後發現這傢伙居然在牆上",迷因翮譯
2020-07-19_10-19-43_UTC.jpg,我:(在決勝時刻裡站在稍微有一點開放的,空間),在地圖的另一頭拿著狙擊槍的傢伙:,迷因翮譯
2020-07-19_10-57-25_UTC.jpg,社會大眾,男性憂鬱症,@迷因翮譯,made with mematic,生要 Man
2020-07-20_10-06-11_UTC.jpg,她:他八成想著別的女),他:閃電麥坤保的是車險還是壽險,@,迷因翮譯
2020-07-21_09-24-54_UTC.jpg,nobody,@Deliyadig,啥小啦,@迷因翮譯,AA,Xvideos.com,三 Q,VIDEOS,KTHIS,<這個醜八怪,UGL7,1,正在幹超辣的,Is Fucking,妹子,JHo Chicks,JWid,他怎麼做到的,T Ftd Middo_,SrVE,看這支免費的,影片>,XVideos RED,Hist.,Android App,2,19985,19986,20000
2020-07-22_04-26-27_UTC.jpg,聰明的學生,學校,需要幫助的學生,迷因翮譯,被霸凌的學生
2020-07-22_06-46-55_UTC.jpg,當你發現你抽一番賞花的錢都已經,可以買一隻A賞出來了,@迷因翮譯
2020-07-23_08-31-42_UTC.jpg,奧客:我不會再來你們這邊消費了,員工:,迷因翮譯,二幹終於啊,fucking finally
2020-07-24_10-43-12_UTC.jpg,我:(從外面幫媽媽買東西回來),媽媽:找的錢呢?,我:,@迷因翮譯,6,8,Dofito5,凸出
2020-07-25_11-38-07_UTC.jpg,不方便,不代表,受到壓迫,迷因翮譯,拒絕戴口罩的刁民,如果這些,識字他們可會非常不高興,made with mematic
2020-07-26_08-45-41_UTC.jpg,迷因翮譯,當超過40歲的男人更新,他的大頭炤
2020-07-27_09-51-31_UTC.jpg,6/6,Lanayru,35,2,<1195,8,L芒,3778,4,1m?L<y,0187,5,385+,6,b5,450,7,5137,8,2958,9,152日,10,IaLE,/677,11,71~1,430-,迷因翮譯,12,t53,3136,一名美國人在馬力歐賽車裡贏過該局全部的日本人,不可能
2020-07-28_10-38-40_UTC.jpg,為什麼日本會有這樣的多力多滋啦,@迷因翮譯,活,Domto5
2020-07-29_07-04-54_UTC.jpg,Tylerbub @Tylerbub1277- 3d,把所有同性戀者丟到一座孤島,"上,看會繁衍出多少後代......0",迷因翮譯,0,33,心7 8,198,Dumbsparce @Dumbsparc...,3d,把你跟100個女人丟到一座,孤島上也會得出相同的結果,0 37,[7 31,621
2020-07-30_07-51-26_UTC.jpg,誰是乖孩子啊??,你是,你所付出的努力我都看在眼,裡我為你感到,驕傲.,迷因翮譯
2020-07-05_02-09-39_UTC.jpg,"當今天是你逝世25週年的日子,但大家",都在慶祝美國國慶日,@迷因翮譯,"沒關係,重要的是大家都很開心"
2020-07-06_05-42-31_UTC.jpg,因為玩電玩,所以想在,現實中殺),@迷因翮譯,因為現實,太難熬,所以想在,made with mematic,電玩裡殺/
2020-07-07_11-04-45_UTC.jpg,把飲料放到冷凍庫冰得比較快,迷因翮譯,兩個小時後突然想起來
2020-07-08_10-13-23_UTC.jpg,2020年有多糟糕,@迷因翮譯,皿mgip com
2020-07-09_10-46-00_UTC.jpg,當老師講了一個很難笑的笑話,但這門課你一定得過,迷因翮譯
2020-07-10_09-27-03_UTC.jpg,當有人說:閉嘴啦 我知道你很愛我,@迷因翮譯,我願意用1塊餅乾作為代價把你賣給撒旦
2020-07-11_11-43-07_UTC.jpg,富 Youtuber突然開始在影片,裡工商,我:,迷因翮譯,>10$
2020-07-12_08-07-39_UTC_1.jpg,Gllfian,阿姆在新歌裡 Diss,沒有戴口罩的人,1 day ago,Ap,Associated Press,川普第一次在公眾,場合戴上口罩,4 hours ago,迷因翮譯
2020-07-12_08-07-39_UTC_2.jpg,迷因翮譯,巧合?,我可不這麼認為
2020-07-13_09-35-55_UTC.jpg,每一條生命,把你放到外面,都很寶貴,"去吧,小",傢伙,戀童癬是,一種自然,的性傾向,@迷因翮譯
2020-07-14_10-09-01_UTC.jpg,這是我的學生正在寫的考卷的正確答案,@迷因翮譯,我只想說我是你的粉絲,Well Liust wanna say thatlmahuge fan.
2020-07-15_11-29-28_UTC.jpg,當你終於擊,敗了關卡的,Boss,他出現第二,條血條,@氐鄱譯matic
2020-07-16_11-58-03_UTC.jpg,"這是在阿拉斯加所拍到的光柱,六氣",中的冰晶體折射光線時會出現這樣,的景象,IrlALL,迷因翮譯
2020-07-17_05-26-33_UTC.jpg,@迷因翮譯,銀河係中只有一種生意可以讓你賺這麼多錢,Only one business in the galaxy gets you this rich.,CARE AND FEEDING,我的黑人兒子販售N字,許可證給他的白人朋友,他的姐姐認為他已經賺進超過 1o00美金,By JAMILAH LEMIEUX,")UL/15, 2020",2:01 pM
2020-06-20_10-24-43_UTC.jpg,爸爸:期末考考得怎麼樣? 我:,迷因翮譯,成績出來之前的我:
2020-06-21_04-10-00_UTC.jpg,我:好飽喔 吃不下了!!,20分鐘之後的我:,迷因翮譯
2020-06-22_12-25-51_UTC.jpg,我:(寫完數學功課),我的朋友們:,迷因翮譯
2020-06-23_09-34-52_UTC.jpg,電影裡的怪獸:(被飛彈轟炸,超多次都沒有用),軍隊:,迷因翮譯
2020-06-24_08-31-19_UTC.jpg,今天老師,但我是,忘了出作業,好學生,@,迷因翮譯,斫以我就,提醒他,他沒出作業
2020-06-25_08-03-12_UTC.jpg,準備給我的 Uber,司機打5星評價,因為他途中都沒,跟我搭話,迷因翮譯,發現我的 Uber,司機發訊息說,T你在哪?
2020-06-26_08-08-33_UTC.jpg,她:我男友會打到你叫不敢啦,她男友:,迷因翮譯
2020-06-27_07-29-40_UTC.jpg,當你後面的人一直在踢你的椅背,@迷因翮譯
2020-06-28_08-36-00_UTC.jpg,3f,女權,第34條,主義者 法則繪師,@迷因翮譯,更多的女性角色,made with mematic
2020-06-29_08-28-43_UTC.jpg,[謝謝大家讓我在5個月,內達成1O00萬訂閱!!!!_,迷因翮譯
2020-06-30_11-46-52_UTC.jpg,13歲的我:我出生於1569年,Pornhub:,@迷因翮譯,"了解,祝你有個愉快的一天"
2020-07-01_05-00-31_UTC.jpg,我的單戀對象:不知道為什麼我覺得自己,好像突然喜歡上你了,我:真的嗎!!,我在前一晚:,迷因翮譯
2020-07-02_09-06-00_UTC.jpg,BE|,Areyou Bon?你是班嗎?,Wb,是,迷因翮譯,"他是我最好的朋友,他每一次都","來看我比賽,每一次都來",Hesmy beiihend;HolwioyScomesto
2020-07-03_10-26-25_UTC.jpg,rlinterestingasfuck,uDouglasEgypt,13h,i.redd.it,1,住在西伯利亞的小孩在永夜的,月份會接受UV光線的照射,Ir|ALL,迷因翮譯,90.8k,1.8k,Share,Award
2020-06-06_09-42-23_UTC.jpg,G|ZM0D0,2 MIN READ,學生因為把學校放上網拍賣,而遭到懲處,@迷因翮譯,"我不是針對你,這就只是",椿生意
2020-06-07_05-57-08_UTC.jpg,給你們看看我的3萬元電視架,@迷因翮譯,1,misi
2020-06-07_13-20-33_UTC.jpg,"不~(""n`)",耶足扭?,170 t,H2oDelirious-破碎的心-探討焦慮症&精神疾病(給你,們抱抱)中文字幕] Fractured Minds Exploring..,150 views,19 hours ago,25,Share,Download,Save,FireOfKarma,SUBSCRIBED,1.74K subscribers
2020-06-08_09-46-23_UTC.jpg,男子在IKEA迷路了12天,後被解救出來,"0CT0日5R 6,?2(1",迷因翮譯,UU,JurS1
2020-06-09_06-26-32_UTC.jpg,有沒有一個遙控器可以按一個鍵就,讓八閉嘴,我:,迷因翮譯
2020-06-10_03-45-57_UTC.jpg,富你整晚矢眠然後開始,聽到鳥叫聲,迷因翮譯
2020-06-11_07-05-46_UTC.jpg,Skooch,@SkoochLoL,"是的,我 我的女朋友和她價值",5o0美金123公分高的咩利羊,娃娃,迷因翮譯
2020-06-12_04-35-12_UTC.jpg,誰會贏?,外星 Wi-Fi路由器,迷你冰箱,迷因翮譯
2020-06-13_03-23-59_UTC.jpg,T我需要認識新的八,也是我:,迷因翮譯,新的,新的,新的人,made with mematic
2020-06-14_11-40-56_UTC.jpg,我:,洗碗之後的我:,@迷因翮譯
2020-06-15_11-17-20_UTC.jpg,@迷因勸譯,他怎麼了?,他一開始拔指甲邊緣的死皮,made with mematic,就停不下來了
2020-06-16_11-17-46_UTC.jpg,當心理學家要你畫出你的心情,@迷因翮譯
2020-06-17_02-57-59_UTC.jpg,"T如果你問我的話,我會說一天吃",4次點心有點太多_,[沒有人問你的意見!!1,@迷因翮譯
2020-06-18_04-18-42_UTC.jpg,警察與示威者協力幫助肥胖的男子,脫下他的褲子,@迷因翮譯
2020-12-25_09-55-56_UTC.jpg,當我的 FB|幹員看到我在約會,模擬器裡被 NPC拒絕第10次,@迷因翮譯,FBI
2021-01-09_10-02-58_UTC.jpg,rinterestingasfuck,u/Dev-98,16h,i.redd.it,1,14,7,3 8,8,在南美洲挖出了一輛車大小的,鳥龜化石,9,以卡羅作為比例尺,迷因翮譯
2021-01-17_10-00-05_UTC.jpg,當你要關電腦時不小心按到,重新開機,迷因翮譯
2021-01-30_09-49-31_UTC.jpg,我:*花一大筆錢買各種玩具給我的狗,我的狗:,@迷因翮譯
2021-02-14_10-01-14_UTC.jpg,"他的父親在他12歲時離開了,現在","他有一個 YouTube頻道叫做""Dad,","how dol?""(爸爸,我要怎麼?)來幫助","沒有父親陪伴長大的孩子們,教一些",你可能會請爸爸教你的基礎技能,Howto fix most,running toilets.,198K views,5 days ago,4:22,怎麼修理大部分的漏水馬桶,Howto,unclog a,bathtub drain.,83K views,1 week ago,5:48,怎麼疏通浴缸排水管,Howto unclog a sink.,66K views,2 weeks ago,怎麼疏通洗手台,9:58,@迷因韌譯
2021-02-27_07-27-59_UTC.jpg,幾,拳,頓
2021-03-13_10-12-19_UTC.jpg,"當你已經準備要入睡,但鄰居在開轟趴",I,0:02 /10.00:00,10小時的寧靜(原版),5246 074 +iews,$ep 21 2011,迷因翮譯
2021-03-26_10-01-03_UTC.jpg,"在菲律賓,快遞送貨到府需要以照片佐證",@,迷因翮譯
2021-04-09_08-32-27_UTC.jpg,真入,快打,來吧,4月8日(週四)大銀幕開打
2021-04-23_10-05-56_UTC.jpg,再也不需要扎衣服,TRINGLOBE,0,@迷因翮諱
2021-05-06_10-05-34_UTC.jpg,記憶中的,實際上的,老遊戲,老遊戲,@迷因
2021-05-22_10-02-35_UTC.jpg,我:*翮開一顆石頭,下面的蟲子:,@迷因翮譯
2021-06-06_09-47-19_UTC.jpg,如果仙度瑞拉的鞋子真的合腳,那它為什麼會掉?,迷因翮譯
2020-05-25_04-48-14_UTC.jpg,期望,中年危機,出生,死亡,"長大,享受人生","退休,享受人生",現實,出生,死亡,危機,Qankwordanniecomits,@迷因翮譯
2020-05-26_01-30-35_UTC.jpg,女生打噴嚏,男生打噴嚏,@迷因鄱譯,爸爸打噴嚏
2020-05-27_03-32-33_UTC.jpg,"當你想要走正途,但撒旦",不斷試探你,@迷因翮譯
2020-05-28_04-12-27_UTC.jpg,當同學鼓吹老師講自己的,"故事,這樣我們就不用上課",老師:,迷因翮譯,他們愛我,They love me
2020-05-29_02-14-32_UTC.jpg,當你床底下的怪物在凌晨3點,看著你崩潰大哭而不是在睡覺,@迷因翮譯,u ok?,你還好吧?
2020-05-30_03-40-14_UTC.jpg,我:那個狙擊手還在嗎?,朋友:不知道 你看-下,我:好喔,迷因翮譯
2020-05-31_04-36-19_UTC.jpg,好笑的,Youtube留言,迷因翮譯,[2020 年還,在看這個影,片的舉手]
2020-06-01_04-16-10_UTC.jpg,2020年,世界不斷,承受苦難,SpaceX,太空人,@迷因翮譯,made with mematic
2020-06-01_11-51-59_UTC.jpg,[公告],今天第一次用|G網頁版才知道有些八傳訊息給我,之前手機版完全沒有通知,沒看到訊息對不起.,在這邊統一口應相似的訊息,1,分享我的圖只要標記出處可以不用知會我,歡迎大家多多分享,朋友,{現代八怎麼這麼有禮貌!!,2.,本專業的帳號沒有要賣,以上,感謝六家的支持,祝六家順心!,版主,Ta9
2020-06-02_01-55-24_UTC_1.jpg,rprogun,Join,u/MRcOmbine13,257d,i.redd.it,"1992年洛杉磯暴動時,多名韓裔的",商店店主為了防止商店遭到暴徒,搶劫而拿起槍保衛自己的資產,迷因翮譯
2020-06-02_01-55-24_UTC_2.jpg,"昨天洛杉磯的韓國商店被搶劫,各位","女土先生,他們回來了",迷因翮譯
2020-06-03_03-39-23_UTC.jpg,小姐 我他媽只是一匹馬阿你,現在是在叫啥小,@迷因翮譯
2020-06-04_04-23-49_UTC.jpg,1,ulaclanonC3ll,iedd.it,21 12 91 33 {34,31年前他們帶走了這些人的性命,Pol5
2020-06-05_06-15-20_UTC.jpg,未來的學生拿到的歷史課本,2000-2019,2020,迷因翮譯
2020-05-10_06-24-07_UTC.jpg,媽媽為孩子媽媽為目己,做的食物,做的食物,迷因翮譯,ui cn {al
2020-05-11_03-24-50_UTC.jpg,當你不知道答案但又不想,被老師點到,就只好做出這個動作,@迷因翮譯
2020-05-12_02-26-58_UTC.jpg,證明貓咪不僅能給予精神上的支持,也能給予物理上的支持,AWW,迷因翮譯
2020-05-13_02-47-42_UTC.jpg,當網頁過了超久的時間都跑不,"出來,但是在你按下重新載]",的瞬間跑出來了,282=70,迷因翮譯
2020-05-14_08-30-09_UTC.jpg,富你因為沒有複習功課心中,充滿罪惡感,但你還是不想去念,@迷因翮譯
2020-05-15_01-49-25_UTC.jpg,我:我的電腦爛死了,朋友:那就買一台新的阿,我:,迷因翮譯,我的天啊.多好的想法.我怎麼從來沒想到過,my goooness whatanidea,didntrthinkofthat.,why
2020-05-16_01-56-52_UTC.jpg,當我媽去逛街時看到的,迷因翮譯,uwinkysocks21,當我被迫陪她去逛街時看到的
2020-05-17_01-48-15_UTC.jpg,當你滑到 Youtube的最下面想要留,"言,想起他們又移動了留言區的位置",@迷因翮譯
2020-05-18_02-33-40_UTC.jpg,老師:你們的期末報告是選,一種植物來種,我:(種大麻),老師:,迷因翮譯
2020-05-19_03-13-16_UTC.jpg,當我的東西,[不見了],T誰偷走我的..],T阿 在這裡_,迷因翮譯,Muiolllu coi
2020-05-20_08-13-22_UTC.jpg,如果你把香蕉像這樣吊著,"比較不會爛掉,因為他會",以為自己還在樹上,迷因翮譯,MESSAGES,101,哈佛,尼哥你想要獎學金嗎?
2020-05-21_04-38-26_UTC.jpg,不是所有英雄都穿斗篷,有些穿著葡萄裝,迷因翮譯,els,記者為了支持因穿香蕉裝上課而,"被停學的小男孩,穿上了葡萄裝"
2020-05-22_09-22-40_UTC.jpg,lama,@dar@迷因翮譯,[我喜歡你的個性]那還,"用說,我為你量身打造了這個",個性,1:23 PM,5/5/20,Twitter foriphone,38.9K Retweets,232K Likes
2020-05-23_07-35-35_UTC.jpg,"我,吃下一口很燙的食物:",哈斯哈斯呼呼吼~燙死了哈斯,"我,30秒之後:",迷因翮譯,我他媽要再做一遍,fuckin doitagain
2020-04-25_04-56-09_UTC.jpg,當網路上很多人祝你生日快樂,但在現實中幫你過生日的人一個都沒有,@迷因翮譯,版主生日限定版
2020-04-26_04-53-41_UTC.jpg,如何利用社群媒體獲得關注?,策略1,策略2,@迷因翮言
2020-04-27_07-45-46_UTC.jpg,我凌晨3點在網路上看,某個印度人蓋游泳池,迷因翮譯,What,thefudk,Loing
2020-04-28_10-59-12_UTC.jpg,13歲的我:如果有人霸凌我該怎麼辦?,Google:馬上告訴你信任的大),Bing:,迷因翮譯,"殺了他,現在就殺了他",Kill him. Killhim now.
2020-04-29_05-23-39_UTC.jpg,WiFi:連線狀態良好,也是 WiFi:,迷因翮譯
2020-04-30_03-53-14_UTC.jpg,當你已經買了很貴的抗噪耳機,卻還是能聽到自己腦中的聲音,迷因翮譯,Useless! Useless! Useless! Uselessl Useless!,沒用!沒用!沒用!沒用!沒用!
2020-05-01_03-24-03_UTC.jpg,他沒有死掉,只是去修行了,迷醫翮譯
2020-05-02_09-03-45_UTC.jpg,*輸給真的亡我厲害的玩冢*,我:,迷因翮譯,他媽的,外掛,made with mematic
2020-05-03_13-59-53_UTC.jpg,我的六腦:快做,我:為什麼,我的大腦:做就對了,迷因翮譯
2020-05-04_07-42-08_UTC.jpg,當你聽到你的名字,T獸醫_,T蛋蛋_ 在同個句子裡,@迷因翮譯
2020-05-05_07-55-20_UTC.jpg,選擇你的對手,迷因翮譯,SusH,JAReM BReMpA,愛講八卦,會召喚,看過影集,(實習醫生)後,紅酒成癮,經理出夾,就以為自己是醫生
2020-05-06_04-14-08_UTC.jpg,她:我只跟你一個人傳訊息,也是她:,迷因翮譯
2020-05-07_04-26-50_UTC.jpg,媽嬬,看到某間服飾店,@迷因鄱譯,我,'拜託,不要進去
2020-05-08_11-15-42_UTC.jpg,我在開始簡報前等老師叫,全班安靜下來,@迷因翮譯,=0,0 010 0
2020-04-10_01-55-50_UTC.jpg,記得這些跳舞的非洲小孩嗎?,"這是他們現在的樣子,覺得老了嗎?",@迷因翮譯
2020-04-11_05-27-44_UTC.jpg,老師:要抄完筆記才可以下課喔,現代學生:,@迷因翮譯
2020-04-12_07-06-36_UTC.jpg,當有人在你面前拍抖音,迷因翮譯,made with Iematie
2020-04-13_08-30-01_UTC.jpg,新版的泡泡紙在擠壓俊不會爆開,Tho Hufingion Post,By Ed,@迷因翮譯,湯瑪土從沒看過如此荒唐的事,Thomas had neve seen such builshi before,1
2020-04-14_11-26-54_UTC.jpg,女友的爸爸:你怎麼封她 我就,怎麼對你,我:*給她1o00塊*,女友的爸爸:,@迷因翮譯,mematic& Tenor
2020-04-15_10-51-00_UTC.jpg,老師:不准複製維基百科,維基百科:他死於1987年,我:在1987年他離世了,迷因翮譯
2020-04-16_09-16-31_UTC.jpg,我穿外套是因為...,@迷因翮譯,待會天氣會變冷,我覺得冷,阿嬤覺得冷
2020-04-17_09-21-39_UTC.jpg,rmemes,ulu- Darien,6h,i.redd.it,INFECTED,Im,f*cking China,Memonavirus Event,Memes,am,real,Nolamreal China!,我才是真的中國,No,renot realChina!,Fineslm Taiwan then!,那好吧 我是臺灣,@迷因翮譯,No! YoureppatofChina!,幹!,你是中國的,部,3.5k,51,七,Share,Award
2020-04-18_03-42-46_UTC.jpg,我阿嬤手機,瀏覽器的,分頁數量,宇宙中,的星星,迷因翮譯
2020-04-19_05-00-18_UTC.jpg,髮型師:您今天想怎麼剪?,她:*咳嗽*,髮型師:明自了,@迷因翮譯
2020-04-20_06-15-25_UTC.jpg,妳有帶錢嗎?,沒有,迷因翮譯
2020-04-21_06-45-16_UTC.jpg,有事直接打電話,而不是傳訊息的人,@迷因翮譯,我
2020-04-22_07-27-11_UTC.jpg,如果有些人在你生命中缺席能為你帶來平靜,@迷因翮譯,那就不算是損失
2020-04-23_11-59-29_UTC.jpg,Credit: SWGE Joufpals,婦仄的乳房果凍矽膠替她的心臟,擋下顆子彈,迷因翮譯,Kim Kardashian,made with mematic,金卡戴珊
2020-03-27_15-16-57_UTC.jpg,腦子是什麼時候被發現的?,0,All,Images,C Shopping,News,The Brain,Discovered,1766,人們在1765年:,@迷因翮譯
2020-03-28_05-12-36_UTC.jpg,某人:*在筆戰中不小心打錯字*,全體鄉民:,迷因翮譯
2020-03-29_04-50-24_UTC.jpg,"我有信任問題,但普丁已經達到",另一個境界7,迷因翮譯,#FHV
2020-03-29_14-59-16_UTC.jpg,嘿能夠一起玩遊戲很開心,"我得了武漢肺炎,如果",接下來的7天我沒有上線,你就玩我的帳號吧,希望我們還能一起玩,@迷因翮譯,這足以讓一個成年男子哭泣
2020-03-30_11-37-50_UTC.jpg,當你試著把扭蛋裡附的,貼紙貼好,迷因翮譯
2020-03-31_11-20-13_UTC.jpg,媽媽:小心點食物很燙,我:*已經吃了大口*,@,迷因翮譯
2020-04-01_06-09-33_UTC.jpg,這是威爾森,他現在在家工作,@迷因翮譯
2020-04-02_06-49-15_UTC.jpg,因為義大利人都被隔離在家,這些野生的物種也開始回到原始,的棲息地了,@迷因翮譯
2020-04-03_05-57-37_UTC.jpg,當隔離期終於結束,@迷因翮譯
2020-04-04_13-02-45_UTC.jpg,湯姆哈迪一直教我們帶面罩,我們卻沒聽進去,@迷因翮譯
2020-04-05_06-49-45_UTC.jpg,新聞:海豚開始回歸威尼斯,的運河,此時的日本:,@迷因翮譯
2020-04-06_08-34-11_UTC.jpg,當電影裡的角色說出了,電影的名稱,迷因翮譯
2020-04-07_07-52-26_UTC.jpg,2:55 PN,268,Wel,Hot,我的毒品檢測結果呈現陰性,現在我的藥頭該好好跟我,解釋解釋了,20h,@迷因翮譯,rnade wit mematic
2020-04-08_06-45-29_UTC.jpg,富你聽到不煞悉的腳女聲,朝你房間走來,@迷因翮譯,叫 able dal,錶明你的身分 你是什麼人!?,Who thefidk are you idenmfyYourself n gga
2020-03-16_08-16-22_UTC.jpg,我需要更多,這是病毒,的衛生些...,不是大冰奶,迷因翮譯
2020-03-16_23-39-21_UTC.jpg,政府:*禁止10人以上的聚會,我:*必須殺死自己幻想出來的,第11個朋友,@迷因翮譯
2020-03-16_23-54-36_UTC.jpg,First case ofcorona confirmed in Greenland,格陵蘭第一例確診,BBC- IES.US,say sike right now,你他媽說啥??,C0
2020-03-18_03-25-47_UTC.jpg,動漫主隹,迷因翮譯,Ueli,CuP+
2020-03-18_07-06-33_UTC.jpg,我:2020年全球經歷了大危機,子孫:那你有幫上忙嗎?,"我:當然有啦,我在網路上逗大家開心",@迷因翮譯
2020-03-19_01-31-25_UTC.jpg,LADBIBLE,2,Netflix,(獵魔土)受疫情影響宣布第二季,延後開拍,@迷因翮譯,瘟疫之後就沒見過你,haven't seen you sincethe plague.
2020-03-19_14-29-31_UTC.jpg,時空旅人:就是他!他就是0號,病人!,某個正在喝蝙蝠湯的中國人:,@迷因翮譯
2020-03-20_02-12-07_UTC.jpg,這個妹妹跟她的父母走散了,為了確保我去找她父母時她不會跑掉,我先用小恐龍把她封印起來,迷因翮譯
2020-03-20_14-57-43_UTC.jpg,當你上班上到很疲倦了,就跑到廁所像這樣坐著,迷因翮譯
2020-03-21_06-42-13_UTC.jpg,致凱倫,"是我,耶穌啦",E TL EP COl,@迷因翮譯,"聽著,妳不要在 FB上說什麼",把自己的生命交在我手上,妳給我跟其他人一樣乖乖,洗手,"在家隔離,聽到沒?"
2020-03-22_07-05-11_UTC.jpg,我:*因為太吵了所以把電視關掉,爸爸:欽我還在看餒,他2秒前:,迷因翮譯
2020-03-23_13-13-53_UTC.jpg,"為人們無止盡地囤貨,我們已經","沒有食物吃了,抱歉了小赭",$,@迷因翮詳,BRL,OR,tu
2020-03-24_14-17-53_UTC.jpg,Dora在居家檢疫期間擅自離開,"住處被警察逮捕(2020,上色版)",@迷因翮譯,POLIC,ICE,吒
2020-03-25_07-29-17_UTC.jpg,PETA, PCTA,@peta,釣魚是素食者該有的行為嗎?,Isit#veganto gofishing?,抓蟲是符合道德規範的嗎?,sitehicalto catch bugs?,狸克在利用你嗎?,IsTomilook exploiting you?,#AnimalCrossing ewHorizons,@迷因翮譯,^,The egan Guideto Animal,Hew,Horizons,peta.org,指導守則
2020-03-03_02-25-04_UTC.jpg,當路人角的腳趾頭中了一槍,當主角心臟中了57槍還被,核彈轟炸,迷因翮譯
2020-03-04_03-37-39_UTC.jpg,一般人,樓上的住戶,@迷因翮譯
2020-03-05_07-37-40_UTC.jpg,當我為了考試考不好而難過,但我的朋友們告訴我他們也,考得很差,迷因翮譯
2020-03-06_05-04-15_UTC.jpg,T可是你的,器官在黑市,很值錢啊],覺得自己,毫無價值,迷因翮譯,的朋友,我
2020-03-07_02-29-16_UTC.jpg,*一台 BMW超我車*,#,*最後我們還是得等同一個紅燈,迷因翮譯
2020-03-08_09-46-13_UTC.jpg,lidas,adidc,屁股的大小,迷因翮譯,ad,屁股,的形狀,adidas
2020-03-09_03-51-03_UTC.jpg,媽媽:*叫我的名字*,我:幹嘛,(沈默),我:幹嘛!!!!!!!,(沈默),迷因翮譯,吼幹又來了,Ahh shit here We go again
2020-03-09_23-46-51_UTC.jpg,當我開始瘋狂咳嗽然後,出現想要環遊世界的欲望,迷因翮譯
2020-03-11_03-59-01_UTC.jpg,每個學校因為武漢肺炎停課,@迷因翮譯,我不會冒險開戰,will notrisk open war!,我的學校:,uMatsk1,死亡!,Death!
2020-03-12_01-49-44_UTC.jpg,當你在數學課睡覺:,@迷因翮譯,8:45 AM,8:40 AM
2020-03-12_12-35-22_UTC.jpg,fpics,ulA_ Man,Has,No Name,i.redd.it,黃金海岸醫院的工作人員給,湯姆漢克一顆排球陪伴他隔離,Pics & Gifs,迷因翮譯,10.6k,123,L,Share,Award,3h
2020-03-13_10-46-09_UTC.jpg,世界:為什麼病毒一直在擴散?,也是這個世界:,flightrooor24,迷因翮譯,12-03-2020,Ukrain,Wion,tlantic,Algeria,Libya,Mali,Sudan,Chad,enezue,ligeria,nbia,Tanzania,Settings,Filters,Bookmarks,Madagascar,Idial,South,lana,Map data @2o2o,2o00 km,Terms ofUse,;|0[
2020-03-14_06-08-57_UTC.jpg,我:*咳嗽*,同學:你得武漢肺炎喔,@迷因翮譯,0111,8
2020-03-15_07-08-28_UTC.jpg,這是現在的全球疫情分佈圖,@迷因翮譯,就跟模擬器一樣
2020-02-19_08-16-16_UTC.jpg,當老師把這個大傢伙推進來,你就知道今天上課會很好玩,迷因翮譯
2020-02-20_10-45-44_UTC.jpg,朋友:我真的很窮啦,也是他:,@迷因翮譯,Sopreme
2020-02-21_08-01-22_UTC.jpg,就愛每張熊貓的照片都像一場,大混戰的樣子,迷因翮譯
2020-02-22_06-45-39_UTC.jpg,當你媽叫你整理房間,但這樣房間裡唯一的垃圾,就剩你了,@,迷因翮譯
2020-02-22_10-58-34_UTC.jpg,18:51,rlevilbuildings,七,rlevilbuildings 邪惡建築物,JOIN,"600,590 members",129 online,如果這棟建築看起來像是邪惡的企業或反派,住的地方就可以 po在這個版上,Explore,@迷因翮譯,Posts,About
2020-02-23_03-33-25_UTC.jpg,迷因翮譯,"Let meguess, yourcard?","讓我猜猜,你的卡?",Wow 哇喔
2020-02-24_01-31-43_UTC.jpg,@迷因翮譯,火箭隊出場,15,小智一行入,2
2020-02-24_12-19-25_UTC.jpg,我:翩滾!,狗狗:*翮滾*,我:坐下!,狗狗:*坐下*,我:煎鬆餅!,狗狗,迷因翮譯
2020-02-26_00-10-53_UTC.jpg,數學老師的免疫系統:,迷因翮譯
2020-02-27_05-35-25_UTC.jpg,愛操心的朋友:食物沒辦法,填滿你心裡的空虛,"我,秉持著科學精神的人:",@迷因醐譯
2020-02-28_00-07-23_UTC.jpg,"真希望我能幫得上忙,莎拉",o,但我是個,家庭醫學科醫生而妳是個孤兒,0,@迷因翮譯
2020-02-29_02-57-01_UTC.jpg,中國男子用一雙筷子偷了正在,騎腳踏車的騎土的iphone,AR;,迷因翮譯,我有可能學會:個力量嗎?
2020-03-01_07-20-18_UTC.jpg,武漢肺炎:*存在*,歐洲人:中國離我們那麼遠應該不會,傳過來吧,武漢肺炎一個月後:,@迷因翮譯,Ilike to moveit moveit
2020-03-01_10-52-14_UTC.jpg,[么告],5天前武漢肺炎的迷因留言處有迷粉在底下發生爭執所以我刪掉7,這次我沒有封鎖任何人,"本版的宗旨是博君一笑 雖然有時可能會有人因此受到冒犯,但是","版主並沒有要傷害任何人的意思,我想請六家不要總認為別人想要","傷害你,至少我沒有",如果你還是不能接受本版的風格,你可以:,退追蹤,罵版主不好笑,罵版主文法不好|雖然我會氣,個禮拜後跑去讀書增加文采,因為迷粉在本版享有言論自由,你不可以:,讓其他迷粉因為看了你的留言而不高興地離開,因為本版只有版主有能力用難笑的迷因把迷粉氣走,我再說一次,"本版的宗旨是博君一笑,所有人都是為了爽3秒聚集在這裡",請大家不要隨便挑釁別/,也不要輕易受到挑釁,"若有對於這則公告有疑慮,我在這邊統一回覆:",請你退追蹤_,祝大家順心,版主
2020-02-09_01-17-39_UTC.jpg,@迷因翮譯,FREE Wi-Fi,2,入,C0$,十,dx,_2,2,2,The wiF password IsIhe firstlOoigits ofihe answer,WIFI密碼是答案的前10個數字,數學老師,其他),十3,/v4,]2
2020-02-10_01-18-20_UTC.jpg,"醫生:我很遺憾,你只剩下3個月",可活,我:(把1o00塊紙鈔推向醫生),讓它變1個月,@迷因翮譯
2020-02-10_11-50-34_UTC.jpg,數學應用題:
2020-02-11_05-26-10_UTC.jpg,@迷因翮譯,我奶奶,稱讚我,早上六點在,很早起,睡前去廚房,找東酉吃
2020-02-12_03-22-53_UTC.jpg,網球比賽的觀眾席,迷因翮譯
2020-02-12_07-23-07_UTC.jpg,我:我沒有什麼成就.我沒有錢.,沒有房子.沒有車子,我的大腦:但你用笨笨的圖讓-,些人笑了,@迷因翮譯,[開心的噪音],happiness,0ise
2020-02-13_04-28-24_UTC.jpg,我.一個無神論者,被困在電梯裡2秒後,迷因翮譯,耶穌基督是我的尼哥,JesusChristis mynigga
2020-02-14_03-47-28_UTC.jpg,老師:好這題我們跳過,"我,已經提早算出答案了:",迷因翮譯
2020-02-14_09-04-21_UTC.jpg,會不會地鼠的鼻子其實是,嘴巴和1顆牙齒,@迷因翮譯
2020-02-15_05-45-19_UTC.jpg,蝙蝠會利用聲音來鎖定獵物的位置,@迷因翮譯,找飯店?,Trivago,阿幹
2020-02-16_04-32-36_UTC.jpg,"兒子,如果有陌生人給你毒品怎麼辦?",@迷因翮譯,PiiEiP|,"記得跟人家說謝謝,因為毒品很貴"
2020-02-16_10-31-43_UTC.jpg,NEWS,World,Europe,武漢肺炎在歐洲出現第一起,死亡案例,5,hours,ago,干,歐洲人:,迷因翮譯,ulami4
2020-02-17_04-27-34_UTC.jpg,我:*開車時把手放在她的大腿上*,我的駕訓班教練:,@迷因翮譯
2020-02-17_04-47-29_UTC.jpg,Tdankmemes,u/_ PeeceKeaper_,8h,i redd.it,S,3 Awards,超狂,臺灣的媒體在新聞上開了一個超妙的玩笑,ali,迷因翮譯,"黜""",田,120 5825,下,安情發燒習拔官空降親信,Eiil3,aiwan,News,看我整到你了吧,olilled a snealw omwa
2020-01-28_04-25-23_UTC.jpg,"""爸爸趕快回家""","""不行我在醫院""","""媽媽要把你的 PS4賣掉了!""",@迷因翮譯
2020-01-29_06-04-49_UTC.jpg,電影裡的英雄:*快要死掉了,戲劇性的 Bgm和人生跑馬燈:,@迷因翮譯,死亡很甲
2020-01-30_05-18-46_UTC.jpg,Google在微軟宣布不再支援,忙之後,迷因翮譯
2020-01-30_08-01-58_UTC.jpg,男子假裝主病 這樣武漢肺炎,10;53Am,就找不到他,@迷因翮譯,3,THE,TRICKSTER
2020-01-31_08-34-35_UTC.jpg,耶穌在跟 Kobe混了幾天後,@迷因翮譯
2020-02-01_02-14-35_UTC.jpg,當5歲的我吃下一個水果,籽之後有人跟我說那個籽,會在我體內發芽,@迷因翮譯
2020-02-02_02-58-37_UTC.jpg,我:*被嚐爆*,我麻吉:,@迷因翮譯
2020-02-02_11-07-05_UTC.jpg,當你打敗大 Boss,但是 Boss的 Bgm還在持續,迷因翮譯
2020-02-03_03-59-00_UTC.jpg,[兩名男子因為偷秘密,食譜而被逮_,@迷因翮譯,[0;,0
2020-02-04_02-56-23_UTC.jpg,武漢肺炎:*傳到非洲,伊波拉:,@迷因翮譯,看著我我才是這裡的病毒
2020-02-05_03-19-09_UTC.jpg,我:*看著考卷上的第一題,我的大腦:,迷因鄱譯,0,自殺,放棄
2020-02-05_10-52-57_UTC.jpg,昨晚忘記給朋友一條毯子了,@迷因翮譯
2020-02-06_01-18-24_UTC.jpg,任何角色:*存在,同人圈:,迷因翮譯,PORN
2020-02-07_04-16-34_UTC.jpg,"""Penguin""",企鵝,鵝,"""Business""","""Goose""",@迷因翮譯,等等他說得蠻有道理的,No no. Hes dot a point.
2020-01-18_07-37-33_UTC.jpg,我:我現在還單身是因為上帝,為我安排了一個特別的/,上帝:,@EpicChristianMemes,@,迷因翮譯
2020-01-19_01-46-06_UTC.jpg,當班上的德國小孩和猶太,小孩講話,@迷因翮譯
2020-01-19_10-08-46_UTC.jpg,俄羅斯男子開著偷來的,坦克撞進超市要偷紅酒,迷因翮譯
2020-01-20_05-18-20_UTC.jpg,r/ANormalDayInRussia,u/_ hrga,lOh,imgur,出車禍後等警察到現場,迷因翮譯
2020-01-21_03-20-52_UTC.jpg,當飛機在,暴風雨中飛行,@迷因翮譯,當機上有人,手機沒開,飛航模式
2020-01-22_10-01-09_UTC.jpg,在洗澡的時候,沐浴乳的罐子,水溫,迷因翮譯,鏡子,角落的蜘蛛
2020-01-23_02-08-03_UTC.jpg,Mother Of Sarcasm,@Sarcasm| other,生日禮物只是你這一年,沒有死掉的獎勵,10:34 P|/,Jan 21 2020,@,迷因翮譯,等等他說得蠻有道理的,No,no. He's,a,point,got
2020-01-23_11-00-11_UTC.jpg,[有病毒大爆發欽 你幹嘛,去格林蘭啦_,瘟疫公司玩家:,迷因翮譯,你不會懂的,You wouldnt,get
2020-01-24_03-14-54_UTC.jpg,我:*終於有閒暇時間可以,打遊戲,2OGB的遊戲更新檔:,迷因翮譯,helo
2020-01-24_10-35-39_UTC.jpg,我:我不喜歡我自己,心理師:這很常見喔,我:真的嗎??,心理師:很多人都討厭你阿,@迷因翮譯,S|75,Hodiumn,Smoll,Lot,OOF
2020-01-25_02-59-36_UTC.jpg,2019造型搭配,2020造型搭配,迷因翮譯
2020-01-26_05-09-46_UTC.jpg,澳洲有4起武漢肺炎病例確診,迷因翮譯
2020-01-26_10-26-28_UTC.jpg,當習近平在 WHO會議上,打了一個噴嚏,@迷因翮譯,AFP,dovic Marin Pooll HFP
2020-01-26_23-21-07_UTC.jpg,r/shittyrainbow6,u/Taccons,2h,i.redd.it,他總是在我們丟手榴彈時幫了我們一把,RIP Kobe,@迷因翮譯,JPAI
2020-01-10_02-41-42_UTC.jpg,當我看到狗,迷因翮譯
2020-01-10_13-30-04_UTC.jpg,櫃檯:不好意思 你的卡刷不過喔,我:真假我看一下,@迷因翮譯
2020-01-10_19-59-14_UTC.jpg,勇,Mu叭,NARC2
2020-01-11_02-44-51_UTC.jpg,我在死前吞下一整包沒爆的爆米花,這樣就可以給火葬場的工作人員一個驚喜,迷因翮譯
2020-01-11_13-38-21_UTC.jpg,星座運勢:今天你會進食,迷信的人:,"%8;!""",HARDM,1H{ HU,SERVIE1,@迷因翮譯,0
2020-01-12_01-13-51_UTC.jpg,17歲的少年在 NASA實習,第三天就找到了比地球大,6.9倍的行星,"Published Fri, Jan 1o 2o20 1:58 PM EST",迷因翮譯,Noice.
2020-01-13_01-38-53_UTC.jpg,手足間的信任程度,@
2020-01-13_14-15-34_UTC.jpg,當你弟的小指頭撞到桌腳痛得,要死 所以你給他一些你的大麻,@迷因翮譯,Doutor
2020-01-14_01-19-33_UTC.jpg,我妹一直吵者要我北電動,讓給她玩 是時候該給她上,一課了,@迷因翮譯,=-4,EL
2020-01-14_13-34-27_UTC.jpg,銷售員:*拍了一下車頂*,車:再用力點把拔,銷售員:這台猛了...談殺小啊,@迷因翮譯,Hmm,Niceee
2020-01-15_12-15-44_UTC.jpg,當老師經過我的座位時,看了一眼我考卷上的答案,@迷因翮譯,可悲,Pathetic.
2020-01-16_05-55-15_UTC.jpg,*看完恐怖電影*,我:也沒有這麼恐怖嘛,*聽到奇怪的聲音*,也是我:,$,WTS,迷因翮譯
2020-01-16_23-30-49_UTC.jpg,爸爸:*討厭電動車,家人:*還是買了特斯拉,爸爸跟特斯拉:,uldrtyghttokid,迷因翮譯
2020-01-17_05-19-25_UTC.jpg,我:*跟爸爸一起看一部有關猴子的,紀錄片,爸爸:他們拍了你的紀錄片羨,迷因翮譯
2020-01-03_21-06-29_UTC.jpg,當歐洲人一早起來發現 Reddit,上充滿第三次世界大戰的迷因,他們到底在幹殺凌,dafuckthey doin ova der,@迷因翮譯,11.9|,244,L,Share,Award,BEST COMMENTS,ElectroScorpion,3h,這次終於跟我們德國人沒關係了
2020-01-03_23-02-02_UTC.jpg,Yuu knowIm proud fo huvefhof Ceimun blood.,Thelel,gueshon,當德國人以為第三次世界,大戰終於不干他們的事了,@迷因翮譯
2020-01-04_15-32-18_UTC.jpg,當你的小夥伴不再跟你一起,玩核戰了,@迷因翮譯
2020-01-05_10-28-47_UTC.jpg,當你射了一發子彈,所以你的彈匣裡有 29|30發,子彈,迷因翮譯,The,requires that I,reload the gun,法律規定我要重新裝彈,law
2020-01-05_14-24-58_UTC.jpg,r/Showerthoughts,ulakarim5847,9h,迷因翮譯,1,3 2,我們活在一個 GTA被當作是小孩子的,遊戲而 Candy Crush是大人遊戲的世界,Mindblowing,30.4k,454,七,Share,Award
2020-01-06_00-45-28_UTC.jpg,當你發現神職人員不用被徵召入伍,@迷因翮譯,你這狗娘養的 阿們,"you son ofa bitch,amen"
2020-01-06_03-04-59_UTC.jpg,Lieerrardommer5,@迷因翮譯,體育老師,在有人腿,骨折時,體育老師,在有人心臟,病發時,體育老師,在有人踢,籃球時
2020-01-06_14-14-47_UTC.jpg,伊朗為第三次世界大戰,部署空軍(2020 上色版),@迷因翮譯
2020-01-06_23-50-37_UTC.jpg,迷因翮譯,danipup,後面那隻 Elmo的表情害我笑到漏尿
2020-01-07_18-25-17_UTC.jpg,朋反:你都用搖桿遠是鍵盤,我:YES,@迷因翮譯
2020-01-07_18-28-39_UTC.jpg,玫瑰:我只能在最好的土壤裡生長,蘭花:我只能在最剛好的濕度下生長,蒲公英:,@迷因翮譯,土就是土,DIRTIS DIRT!
2020-01-08_02-40-40_UTC.jpg,當有人開在咐咐咐車道卻,沒有在咐咐咐地開車,@迷因翮譯
2020-01-08_13-21-34_UTC.jpg,當墨西哥看到美國對伊朗幹的,好事之後,墨西哥:這牆你們想蓋多高?,迷因翮譯
2020-01-09_02-39-25_UTC.jpg,"無論黑或白,我們都是雞蛋",@迷因翮譯,我不敢相信歧視就這樣,被解決了
2019-12-28_00-50-17_UTC.jpg,當酒吧的老闆看你一個人可憐兮兮,"地流落在法國的街頭,所以給你免費",的麵包,@迷因翮譯,Cmoissants,可頌
2019-12-28_00-52-26_UTC.jpg,)
2019-12-28_12-20-21_UTC.jpg,5秒鐘不能,30秒的廣告,跳過的廣告,但是5秒後可以跳過,@迷因翮譯
2019-12-29_09-30-44_UTC.jpg,Fill Werrell,@迷因翮譯,Eillflerell,Mi papa tiene 47 anos,三,my dad is,47 years old(我的父親47歲),Mi papa tiene 47 anos,二,my potato,has 47 assholes,(我的馬鈴薯有47個屁眼,我愛西班牙文
2019-12-29_23-16-34_UTC.jpg,今天終於去學校上課,@迷因翮譯,$,T絕種_,生物再現!,上次被目擊到是在1941年
2019-12-30_11-26-33_UTC.jpg,當5個老師搞710分鐘後終於把投影機打開,@迷因翮譯
2019-12-30_15-50-14_UTC.jpg,跑完800/1600在登記時間,26,14分51秒,死肥赭去吃飯,幹超累的,你全家都肥,幾號?,待會要不要,去喝東西,@迷因翮譯
2019-12-31_12-27-38_UTC.jpg,當你獨自在房間然後想到2012年自己,講過的笑話,@迷因翮譯
2019-12-31_13-57-12_UTC.jpg,爸爸:*在12月31日訂 pizza,外送員:*過了午夜12點才送到,外送員:*這是您去年訂的pizza,爸爸:,@迷因翮譯,你怎敢用我的咒語對付我 送披薩的!,You dare usemyown spells aqainst me Pizza quy?
2020-01-01_00-05-48_UTC.jpg,@迷因翮譯,MENSXPCOM,"候選八只拿了5票六爆哭,他說他家有投票",權的有9個
2020-01-01_10-10-44_UTC.jpg,當你把你的貓抓到鏡子前面,跟他說:,這是你喔!,@迷因翮譯
2020-01-02_00-17-37_UTC.jpg,"富終於進) 72020年,但仃發",現1820年和1920年都有瘟疫,爆發,@迷因翮譯,Hinim,咽,靠,Fuck
2020-01-02_14-39-58_UTC.jpg,kheebs @kkaylihebert.,晦,現在凌晨一點,我男友用吹箭殺了一隻蟑螂,不是用拖鞋,是用吹箭,阿不就好日常,@迷因翮譯,看來你也是個有文化的
2020-01-03_01-03-50_UTC.jpg,Play Station 玩家:XBOX玩家超甲,XBOX玩家:Play Station玩家超甲,PC玩家:,迷因翮譯
2020-06-19_06-34-59_UTC.jpg,"想像一下,你的孩子與你疏離到他",在一個陌生人的懷抱中無止盡地哭,"泣,只因那個人的衣服上寫著""來自","一個父親的免費擁抱""",@迷因翮譯,DIPLYCOM,一名父親在同志大遊行中擁抱了超過700名,被家人拒於門外的孩子
2020-07-04_12-03-39_UTC.jpg,當你已經擦屁股第27次了,但衛生紙還是有一點點黃黃,@迷因翮譯,made with mematic
2020-07-18_11-28-32_UTC.jpg,普通人的心跳,迷因翮譯,死者的心跳,"當風吹過你的腿毛,",感覺像有東西在你,腿上爬時的心跳
2020-07-31_11-54-54_UTC.jpg,當你的妹妹下載了抖音並且,同意用戶協議,迷因翮譯,現在全中國都知道你在這裡了
2020-08-15_08-04-01_UTC.jpg,一張圖說明美國醫療服務,迷因翮譯
2020-08-29_10-05-10_UTC.jpg,@迷因翮譯,吸血鬼吸血是為了攝取血液裡的,"維他命D,因為他們不能曬太陽",0,你有想過這個問題嗎?,"沒有,因為你只想到你自己"
2020-09-13_11-10-40_UTC.jpg,醫生:你只剩下1分鐘可以活,我:*開始做平板式*,醫生:你在幹嘛?,我:讓一分鐘感覺像一輩子,@迷因翮譯
2020-09-28_10-17-29_UTC.jpg,"心理師:你太心浮氣躁了,你必須",找回自己內心的孩子,我內心的孩子:,@迷因翮譯
2020-10-13_09-58-49_UTC.jpg,讓我看,讓我看,我覺得,拍得還,不賴,@迷因翮譯,給我刪掉
2020-10-26_10-08-34_UTC.jpg,"史蒂夫,",你又遲到了!,迷因翮譯,你不會相信路上發,生7什麼事
2020-11-06_05-24-26_UTC.jpg,帶著水壺的我,當水壺裡有放,吸管的我
2020-11-19_10-00-03_UTC.jpg,沒有人:,"我,在床上準備睡覺的時候:",迷因翮譯,阿我的,戶籍謄本咧?
2020-12-03_10-00-06_UTC.jpg,"几尋,怎麼了?妳為什麼在哭?",迷因翮譯,我又吃掉一整條 Oreo了
2019-12-20_12-19-28_UTC.jpg,老師:上課時間不准打遊戲,後排同學:,迷因翮譯
2019-12-20_12-45-52_UTC.jpg,沒有人:,即時對戰遊戲玩家在聖誕節,將近時:,@迷因翮譯
2019-12-21_13-05-07_UTC.jpg,11月的我,12月的我,迷因翮譯
2019-12-22_00-55-25_UTC.jpg,誰會贏?,二個駕著飛天,我的愛國者,雪橇的胖子,防空飛彈,U wfoer6
2019-12-22_23-13-58_UTC.jpg,天堂的入口大概就是長這樣吧,迷因翮譯
2019-12-23_05-01-56_UTC.jpg,這是巴西版的寶可夢御三家,迷因鄱譯,made with mematic
2019-12-24_00-54-52_UTC.jpg,當老師找不到我根本沒寫的作業,假裝很驚訝的我:,@迷因翮譯
2019-12-24_05-02-15_UTC.jpg,大家以為,聖誕老/,長這樣,迷因翮譯,其實,聖誕老人,長這樣
2019-12-24_13-37-16_UTC.jpg,當我打遊戲輸了,當我打遊戲贏了,迷醫翮譯
2019-12-25_01-26-08_UTC.jpg,迷因翮詳,當名人知道,自己出現在,卡通的劇情裡,那個卡通是,南方公園
2019-12-25_05-01-26_UTC.jpg,迷因翮譯,如果你在聖誕節感到很孤單,請記得,你一直都是一個邊緣肥宅,只是今天剛好是聖誕節
2019-12-25_23-42-51_UTC.jpg,當學校的電腦試著要跑2個,以上的分頁,迷因鄱譯
2019-12-26_15-38-06_UTC.jpg,r/Marvel,u/Pratz4444,9h,黑寡婦的最新劇照,迷因翮譯,2.1k,34,七,Share,Award
2019-12-27_14-59-02_UTC.jpg,當移民署的人幫我約今天辦簽證,結果今天移民署沒開,我:,@迷因翮譯,Those bastards,to me
2019-12-12_02-42-55_UTC.jpg,"""96%的讀者投香港示威者作為今年","時代雜誌的封面""",時代雜誌:,迷因翮譯,我要假裝我沒看到
2019-12-13_02-03-27_UTC.jpg,研究指出植物在被傷害時,會發出尖叫打超音波,@迷因翮譯,PETA
2019-12-13_05-30-40_UTC.jpg,宙斯:眾神乙神,黑帝斯:冥界之神,阿波羅:,迷因翮譯
2019-12-13_05-43-47_UTC.jpg
2019-12-14_01-34-07_UTC.jpg,當你在公共場所滑手機看到,NSFW的標籤,@迷因翮譯
2019-12-14_22-35-18_UTC.jpg,當老師把迷因放進上課簡報裡,@迷因鄱譯,=
2019-12-15_05-32-59_UTC.jpg,當我聽到我父母一大早,以為我還在睡時講我的壞話,迷因翮譯
2019-12-16_01-00-23_UTC.jpg,完美的 ATM不存衛,6,迷因翮譯
2019-12-17_01-59-45_UTC.jpg,我 看不見未來,@迷因翮譯
2019-12-17_20-51-49_UTC.jpg,我:凌晨3點在暗巷殺了一個/,GTA警察:,迷因翮譯,felt,a great,In,force
2019-12-17_21-13-20_UTC.jpg,現在的我,戌.看不見未來,看不到未來,@迷因翮
2019-12-18_09-45-43_UTC.jpg,小偷:*以為我在睡覺闖入我家,我:*在凌晨三點吃宵夜,迷因翮譯
2019-12-19_00-11-32_UTC.jpg
2019-12-19_04-49-10_UTC.jpg,當你下了地獄但沒看到你朋友,@迷因翮譯
2019-12-05_01-02-56_UTC.jpg,今天我的混蛋鄰居報警抓我在陽台,"上呼麻,警察來了之後就問我:T你",的大麻呢?] 我說: T都抽完了],警察又接著問:T你的大麻都是跟,誰買的?]我說:T跟我鄰居買的],現在警察在他家,迷因翮譯,No
2019-12-05_23-48-56_UTC.jpg,"T今天早上你把手機忘在家裡,然後""必勝客""","傳了露奶照來,你老婆看到了",所以你現在,要直接跟我走還是先去跟你老婆談談?],@迷因翮譯
2019-12-06_01-37-07_UTC.jpg,社會大眾:男性需要談談自己的心理障礙,男性:(談論自己的心理障礙),社會大眾:,迷因翮譯,:,沒有人在乎,Nobody gives a shit
2019-12-06_11-05-27_UTC.jpg,FlLM,湯姆霍蘭德喝醉的時候打電話給迪土尼,的 CEO 哭著求他把蜘蛛人留在漫威宇宙,並且成功了,"Zack Sharf December5,2019 9:18AM EST",ADVERTISEMENT,迷因翮譯,喝醉的湯姆霍蘭德,小點他是個英雄,made with,"mematcarefully, he'sahero"
2019-12-07_01-43-28_UTC.jpg,北韓警告美國準備接收一份,T聖誕禮物1,但沒有人知道禮物,是什麼,wdsu.com/article north-,@迷因翮譯,阿這樣我到底要不要讀期末考
2019-12-07_02-01-03_UTC.jpg,我發現自己變成 Reddit,上的迷因了,@迷因翮譯,1,Reddit,我等我朋友發現自己變成,上面的迷因
2019-12-07_12-55-18_UTC.jpg,我發現我朋友的迷因比我一,開始 po的多出4倍的讚數,@迷因翮譯,我發現自己變成,Reddit上的迷因了,目己爰咸 Reddit,上面的迷因,I(inbins,001
2019-12-07_15-28-39_UTC.jpg,期望中的樣子,現實中的樣子
2019-12-08_02-47-53_UTC.jpg,現在的我:我的腰背好痛!!!,國中時期我的書包:,迷因翮譯
2019-12-08_15-09-20_UTC.jpg,為了我南極大陸的榮糴而戰,迷因翮譯
2019-12-09_03-58-11_UTC.jpg,我在吃飽後想下一餐要吃什麼,@迷因翮譯
2019-12-10_00-49-34_UTC.jpg,讓我看到,舞台上的歌手: 你們的雙手.,我:,@迷因翮譯
2019-12-10_11-04-49_UTC.jpg,女朋友:(為了3個月前的事跟我生氣),"我,連早餐吃了什麼都不記得:",@迷因翮譯
2019-12-11_02-33-57_UTC.jpg,我:在 GTA裡面瘋狂殺人~搶別人的車,車子還著火了,車上的電台:,迷因翮譯
2019-11-26_23-57-39_UTC.jpg,日平:族我剛剛北一惱海軍基地,炸爆了,德國:誰的海軍基地?,日本:美國的,德國:,迷因翮譯,哇靠 我的天啊,Oh myfucking,god
2019-11-27_02-24-00_UTC.jpg,日本:吃這招吧美國!!!,美國:你會後悔的,日本:好喔笑死,"日本,不久之後:",迷因翮譯,長崎,廣島,哇靠 我的天啊,Oh myfucking,god
2019-11-27_16-35-07_UTC.jpg,"當你後面的車靠得太近,然後那個",車主不知道你是馬力歐賽車的專家,@迷因翮譯
2019-11-28_01-41-41_UTC.jpg,T想像一下這個房間裡面都是,喜歡你的人,我:,迷因翮譯,好奇怪這裡一個人都沒有,How strange. There's nobody here.
2019-11-29_00-37-21_UTC.jpg,當你在捷運上沒有扶扶手所以必須把,查克拉集中在腳上,@迷因翮譯
2019-11-29_18-59-33_UTC.jpg,女生的桌布 男生的桌布,nCVCf,9ive,Ullp,@迷因翮譯
2019-11-30_05-23-02_UTC.jpg,"當比特犬已經咬傷了人,他的飼主:",Sithposting:ANenHope,迷因翮譯,他有他好的一面,ThoreIsstil goodInhlm.,ANIMA
2019-12-01_00-14-24_UTC.jpg,"我:奶奶不要煮太多,我有吃過了",奶奶:知道了就當吃點心吧,奶奶:,迷因翮譯
2019-12-01_02-38-18_UTC.jpg,直到今天我才知道蟹堡王的原型是捕蟹籠,迷因翮譯,KRi5t
2019-12-01_13-43-34_UTC.jpg,電玩不會導致暴力,Lag才會,@迷因翮譯,made with mematic
2019-12-02_00-11-20_UTC.jpg,當你們班的考試比別班早節課,迷因翮譯,6,p,3,3,囂,Ciliite,囂
2019-12-02_17-07-28_UTC.jpg,當忍者龜闖入你家而你不會空手道,@迷因翮譯
2019-12-03_07-56-02_UTC.jpg,迷因鄱譯,梵蒂岡的牧師創了-個麥塊,伺服器為了要給玩家一個更,友善的遊戲環境,他就是救世主,HEIS THE MESSIAH!
2019-12-04_00-31-11_UTC.jpg,當有人手很冰還故意來碰你的後頸
2019-11-20_00-15-56_UTC.jpg,我想買的衣服:/沒有價格標籤,媽媽:你去問那個店員阿,我:,@迷因翮譯,但是這是社會互動而我不喜歡,Butthats social interaction andIdont supportit
2019-11-20_14-59-30_UTC.jpg,老師:考卷不小心多給分數,學生:沈默,老師:考卷不小心少給分數,學生:,@迷因翮譯,是誰教你數學的?,Where did you learn howto count?!
2019-11-21_01-08-12_UTC.jpg,"男子挾持自己作為八質搶銀行,叫特種部隊撤退",否則就自殺,@迷因翮譯,談判專家,Ahves. The nedotiator.,NYPD
2019-11-21_04-56-58_UTC.jpg,研究指出Instagram是網路,霸凌最嚴重的平臺,在XBO/360聊天室中長大的,孩子:,@迷因翮譯,物競天擇.有仕麼大不了的,Weaklings die. Big deal.
2019-11-22_00-40-18_UTC.jpg,當你的人生已經一團糟,但你試圖保持樂觀,@迷因翮譯
2019-11-22_15-52-34_UTC.jpg,當你的寵物,離開了房間,@迷因翮譯,然後帶著他,最喜歡的玩,具回來
2019-11-22_23-58-06_UTC.jpg,我14歲,Reply,13.7k,補充:,IdSFW=ilot Suitable For Work,1 Award,"""不適台上班時間瀏覽""的簡稱",那你怎麼在 SFW的討論板?,8.6k,1d,l04 Awards,我又不用上班,27.1k,@迷因翮譯
2019-11-23_02-15-20_UTC.jpg,tnot,m巳
2019-11-23_02-42-29_UTC.jpg,50年前的想像,未來的汽車的樣子,@迷因翮譯,現在汽車的樣子
2019-11-23_23-52-55_UTC.jpg,很閒的時候打遊戲,功課多得要死的時候,打遊戲,@迷因翮譯
2019-11-24_14-54-02_UTC.jpg,rhmmm,Posted by ulskyzoid,7h.i.redd.it,hmmm,小補充:這是一個酪農抗議牛奶,價格太低的活動,Pics & Gifs,@迷因翮譯,2.7k,26,Share,FMB
2019-11-25_00-17-44_UTC.jpg,高樓層的廁所,@迷因翮譯,低樓層的廁所
2019-11-25_09-19-06_UTC.jpg,我耐心地等待我男友這局,遊戲結束之後再叫他陪我,@迷因翮譯,0_t
2019-11-25_23-56-24_UTC.jpg,我:完美的車不存...,@迷因翮譯
2019-11-12_00-32-01_UTC.jpg,我:為|麼我的腰這麼痛啦??,也是我:,@迷因翮譯
2019-11-13_00-35-22_UTC.jpg,@迷因翮譯,STANDARD.CO.UK,因為卡通 (佩佩瀦) 美國小孩講話開始,有英國腔,Co,i0,C,HC,DC,C
2019-11-13_01-47-27_UTC.jpg, @迷因翮譯,(,升級,他們聽進去了,哇靠
2019-11-13_13-41-51_UTC.jpg,NATUREKNOWS.ORG,獵豹看到攝影師在樹下睡午覺,SHARE,決定跟他一起睡,u/Rizsrq,@迷因翮譯,你應該要消滅他而不是加入他!!,You were supposed to destroy human not join them!
2019-11-14_00-14-27_UTC.jpg,畫師Tyson Hesse在音速小子,真八版被六家罵翮之俊受雇帶,領團隊重新製作,@迷因翮譯,Tson Hesse,拜託你們聽我說 我真的不是救世主,Will you please listen?,m notthe messiah,Reddit,他就是救世主!,HEIS THE MESSIAH!
2019-11-14_05-09-18_UTC.jpg,當遊戲在載入中的時候,螢幕全黑而你的臉反射在螢幕上,@迷因翮譯
2019-11-15_04-10-14_UTC.jpg,兩個八在中國罹患了鼠疫-是的,就是黑死病,三分之一的歐洲_:,@迷因翮譯,我們要死了,we're all gonna die
2019-11-15_23-09-31_UTC.jpg,男生:*被踢到蛋蛋,其他男生:,@迷因翮譯
2019-11-16_01-06-12_UTC.jpg,伊拉克警方派出警犬威嚇示威者,民眾牽出獅子反擊,@迷因翮,3 香港示威者,寫下來,寫下來
2019-11-17_00-29-01_UTC.jpg,摩托車發明於1885年,人民在1884年:,@迷因翮譯
2019-11-17_16-44-17_UTC.jpg,那個對著你大吼我不知道啊寶具,六叫的女八是誰致只是在吃沙拉,而已,@迷因翮譯
2019-11-18_03-39-01_UTC.jpg,"當你凌晨3點起來上廁所,你的貓",必須履行他的義務所以來看著你尿,@迷因翮譯
2019-11-18_13-41-56_UTC.jpg,我:要來我家嗎,朋友:好阿,我們:,@迷因翮譯
2019-11-19_02-15-44_UTC.jpg,奶奶在我惹,奶奶在我爸媽,爸媽生氣時,罵我時,@迷因翮譯
2019-11-06_14-42-23_UTC.jpg,無論你是,WASD派,一一派,W,A,S,乙,我們都同意 ESDF派是他媽的智障,W,E,R,5,D,F,u Toxic Juice23
2019-11-06_14-47-53_UTC.jpg,任何人:拿出一包口香糖,班上其他人:,必,@迷因翮譯,喔耶 我愛共產,Oh boilsure,do love,communism
2019-11-07_00-25-52_UTC.jpg,當你終於從美國的高中畢業,@迷因翮譯
2019-11-07_00-40-00_UTC.jpg,我:*打開電腦*,S,@迷因翮譯,總之呢我就開始運作,So anywayl started running,氐
2019-11-08_02-20-52_UTC.jpg,我跟我朋友栽贓街友謀殺,這樣他就有地方吃住,@迷因翮譯
2019-11-08_03-39-04_UTC.jpg,Xbox,@Xbox,"儘管大眾不願相信,但在載7",遊戲時狂按A鍵並不會讓速度,變快,@迷因翮譯,說謊!!
2019-11-08_18-56-46_UTC.jpg,WDRLDSATIRE COli,酒醉男子表示:我沒戒酒是因為酒吧老闆,有家庭要養,@迷因翮譯,小心心點他是個英雄,"carefully, hesahero"
2019-11-09_00-11-48_UTC.jpg,哪個比較好?,FIFA,MINECRAFT,53%,47%,@迷因翮譯,瓜瓜 你的意見是渣,Quack quackyour opinionis wack
2019-11-09_06-23-49_UTC.jpg,T今天學校怎麼樣?_,蠻酷的 化學老師教我們怎麼召喚惡魔_,@迷因翮譯
2019-11-10_02-43-59_UTC.jpg,當有龜車擋,在前面的我,@迷因翮譯,我,超車的那一秒
2019-11-10_14-42-29_UTC.jpg,2,五,二,25,1^ =/5,五=5,@迷因翮譯,給我聽著 你這個小王八蛋,IltleShi
2019-11-11_00-50-34_UTC.jpg,@迷因翮譯,我'陪伴你走過,艱辛的道路,你'非常堅強,可以做到任何事,我為你感到驕傲,我愛你
2019-11-11_03-58-35_UTC.jpg,中國人:我認為...,中國政府:,@迷因翮譯
2019-11-11_14-44-53_UTC.jpg,當你把Word文件裡的圖片,移動1毫*,@迷因翮譯
2019-10-31_08-53-45_UTC.jpg,謎片梗圖:*存在,留言區:,@迷因鄱譯,miliiliiiigig,兄弟|你所說的話有什麼根據呢?,日rolher Whiti=Whe sourte,foriihat Hou 5iy?
2019-10-31_19-37-23_UTC.jpg,Zilla,@GoodZilla,[醫生看了我的X光片],醫生:這就是我最害怕的,我:什麼啊??,@迷因翮譯,醫生:骷髏頭
2019-11-01_08-14-08_UTC.jpg,儿類傷害動物的影片,@迷因翮譯,動物傷害人類的影片
2019-11-01_08-37-21_UTC.jpg,World Hews,科學家找到治療戀童癬的方法,0 45 minutes ago,f,@迷因翮譯
2019-11-01_23-43-13_UTC.jpg,7,LITTLETHINGS,4 MIN READ,孕婦在萬聖節生產,),發現接生的醫生,扮成小丑,@迷因翮譯
2019-11-02_09-22-51_UTC.jpg,*男子拿著槍走進來*,英國小孩:等等發生什麼事7?,美國小孩:,@迷因翮譯,你不會懂啦,You wouldnt get枇
2019-11-02_10-18-17_UTC.jpg,義大利儿如何製毒,@迷因翮譯
2019-11-02_23-01-35_UTC.jpg,我的電腦:*自動儲存檔案,我:讚喔所以你存在哪,我的電腦:,@迷因翮譯
2019-11-03_10-44-05_UTC.jpg,rlaww,Posted by ulhanamihoshi,4h,i.redd.it,我的貓跟我媽一起看電視,AWW,@迷因翮譯
2019-11-03_14-45-29_UTC.jpg,當你準備換衣服出門,結果發現你的衣服都穿不下,好吧計劃取消,太胖7,@迷因翮譯
2019-11-04_00-05-00_UTC.jpg,當你在星期一早上醒來但想起來,自己是一隻貓所以不用上班,@迷因翮譯
2019-11-04_16-43-49_UTC.jpg,當你跟你媽說你整理好房間7,然後她來檢查你是不是真的有,整理好,@迷因翮譯,GALLEY GRUB,ORDHn,HERE
2019-11-04_23-58-20_UTC.jpg,打電動(2009),@迷因罰,打電動(2019)
2019-11-05_20-22-08_UTC.jpg,我祈禱我的父母可以活得長,"長久久,等到我有成就時可",以報答他們,@迷因翮譯
2019-10-25_14-01-48_UTC.jpg,謝震武主持益智節目謝震武主持政論節目,@迷因翮譯,You fuckig donkey.
2019-10-26_01-43-18_UTC.jpg,我朋友 在那邊那個 覺得妳很漂亮,@迷因翮譯
2019-10-26_14-09-13_UTC.jpg,rlAMormalDayInRussia,Posted by u/RiddickNfriends,llhi.redd.it,在俄羅斯,),貓咪也要戴工程帽,@迷因翮譯
2019-10-27_00-55-34_UTC.jpg,媒體:電影,們丑 可能會引發模仿效應,導致暴力事件發主,人民:,@迷因翮譯,2,NBCNEWYORK COM,紐約市自1993年以來首次在週末沒有 7,發生槍擊案
2019-10-27_02-18-44_UTC.jpg,老師:這次數學你考55分,全班:六爆笑,老師:是全班最高的,我:,@迷因翮譯
2019-10-27_11-34-02_UTC.jpg,教導小學生獸控的,藝術,90 have signed. Let's,10 200!,@迷因翮,get
2019-10-28_02-25-37_UTC.jpg,NBC4 Columbus,@nbc4i,統計發現超過1600萬美國人認為,巧克力生奶是咖啡色的牛擠出來的,!#7,28.8K,8:03 P||,]un 16. 2017,@迷因鄱譯,lat,每一天我們都離上帝更遠了一些,=,(,=11=),99<
2019-10-28_02-40-51_UTC.jpg,我:*存在,女生:,@迷因翮譯
2019-10-28_14-47-03_UTC.jpg,突然意識到你已經不再是個學生,而是個失業的人,@迷因翮譯
2019-10-29_04-26-50_UTC.jpg,研究:孩子平均睡眠時間需達8-10小時,學校:,@迷因翮譯,妹子們 我們破曉就出發,we ride atdawn bitches
2019-10-29_13-29-08_UTC.jpg,病毒:*進入體內,白血球:,@迷因翮譯,還敢進來啊尼哥,dare nigga,YOu
2019-10-30_06-19-38_UTC.jpg,eli@ class vii,@gachaphobic,@迷因翮譯,日本RPG:,第一章:找到走失的貓,最終章:消滅神,8:41 PM,10/26|19,Twitterfor Android,14.7K Retweets 37.7K Likes
2019-10-30_12-51-14_UTC.jpg,女生:抱歉 我的車只坐得下,4個/,男生:,@迷因翮譯
2019-10-30_15-12-47_UTC.jpg,@迷因翮譯,You've heard that,Te more,likely,to be killed byacow than a shark?,"你有聽說過比起鯊魚,被牛殺死的",機率更高嗎?,Thisisthat cow.,這就是那種牛,you'
2019-10-20_11-36-56_UTC.jpg,我:*咬一口漢堡,漢堡裡面的料:,@迷因翮譯
2019-10-21_00-30-00_UTC.jpg,當你把可樂倒到杯子裡然後快要滿出來,@迷因翮譯
2019-10-21_02-26-19_UTC.jpg,rfunny,Posted byu/ParaFalcon,5h,i.redd.it,鮆造型的服裝,6迷國勸譯,58.1k,785,Share
2019-10-21_15-17-08_UTC.jpg,如何安全地提款,@迷因翮譯,I
2019-10-22_10-34-07_UTC.jpg,當遊戲正在載入中,然後你看到你的智障臉反射,在螢幕上,@迷因翮譯
2019-10-22_13-23-05_UTC.jpg,當我入睡時想到即使我 Google,小熊維尼也不會被活摘器官,@迷因翮譯
2019-10-22_22-46-13_UTC.jpg,我:我們可以吃麥當勞嗎?,媽媽:家裡有食物,開車的爸爸:好阿,我跟爸爸一起走進麥當勞:,@迷因翮譯
2019-10-23_00-29-40_UTC.jpg,欽你怎麼在GTA賺到那麼多錢的,@迷因翮譯,The,secret ingredient,is,crime,"神秘配方是""犯罪"""
2019-10-23_10-09-27_UTC.jpg,我媽要我傳張我個月六的孩子,"王式的照片""給她",@迷因翮譯
2019-10-24_11-22-03_UTC.jpg,我:*上課時吃洋芋片,老師:不準吃 除非班上每個人都有得吃,我:*拿出34包洋芋片,老師:,@迷因鄱譯,你不應該這麼做喔,H,You werent,supposed to do that,NHWS
2019-10-24_11-28-39_UTC.jpg,donni saphire,@donni,@迷因翮譯,*達成了某個目標*,我:這不代表什麼,*失敗了*,我:我就是個無能的失敗者,"02/07/2018, 23:44"
2019-10-24_15-30-13_UTC.jpg,么 LADHI8LE:2lll READ,黎巴嫩的抗議者把臉塗成小丑的樣子,@迷因翮譯,媒體,Media
2019-10-25_00-58-53_UTC.jpg,兄弟在收容所蹲75年,@迷因翮譯
2019-10-25_13-17-23_UTC.jpg,床跟牆之間的縫縫:*存在,我的手機:,@迷因翮譯
2019-10-14_09-35-51_UTC.jpg,老師:無論你幾歲都該勇敢追尋夢想,托比:,@迷因翮譯,托比'3歲,酒精成癮者
2019-10-14_17-57-07_UTC.jpg,你真的很壞吉米,You're awful,Jimmy,Why's that?,怎麼說,你請我來二節目只是為了嘲笑我,You invited me on your show,just to make fun of me,@迷因翮譯
2019-10-14_18-01-02_UTC.jpg,小孩:我今年10歲,我:嗯哼,小孩:我2009年出生,我:,@迷因翮譯
2019-10-15_11-18-47_UTC.jpg,時空旅人:現在的美國總統是誰?,我:川普,時空旅人:老川普還是小川普?,我:,@迷因翮譯
2019-10-15_11-55-11_UTC.jpg,@迷因翮譯,GN,B,B,C,MBC,nIp,Eox oUBS,皿,INEWS,channg,快點,引發模仿效應阿
2019-10-16_10-44-42_UTC.jpg,Lorena Solis,@Lorena Solis_,我跟我男朋友去他老婆工作,的地方盯梢,因為他懷疑她,老婆出軌,@迷因翮譯,04:57,28/08/2019,Twitter foriphone
2019-10-16_10-49-35_UTC.jpg,我:老師 我可以去廁所嗎?,老師:你下課時間怎麼不去?,下課時間的廁所:,@迷因翮譯
2019-10-17_10-46-42_UTC.jpg,當你看到有人來你們公司應徵,@迷因翮譯,快逃!!,<
2019-10-17_17-15-38_UTC.jpg,當你生日去餐廳吃飯,),然後你看到,服務生們邊唱歌邊朝你走過來,@迷因翮譯
2019-10-17_23-06-32_UTC.jpg,當韓國來的交換學生加你進他們的,英雄聯盟隊伍
2019-10-17_23-12-56_UTC.jpg,老師:今天我們要來看支關於霸凌的影片,女主,男生,@迷因翮譯,霸凌者,班上那安靜的孩子
2019-10-19_13-17-16_UTC.jpg,@迷因翮譯,可以Cos雷神索爾,胖的人,滿身肌肉的人
2019-10-19_15-47-14_UTC.jpg,沒有人:,動漫角色:我只是個普通的,14歲國中生,@迷因翮譯
2019-10-19_16-07-57_UTC.jpg,我:可以幫我抓下背嗎?,朋友:好阿抓哪,我:剛果,@迷因翮譯
2019-10-09_22-23-40_UTC.jpg,這名男子線上轉播了整個終,極格鬥冠軍賽;'但是他假裝,是他在玩格鬥遊戲'這樣才,不會被侵權下架,315,@迷因翮譯,101101,0:05,ILLUS0N,100,錯覺,5$;
2019-10-10_08-01-51_UTC.jpg,當你打開你的外帶餐,發現店家給了你3組餐具,但其實點這麼多都是你要吃的,@迷因翮譯,LoME5
2019-10-10_10-57-52_UTC.jpg,南非政府表示他們要印更多,錢讓大家發大財,@迷因翮譯,基礎經濟學
2019-10-10_11-00-46_UTC.jpg,我:*一直去煩我的貓,我的貓:*抓我,咬我,我:,@迷因翮譯,6
2019-10-10_16-02-48_UTC.jpg,最後一排學生吃東西的迷因:*存在,同時在德國:,@迷因翮譯,made with mematic
2019-10-11_11-25-31_UTC.jpg,當你用你的華為手機製作,一張支持香港的迷因,@迷因翮譯,現在全中國都知道了
2019-10-11_11-30-27_UTC.jpg,UNILAD,3-MIN READ,義六利酒吧用義大利麵吸管來代替,塑膠吸管,@迷因翮譯,美味!終於他媽的有些好吃的了
2019-10-11_11-39-20_UTC.jpg,蘋果:我們有全世界最好的顯卡,@迷因翮譯,Nyidia,Nvidia,Nvidia,Nvidia,Nvidia
2019-10-11_17-05-14_UTC.jpg,jen merritt!!!,@jennifermerr,@迷因翮譯,今天我室友跟我說,"[我要去小睡下,我不是累",只是不想醒著],我懂
2019-10-11_17-15-24_UTC.jpg,嘿妳要睡了嗎?,對,妳今天表現得很好,@迷因翮譯,晚安
2019-10-12_01-09-31_UTC.jpg,當你跟一群智障同一組,但是你們的報告意外得到不錯,的成績,@迷因翮譯,猩猩,一起,強壯,fogefher sfrong,u/DeuSovKam,Apes
2019-10-12_01-32-33_UTC.jpg,父母:你長大後想做什麼?,我:,@迷因翮譯,大支,專業街頭尼哥,BIC OUHCE,Professional Sweel Hippa
2019-10-12_14-53-25_UTC.jpg,寫完報告的我:
2019-10-12_21-30-17_UTC.jpg,Al,@迷因翮譯,警察機器八在一名婦),報警後叫她走開 並唱7,一首歌,103+4 0++2019710 pm,293,FOLICE,POLICE,Expectation,Reality,期望,現實
2019-10-07_07-45-08_UTC.jpg,我討厭當,X,我討厭當有人突然朝我,0,丟冰箱,@迷因翮譯,Tmeto die motherfucker,去死吧王八蛋
2019-10-07_09-18-57_UTC.jpg,網球比賽觀眾席:,@迷因翮譯
2019-10-07_11-25-57_UTC.jpg,獨自一個,醒來發現,人去睡覺,有一隻貓,在你床上,但你,但你,沒有,沒有,養貓,養貓,@迷因鄱譯,現在你有,一隻貓了
2019-10-07_14-51-44_UTC.jpg,當你講了一個笑話讓全班六爆笑,但結局是你因此被留校察看,@迷因翮譯,甲,Lo
2019-10-07_15-05-02_UTC.jpg,JOHNS,WLER FONECASING SIOME,狀況,石頭濕濕的,下雨,石頭乾乾的,沒雨,地上有影子,晴天,上面白白的,下雪,看不見石頭,多霧,石頭在搖晃,有風,石頭上下跳,地震,石頭不見了,龍捲風,@迷因翮譯
2019-10-08_09-53-06_UTC.jpg,前任:你還在騎那台老車阿?,我:妳還在騎那些老男人阿?,@迷因
2019-10-08_16-22-07_UTC.jpg,媽媽:晚餐好囉,沈默,媽媽:客人已經離開了,我:,@迷因翮譯
2019-10-08_16-26-27_UTC.jpg,同學:*咳嗽,老師:如果生病了就回家吧,其他同學:,@迷因翮譯
2019-10-08_20-31-02_UTC.jpg,如果有一隻老虎同時攻擊你的老婆和你的,岳母'你選擇救誰?,Vedant Kumar Ambidextrous.,Ansleled,242013,老虎,Lug
2019-10-08_23-27-48_UTC.jpg,我:我希望自己可以敞開心胸,跟別人談談我的心理狀況,別儿:嘿 你還好嗎?,我:,@迷因翮譯,我只是有點累,而已啦哈哈_
2019-10-09_10-10-41_UTC.jpg,任何東西:*存在,亞洲遊客:,@迷因翮譯,Uil411,"Ah, perfect"
2019-10-09_14-02-02_UTC.jpg,當美國發現別的國家有石油,且國防薄弱,@迷因翮譯,peace was,neveran,option,和平從來就不是個選項
2019-10-09_14-11-05_UTC.jpg,@迷因鄱譯,來看看他的真面目吧,Lets see who this,reallyis
2019-10-09_14-17-38_UTC.jpg,當只有一個病人一直沒有好起來,@迷因翮譯
2019-10-03_20-54-44_UTC.jpg,steven,會下廚的男人,@迷因鄱譯,Cheenos,???,9/13/15. 8;2.. /11
2019-10-04_00-28-57_UTC.jpg,/1D 0:30,幻想出一個活下去的理由,@迷因翮譯,4K views,97%,我要如何獲得這個能力呢?,How canlacouire such an ability?
2019-10-04_12-15-54_UTC.jpg,In,Nens,Spon,Weather,iPlayer,TV,NEWS,Home,U,Wond,Business,Poliics,Tech,Science,Healm,Family8 Educat,England,Local llews,Regions,London,披薩吃到飽祭為披薩短缺致歉,0 5hours ago,Sha,@迷因翮譯,你只有一個工作,You,had,one,job.,Sign
2019-10-04_15-11-43_UTC.jpg,女生:吼 跟她撞衫了啦,男生:,@迷因翮譯
2019-10-04_19-31-27_UTC.jpg,[在 oker裡看到迷因],我:
2019-10-05_00-49-15_UTC.jpg,奧客:我不會再來這邊消費了!,市價上百億的公司:,@迷因翮譯
2019-10-05_00-52-37_UTC.jpg,你因為生病,所以可以見到,復仇者,@迷因翮譯,你隔天還見到,史坦-李
2019-10-05_01-02-42_UTC.jpg,小堂弟:我打開你的作業資料夾,),然後...,@迷因翮譯
2019-10-05_16-36-20_UTC.jpg,@迷因翮譯,我媽來接我放學,My mom,me up,from school,Itell her,how my,Went,我告訴她今天在學校發生了什麼事,picks,day
2019-10-06_09-49-29_UTC.jpg,0,@迷因翮譯,放下吧,那場車禍,不是你的錯
2019-10-06_09-56-09_UTC.jpg,milkinspector 7年前,我爸剛剛出去買牛奶了,REPL/,milkinspector,一週前,他昨天回家了,@迷因翮譯,他做到了,那個瘋狂的混蛋,他做到了!,lo did itThatcrazy son ofabitch Ho didit
2019-10-06_10-06-02_UTC.jpg,歷史老師:我們今天要來談奴隸制度,全班的同學:*看向班上的黑八小孩,黑人小孩:,@迷因翮譯,),跨殺小阿尼哥
2019-10-06_18-21-28_UTC.jpg,我的成績,迷因翮譯,Youtube上面白,印度老師
2019-10-06_18-37-18_UTC.jpg,13歲的我想像我20歲的樣子:,t0(,實際上我20歲的樣子:,@迷因翮譯,Shutior2
2020-01-03_11-31-18_UTC.jpg,Michael Jackson,@michaeljackson,新的一年祝大家健康快樂,迷因翮譯,Shafeeq,@Y2SHAF,麥可甚至都已經從墳裡發推了,我朋友還不回我訊息
2020-01-09_14-00-40_UTC.jpg,湯姆貓接 2020年迷因,模板的預約,@迷因翮譯
2020-01-17_11-36-33_UTC.jpg,孩子:*只是想健康地長大,那一個癌細胞:,迷因翮譯
2020-01-27_22-47-57_UTC.jpg,俄羅斯男子背上還插著一把刀,就離開醫院只為了抽根菸,@迷因翮譯,(
2020-02-08_07-09-06_UTC.jpg,鯊魚每次看到這個潛水,客都上前跟他討抱抱,這段友誼已經持續了7年,迷因翮譯,Everyone,liked,that,大家都喜歡
2020-02-18_14-52-46_UTC.jpg,莫瑞:你...不是爸爸!!,女人:*哭著跑到後台*,攝影師:,@,迷醫翮譯,(93
2020-03-02_07-43-14_UTC.jpg,網路:*斷線*,我:,@迷因翮譯
2020-03-16_01-58-30_UTC.jpg,一般人:隔離都不能出去,很無聊欽,玩家:,迷因翮譯,這彷彿是...為我而生,Its like...,was made forthis.
2020-03-26_14-55-31_UTC.jpg,英國女王得知查爾斯王子,染上武漢肺炎後:,@迷因翮譯,弱者令我感到噁心,Weakness disgusts me.
2020-04-09_01-49-55_UTC.jpg,我在準備要睡的時候試圖,找到被子的短邊,迷因翮譯
2020-04-24_06-36-03_UTC.jpg,"當你遇到一個人,你不記得",他但他記得你,迷因翮譯
2020-05-09_12-46-59_UTC.jpg,我,我,幹笑死],迷粉,迷因翮譯,IG一萬追蹤限定版
2020-05-24_07-10-46_UTC.jpg,湯姆貓跟傑利鼠是好朋友嗎?,湯姆貓與傑利鼠是好朋友,0,但是,湯姆貓為了避免他的主八養一隻,"真的想吃了傑利鼠的貓,因此他必",須假裝自己討厭傑利鼠,0,https:lwww.reddit.com,comments,Tom and Jerry are bestfriends. But Tom hasto,pretend to hate Jerry,@迷因翮譯,我的人生從沒如此受到背叛過
2019-10-03_20-51-40_UTC.jpg,把拔,生日快樂,喔~,謝謝你,我知道你想要一頂帽子,沒關係,但我沒有錢給你買新的,我知道該,怎麼做,@迷因翮譯
2019-12-27_17-00-59_UTC.jpg,法國在,戰爭時期,@迷因翮譯,法國在,大革命時期
2020-06-05_09-57-44_UTC.jpg,你願意付出多少,只為了與摯愛多一天的相聚?,PIXAR,小的魔法,5.22 (五)大銀幕動感獻映,I 3D ANDIIAX,IDiSNE0
2020-12-11_10-13-42_UTC.jpg,用酒精,消毒雙手,迷因翮譯,小到我根本不知,道它存在的傷口
2019-09-29_13-51-42_UTC.jpg,Sarah Geissah,@sarahgeissahh,"""我要在床上讀書讓我的背","休息一會""",@迷因鄱譯
2019-09-29_19-15-24_UTC.jpg,我:我沒有很餓'吃個薯條就好7,也是我:,@迷因翮譯
2019-09-29_19-19-54_UTC.jpg,@迷因翮譯,[當機長的第一天],塔臺:請回報位置,我:我在長得像獅子的雲旁邊,塔臺:請說明得更清楚一點,我:辛巴,M9o0sk
2019-09-30_10-47-30_UTC.jpg,動漫裡的角色:我們要怎麼在這群,人中找到敵人?,反派:,@迷因翮譯
2019-09-30_16-14-09_UTC.jpg,沒有人:,恐怖片裡的角色覺得無聊時,6,@迷因翮譯,RCTIUTIES FOR,Let's,夾召喚惡魔吧,Summon,Demons,melecreattiap.C0I,CHILDR21
2019-09-30_16-23-48_UTC.jpg,媽媽叫8歲的我跟送我生日禮物的,人說謝謝,@迷因翮譯
2019-10-01_00-39-35_UTC.jpg,ellie 7 years ago,7年前,我去做個三明治 待會回來,REPL/,ellie4hours ago 4j時前,好我回來了,@迷因鄱譯,REPL
2019-10-01_14-35-35_UTC.jpg,我看到爆笑,梗圖的樣子,@迷因翮譯,我隔天上學一整天,回想起那個梗圖的,樣子
2019-10-01_14-40-04_UTC.jpg,DJ:單身的朋友讓我聽到你們的,聲音!!!!,被傷透了心的我:,@迷因翮譯
2019-10-01_17-58-42_UTC.jpg,it's me!,@HOlding,家_,不是一個地方而是一個/,@迷因鄱譯,@RilwanNajib,你在說我是街友的意思嗎?
2019-10-03_10-06-17_UTC.jpg,rAlormalDayInRussia,Posted by ulqevoh,2h,i.imgur,+10神聖傷害,@迷因翮譯,1.4k,37,Share
2019-10-03_10-14-11_UTC.jpg,一名男子歧視並毆打 FedEx,的送貨員-之後被反擊身亡,FedEx,Express,bLAck pARty,@blackxparty,哇他送那個男的去見上帝7,日送達
2019-10-03_10-20-12_UTC.jpg,當我一打開 Reddit:,@迷因翮譯
2019-10-03_11-17-42_UTC.jpg,客戶:明天把設計稿交給我,我:明天我趕不出來,客戶:我-明-天-就-要,我:,@迷因翮譯
2019-09-24_19-48-47_UTC.jpg,絕種的鳥類透過再進化,而得以繁殖下去,@迷因翮譯,重生
2019-09-25_11-30-42_UTC.jpg,你最六的缺點是什麼?,誠實,@迷因翮譯,我下認為誠實是個,缺點,我不在乎你的,想法
2019-09-25_15-28-07_UTC.jpg,社會新鮮),時期,V8,老鳥時期,@迷匠翮譯,早安!,跨殺小
2019-09-25_21-34-22_UTC.jpg,對著我微笑的,陌生人,@迷因翮譯,我
2019-09-26_11-26-17_UTC.jpg,"好;伊几我們再試一次""",@迷因翮譯
2019-09-26_16-14-38_UTC.jpg,當你已經舒舒服服地躺在床上7,但你忘記去尿尿,@迷因翮譯
2019-09-26_18-38-59_UTC.jpg,當你的吉普車跟你一樣,對天氣感到不滿,@迷因鄱譯
2019-09-26_22-40-13_UTC.jpg,當她給你她的電話,但接起來的是 Pizza Hut,@迷因翮譯,邊哭邊吃披薩,lujjamjam10eo
2019-09-27_13-10-55_UTC.jpg,父母:你還在讀書;不準跟女生交往,兒子:(開始跟男生交往,父母:,@迷因翮譯
2019-09-27_13-21-49_UTC.jpg,Ad. 1 of4. 0:05,6,@迷因翮譯,你他媽,給我住手
2019-09-27_19-03-15_UTC.jpg,r marvelstudios,SIuDIS,Posted by ulthomasp003,3h,2,3,1,1,2,索尼,漫威談和,),兩家公司,會繼續製作蜘蛛人第三集,0,News,TV,@迷因鄱譯,variety.com,49.6|,3.0k,Share
2019-09-27_22-16-56_UTC.jpg,當你接在你爸俊面上廁所,@迷因翮譯,88,68;,臭,stinks,ASS6
2019-09-28_14-25-59_UTC.jpg,政客:地球沒有這麼熱,地球:,@迷因翮譯
2019-09-28_14-33-35_UTC.jpg,HOME/FILM/ NEWS,蜘蛛人會繼續留在漫威宇宙,Brent Lang,"September 27, 2019 8:02AM PDT",班叔,@迷因翮譯
2019-09-20_18-51-43_UTC.jpg,rinterestingasfuck,Posted by ulGallowBoob,5h,i.redd.it,進攻51區的活動已經開始了,Ir|ALL,Mindblowing,Pics & Gifs,@迷因鄱譯,SToo
2019-09-20_18-56-10_UTC.jpg,Tony Mascarpone,@markyshmarky,爸爸帶我們去水上樂園,0,我們24歲,@迷因翮譯
2019-09-20_22-46-56_UTC.jpg,@迷因翮譯,LVE,THE,BlG STORY,GETTING READY FOR ALIENSTOCK,MANI,FlNAL PREPARATlONS UNDERWAY IN RACHEL,LADBIBLE,男子在八們抵達51區時在記者身俊火影忍者跑
2019-09-21_19-02-10_UTC.jpg,我們來了!我們看見了!,我們就只是到處閒晃著,@迷因翮譯,Exifan,SMET,GWERMENT,Photo Credi@LeiEve,imades,CLAP,h,CHEES
2019-09-21_19-07-42_UTC.jpg,守衛:你是想扮成恐龍還是什麼?,@迷因翮譯,才不是咧,你這個智障,No vou fucking idiot!
2019-09-21_19-12-37_UTC.jpg,忍者跑哥發現自己在網路上爆紅,@迷因翮譯
2019-09-21_19-36-36_UTC.jpg,群陌生人穿著奇裝異服,為什麼你不想錯過這個活動?,站在政府基地前面,@迷因翮譯,這是生次的經驗,就像萬聖節!只是我們比較鬧,NN
2019-09-21_22-03-58_UTC.jpg,傳奇永存,抱歉'我認為,你說是吧?,沒八能逃過一死,除了忍者跑哥,別跑了,你這個王/蛋,@迷因翮譯,THIS CDMIC MADE POSSIBLE THAMKS TO SHIBBY SAYS,81,OVENSTEIN.LOM
2019-09-22_11-36-48_UTC.jpg,@迷因翮譯,哇10塊錢餒
2019-09-23_13-21-49_UTC.jpg,當你在路上看到自己的前男友在,路上被人圍毆 你心想:我應該,伸出援手嗎?,免了,他們人夠多7,@迷因翮譯
2019-09-23_13-37-27_UTC.jpg,還記得有個男的在3000名女權,主義者面前掏出他的'G6,@迷因翮譯
2019-09-23_19-11-19_UTC.jpg,當你給披薩外送員開門,@迷因翮譯
2019-09-23_22-55-10_UTC.jpg,當這三天;你儿生中的事情都,進行的蠻順利的,@迷因翮譯
2019-09-24_18-38-55_UTC.jpg,"買東西囉""",@迷因翮譯,"啊幹""","買東西囉""",bo9,9o%d
2019-09-12_20-49-58_UTC.jpg,我的室友聲稱,我在這裡住7200年,這個房子鬧鬼,都不覺得有異狀,@迷因鄱譯
2019-09-14_13-58-03_UTC.jpg,三星釋出了一款可以講話,和回答問題的冰箱,TY0,0T0,@迷因翮譯,Emeka,@emekanu,[這已經是你今天第三碗,"冰淇淋了,你這死胖子_",SAMSUN6
2019-09-14_14-04-26_UTC.jpg,當你終於殺了傑利鼠,一顆靈魂寶石出現在你面前,你才發現到他是你唯一真王愛過的人,@迷因翮譯
2019-09-15_22-51-49_UTC.jpg,T媽媽,),我們可以去埃及嗎?_,T我們家就有埃及了啊_,家裡的埃及:,@迷因鄱譯
2019-09-16_22-23-47_UTC.jpg,下家認為憂鬱症患者,VS,其實憂鬱症患者,是這樣,是這樣,@迷因翮譯,made with mematic
2019-09-17_10-21-52_UTC.jpg,班上的孩子:這題數學好難,我需要幫忙,亞洲小孩:,@迷因翮譯,是誰召喚了全能的那位?
2019-09-17_17-13-12_UTC.jpg,當一片品客碎成兩半並掉口罐子裡,@迷因翮譯
2019-09-17_17-35-24_UTC.jpg,當你打開Line群組,),發現有),已經被嚐了30分鐘,@迷因翮譯
2019-09-18_21-46-05_UTC.jpg,有個小孩跑來問我說我有沒,有什麼隱藏的才藝,我說沒有.他說他媽媽可以,用鼻孔吃砂糖,0,@迷因翮譯,imgllip.com
2019-09-18_21-56-47_UTC.jpg,當考試時老師走過你旁邊,然後說:,門同學們,),請仔細,看清楚題目%_,@迷因翮譯,T
2019-09-18_22-06-35_UTC.jpg,當你的訓練還沒結束,),但你的師父叫,你離開,@迷因翮譯,1=
2019-09-19_17-38-14_UTC.jpg,殯葬業者在9月21號,0,@迷因翮譯
2019-09-19_18-21-48_UTC.jpg,riteenagers,Posted by ulimsquaresoimnotthere:13,8h.,2,"抵達內華達州,準備進攻51區",Other,@迷因翮譯,33.7k,823,Share
2019-09-20_09-19-38_UTC.jpg,身為一個歐洲人的我,),王在,等待進攻51區的消息,@迷因翮譯
2019-09-03_06-41-30_UTC.jpg,老師:你不能在小下呼吸,我:,@迷因翮譯
2019-09-03_06-47-52_UTC.jpg,@迷因翮譯,用海綿寶寶裡的臺詞,形容你的性生活,準備好了嗎?孩子們?,你到底有什麼毛病啊!?
2019-09-03_14-22-39_UTC.jpg,我帶著4輪運作功能都王常的,購物車逃離51區,@迷因翮譯
2019-09-03_14-28-26_UTC.jpg,我再問你最俊一次,你嘴巴裡到底有仁麼東西,@迷因翮譯,dano.
2019-09-05_13-40-17_UTC.jpg
2019-09-05_14-34-37_UTC.jpg,當脾氣好的老師生氣了,@迷因翮譯
2019-09-06_04-10-55_UTC.jpg,晦! 你是哪裡人?,我是澳洲人,喔抱歉我不知道,Deliiered,@迷因翮譯
2019-09-07_21-52-15_UTC.jpg,老師:教室內不準吃東西,最後一排的同學:,@迷因翮譯,roiina
2019-09-08_23-41-37_UTC.jpg,我:不好意思:比薩斜塔可以讓我拍,二一月亮嗎?,比薩斜塔:,@迷因翮譯
2019-09-09_19-51-21_UTC.jpg,警用鑰匙,f199P?10,可議價'求快速脫手,"警察30分鐘錢把這個忘在我家了,所以我想",賣了他來換新的門,@迷因翮譯,9 comments,23 shares
2019-09-09_19-56-09_UTC.jpg,女生在廁所:我的髮型好看嗎?,男生在廁所:,@迷因翮譯
2019-09-11_22-41-15_UTC.jpg,當你搭上UBER,),然後收到訊息,T您的UBER已經抵達_,翮譯,@迷
2019-09-11_22-59-24_UTC.jpg,@迷因翮譯,我-擊殺數0
2019-09-12_13-35-44_UTC.jpg,Hs HC Hc,WTE
2019-08-20_16-31-10_UTC.jpg,體育老師:我阿嬤都比你強,體育老師的阿嬤:,@迷因翮譯
2019-08-21_04-34-56_UTC.jpg,沒有人:,每個爸爸的大頭炤:,@迷因翮譯
2019-08-21_04-46-17_UTC.jpg,MOVIES &TV,蜘蛛人掰掰,漫威和索尼談判破局,蜘蛛人退出漫威宇宙,@迷因翮譯,Don't make mecome down,"there, you",別逼我下去喔,王八蛋,ulpoorersmooth,punk
2019-08-21_11-49-05_UTC.jpg,Marvel Studios,QMarvelStudios,蜘蛛人:返校日,@迷因翮譯,蜘蛛人:離家日,大家幫忙想一下下-集叫什麼,10:35 PM,22,19,Twitterfor Android,"2,184 Retweets","9,449 Likes",湯姆霍蘭德,@TomHolland,Tm,Replying to QMarvelStudios,蜘蛛八:無家可歸日,^7 55,"3,689",May
2019-08-21_11-55-14_UTC.jpg,彼得帕克看著漫威和索尼六吵,特吵 並默默做好失去班叔第,四次的心理準備,0,@迷因翮譯
2019-08-21_15-51-11_UTC.jpg,@迷因翮譯,第次嗎?
2019-08-22_10-48-50_UTC.jpg,跟索尼談判,迪土尼,讓蜘蛛人進7,大成功,漫威宇宙,迪土尼,@迷因翮譯,跟索尼談判,跟索尼談判,破裂,破裂,迪土尼,他們把蜘蛛,迪土尼,他們把蜘蛛,人收回去,人收回去,買下索尼
2019-08-24_18-55-53_UTC.jpg,熊:*不想養爸爸,*家人還是堅持養爸爸*,熊跟爸爸:,@迷因翮譯
2019-08-24_19-05-58_UTC.jpg,iMessage,Today 1i:56 Alv,你是不是傳席炤給我奶奶??,沒阿!怎麼7!?,因翮譯,Delivered,幹你娘
2019-08-28_16-21-52_UTC.jpg,當你終於受夠親戚的酸言酸語,出言口嚐他們,@迷因翮譯
2019-08-28_17-26-31_UTC.jpg,朋反:可以借仃的手機 Google一下嗎,我:好阿,朋友:*打開歷史記錄,朋友:,@迷因鄱譯,Made with trauma
2019-08-30_18-52-37_UTC.jpg,富仃為了某忤事'情王氣,然後你跟你媽說 '結果你媽,也跟著生氣,@迷因翮譯
2019-08-30_19-11-33_UTC.jpg,足球選手:*不小心撞到另一個選手,另一個選手:,@迷因翮譯
2019-08-30_19-20-25_UTC.jpg,當你已經把boss打到剩16hp結果,被殺死,@迷因翮譯,湯瑪土從來沒有看過這麼荒唐的事,Thomas had neverseen such bullshit before
2019-08-10_08-21-46_UTC.jpg,*新牙膏上市*,牙醫:,@迷因翮譯
2019-08-11_07-22-39_UTC.jpg,光線:*存在*,黑洞:,@迷因翮譯
2019-08-11_07-27-06_UTC.jpg,如果你從未讓你的父母感到,驕傲'就不用擔心自己會令,他們失望,@迷因翮譯
2019-08-11_07-39-10_UTC.jpg,Touhearefugee Ha,你是個難民阿,哈利,@迷因翮譯,哈利波特:阿富汗的逃犯,Like,"G8,405",0 hrs,3,Reply
2019-08-13_01-54-53_UTC.jpg,我:*中了威力彩頭獎,所有我認識的人:,@迷因翮譯
2019-08-13_13-26-01_UTC.jpg,我:睡710個小時:該做事7,我的身體:,@迷因翮譯
2019-08-15_19-43-17_UTC.jpg,那是我的手機啦,我把他設為震動7,B71121,@迷因翮譯
2019-08-15_20-03-37_UTC.jpg,父母:牽緊我的手然後走在我旁邊,小孩:,@迷因翮譯
2019-08-16_13-43-12_UTC.jpg,我的父母,英文95分,數學37分,我,@迷因翮譯
2019-08-17_09-42-07_UTC.jpg,當你加入一個隊伍,),所有隊員的|,都是日文,@迷因翮譯,|1,oput Ftur,SRCRAFo
2019-08-17_10-48-15_UTC.jpg,[在天堂|,我,請...請問他在這裡嗎?,天使,@迷因翮譯,你說誰?,我的狗狗,干人I,19{0$
2019-08-18_10-12-43_UTC.jpg,FedEx:我們可以送貨到任何地方,我:可是我八在戰爭地區羨,FedEx:,@迷因翮譯,Rdy,"e"""
2019-08-18_10-16-32_UTC.jpg,警察:你知道我為什麼把你,攔下來嗎?,我:你自己忘記的 怪我囉,@迷因翮譯
2019-08-19_16-08-55_UTC.jpg,當個奧客說:,T我不會再來這邊消費7!_,@迷因鄱譯
2019-08-01_13-48-55_UTC.jpg,亞洲爸爸:*不想要養狗,家儿:*還是養7狗,爸爸跟狗:,@迷因翮譯
2019-08-01_15-52-31_UTC.jpg,把牠看作是對你的最後通牒,抱歉傳錯人了,Read 9:10fl,@迷因翮譯,誰是對的人!?,到底誰他媽的是對,的人啦!?
2019-08-02_06-28-39_UTC.jpg,"""孩兒阿",),"人類現在還敬拜我們嗎?""","""我拉屎在箱子裡",),"他們會清乾淨""","""很好!很好!",Il,@迷因翮譯
2019-08-02_09-00-07_UTC.jpg,The puppy,gotfor my,6 year old me,birthday,6歲的我,在生日時得到,的小狗勾,@迷因翮譯,Him seeing,meforthe,last time,20 year,before being,old me,to sleep,20歲的我,我哄他睡前他看我最後一眼,ulrjuniorr,put
2019-08-04_11-50-20_UTC.jpg,當你去上學,5,老師有任務要給你
2019-08-04_18-01-41_UTC.jpg,醫生:*以為人治病來賺錢,白血球:,@迷因翮譯,有八付你們錢喔!?,You guys are getting paid?
2019-08-05_09-35-12_UTC.jpg,當新學年的第一天;你不認識,任何人所以沒人跟你講話,),然,後你朋友從教室前面經過,@迷因翮譯
2019-08-05_14-50-59_UTC.jpg,當你正在當電燈泡'那對情侶開,始吵架'然後男方突然六吼說:,[那我們就一起去死吧!,@迷因翮譯,_
2019-08-05_15-19-27_UTC.jpg,怎麼跟比你矮的人說話,@迷因翮譯,X錯誤,王確
2019-08-06_11-39-32_UTC.jpg,當你上臺報告時開錯資料夾了,@迷因翮譯
2019-08-06_15-43-06_UTC.jpg,忘記作功課,不知道有功課,@迷因翮譯,我的狗吃了功課,我的狗忘記,作我的功課
2019-08-08_14-11-26_UTC.jpg,我:我是個沒有價值的),器官貿易商:,@迷因翮譯,對啦,但其實也不是這樣,"Well ves, but actually no"
2019-08-08_18-14-51_UTC.jpg,寶貝妳生氣了嗎?_,[沒有阿_,[那笑個給我看_,@迷因翮譯
2019-08-09_05-56-07_UTC.jpg,當你吃素的朋友肚子餓了,所以你就停在路邊讓他吃野草,墊墊胃,@迷因翮譯,W
2019-07-18_14-22-18_UTC.jpg,歐洲人想到美國人在進攻51區的,時間是他們的凌晨,@迷因翮譯,我不需要睡覺,我需要答案,0,dont need sleep.Ineed answers.
2019-07-18_17-58-36_UTC.jpg,耶穌基督就是我的GPS,22BF17,@迷因翮譯,快撞那個妓女笑死,殺小阿耶穌
2019-07-18_18-04-45_UTC.jpg,人們攻破51區後:,@迷因翮譯,跟我的克隆人一起吃西瓜,3|viewis
2019-07-19_11-29-02_UTC.jpg,為什麼我聽得懂你說的話?你有用什麼神經語言路由器嗎?,How comelcan understand you? Are you using,some sort of neural language router?,@迷因翮譯,其實我是用英文在跟你說話,你這個智障,"Actually, Tm speaking ENGuSH you fucking idiot."
2019-07-22_06-26-23_UTC.jpg,Bubz,@whiteboybubz,大學同學:我們都在同一條船上,那條船:,@迷因翮譯
2019-07-25_09-52-42_UTC.jpg,dad.banter,@dad,banter,@迷因翮譯,兒子:爸 媽我是同性戀,媽媽:看向爸爸,爸爸: 握緊拳頭,開始冒汗,媽媽:你不要喔!!,爸爸:晦!同性戀!!我是爸爸!!
2019-07-25_10-03-32_UTC.jpg,當你衝751區後醒來發現,自己跟天安門事件的受害,者一起被關在牢裡,o,@迷因翮譯,根據政府的說法'我們都不存在,According fotegovemment
2019-07-25_13-44-22_UTC.jpg,r/AskReddit,u/matt tracer,5m,你的 T我真不敢相信我對我,喜歡的人說了這句話'J的,時刻是什麼?,Discussion,@迷因翮譯,Vote,4,Share,BEST COMMENTS,Thatguy755,5m,在我們的婚禮上說T我願意],Reply
2019-07-25_16-44-35_UTC.jpg,當房東的貓弄傷你的泰迪熊,@迷因翮譯
2019-07-26_08-10-11_UTC.jpg,如果我可以跟像你一樣,的男生約會就好7,我就是像我一樣的男生,那你要跟我約會嗎,@迷因翮譯
2019-07-28_10-43-32_UTC.jpg,發現出超帥男角的 Coser真的是男生,@迷因翮譯,不可能
2019-07-28_14-39-54_UTC.jpg,這是|麼啊?,這個是新的物種,我主,好可愛喚!!!,我們叫他T狗勾_,我主'地球上有恐龍,現在就把他們,放到地球上!.,到處遊蕩:他們無法,生存的,@迷因翮譯,那就炸掉那些蜥蜴R
2019-07-28_18-21-23_UTC.jpg,當你熬夜打遊戲:中間休息,"二下,看到了日出還聽到蟲",鳴鳥叫,0,@迷因鄱言
2019-07-30_05-26-57_UTC.jpg,當主角做這個動作時就知道,代誌大條7,@迷因翮譯,Good grief..
2019-07-03_10-24-40_UTC.jpg,搶匪持武器搶超商'被,店內每一個客人開槍射,擊.,@迷因翮譯,Sund1y. Juno 11-2o17,LiveLeak
2019-07-03_16-08-39_UTC.jpg,他:沒有妳我活不下去,她:|/3/`l,氧氣,陽光:,@迷因翮譯
2019-07-04_10-20-58_UTC.jpg,5,駕駛的擋風玻璃被鳥龜擊中,@迷因翮譯,Nets
2019-07-10_15-01-56_UTC.jpg,記得這個寶寶嗎?,這是他現在的樣子,@迷因翮譯,覺得老了嗎?
2019-07-10_15-25-41_UTC.jpg,我:中了樂透頭獎,我女友:,@迷因翮譯
2019-07-12_14-58-00_UTC.jpg,想衝入51區的美國人,@迷因翮譯,我舒舒服服地待在臺灣的家裡,等待結果
2019-07-12_15-12-19_UTC.jpg,美國政府:別擔心'他們在開玩笑,51區-9月20日:,@迷因翮譯
2019-07-13_00-43-50_UTC.jpg,歐洲人一覺醒來看到,Reddit上面充滿51區迷因:,他們到底在衝三凌,@迷因翮譯
2019-07-13_07-06-29_UTC.jpg,彼得在蜘蛛人返校日:我準備好成為復仇者,聯盟的-員7!,"所有人:不,你還沒準備好",0,所有人在蜘蛛八離家日:我們需要你成為,復仇者.,彼得:,@迷因翮譯,但我現在不想,這麼做
2019-07-13_08-07-29_UTC.jpg,我跟我的新麻吉離開51區時,發現軍隊緊追在後,@迷因翮譯
2019-07-16_12-23-25_UTC.jpg,現在凌晨3點,),我的鄰居王在,和他的西瓜們開會,@迷因翮譯
2019-07-16_17-33-17_UTC.jpg,TOp DEFINITION,定義,@迷因翮譯,npc energy,NPC活力,只在人家對你說話時才說話,When you onlytalkto peopleifthey talkto you.,人1:你為什麼總是不開啟話題呢?,Person i:whydon tyou ever stan conversations,Person2: becdusel have npc energy,人2:因為我只有NPC活力,"by Bearboy69 January 24, 2019"
2019-07-16_17-41-42_UTC.jpg,一個我們不配擁有'卻是我們,所需要的英雄,@迷因翮譯,Chipotle,奇波雷墨西哥燒烤,@ChipotleTweets,"是的,我們會外送到51區",5:31 PM,7|15|19,Twitter Web Client,5o.3K Retweets 3OOK Likes,心7,HEHES
2019-07-17_08-17-29_UTC.jpg,為你的答案作辯護,DEFEND,小隊長!`我不,yOuf,answer.丫,知道我還能撐,答案,多久!!,ANSNE,"註:defend有""保護""的意思",在Defend the answer裡,No!不對!!,"是翮作""為...辯解""",@迷因翮譯,你們幹嘛唬我.我是對的談!,61
2019-06-21_06-29-48_UTC.jpg,SAFEL1,@迷因翮譯,ENDRNGERED,T(,我終於做出,該去拜訪,時光機了,某個人了...,乒皿, CLnP*, CLRP`
2019-06-22_18-02-03_UTC.jpg,6:05,C0,為什麼迪土尼要讓復仇者聯盟4,重新上映,Looper,42K views,3 hours ago,@迷因翮譯,錢
2019-06-24_07-15-49_UTC.jpg,不是所有英雄都身著披風,穿紅色衣服的男子用原力,停下球棒,@迷因翮譯,=
2019-06-24_07-39-59_UTC.jpg,當社會六眾知,道有女老師跟,學生交往,@迷因翮譯,當社會大眾知,道有男老師在,跟學生交往
2019-06-24_13-15-11_UTC.jpg,大吼貓咪的,名字20分鐘,@迷因翮譯,不小心小聲地,講到跟狗狗的,名字很像的字,你找我嗎?,T0,AAHT=0,1)13????,SE=
2019-06-25_10-27-49_UTC.jpg,我的畫功進步了,2008,2017,@迷因翮譯
2019-06-25_10-57-53_UTC.jpg,沒有人:,男生:,@迷因翮譯
2019-06-26_15-28-50_UTC.jpg,薩諾斯解釋,@迷因翮譯,為什麼要消,滅宇宙一半,復仇者聯盟,的生命
2019-06-26_15-52-51_UTC.jpg,武藏跟小次郎用,12隻神奇寶貝對,小智的皮卡丘,抗小智,@迷因翮譯
2019-06-30_06-38-50_UTC.jpg,2008年:,我是...鋼鐵/,@迷因翮譯,2019年:,我是...鋼鐵/
2019-06-30_09-51-02_UTC.jpg,往好處想'我完全不怕閃光彈,-海倫;凱勒,@迷因翮譯
2019-07-01_09-55-23_UTC.jpg,當你在遊戲裡已經封頂;,但你必須去新手村幫助你剛,開始玩的朋友%,@迷因翮譯
2019-07-02_17-58-23_UTC.jpg,醫生:這個藥要飯後吃喔,0,非洲小孩:,@迷因翮譯
2019-07-02_18-05-58_UTC.jpg,MESSAGES,now,爸爸,為什麼FB|來了?,@迷因翮譯,嘿,如果有FB|探員在監視我,可以幫我帶披薩來嗎 ?X,ALL,IMAGES,VIDEOS,NEWS,MAPS,made with mematic
2019-06-13_03-14-38_UTC.jpg,[我的球球呢?約翰_,@迷因翮譯
2019-06-13_03-28-04_UTC.jpg,基努李維'你覺得我們,死後會發生什麼事呢?,深呼吸),我只知道愛我們的人會很,想念我們
2019-06-14_11-36-13_UTC.jpg,電影裡的駭客在亂敲鍵盤4.3秒,之後,@迷因翮譯,我進去了
2019-06-15_10-30-54_UTC.jpg,媽媽:你是不是喝酒了?,我:沒有阿,媽媽:看著我,我:,@迷因翮譯,innabis aro
2019-06-15_10-37-15_UTC.jpg,[快趁現在,),他沒彈7!_,約翰;維克:,@迷因翮譯
2019-06-16_04-56-57_UTC.jpg,你被逮捕了!,把他關進大牢,改找一個黑人>,@迷因翮譯
2019-06-17_06-58-55_UTC.jpg,當你在履歷表上膨風但還是,得到工作了,@迷因翮譯
2019-06-17_07-03-07_UTC.jpg,有人能把這部車P$成黑色嗎?謝啦!,Znchory Polly,@迷因翮譯
2019-06-17_13-42-47_UTC.jpg,D,當我知道,MTDo,動物之森,1889,switch版被,延到2020年,上市,@迷因翮譯,當我知道他們,是為了給員工,更健康的工作,環境才延期的
2019-06-18_03-25-15_UTC.jpg,夕 INDIAN EXPRESS,3-MIN READ,巴基斯坦政府在臉書直播的時候不小心開啟了貓咪,濾鏡;淪為六家的笑柄,0,@迷因翮譯,搞砸的實習生
2019-06-18_17-56-51_UTC.jpg,我:總之'我今天在跟一個女生講廠,整個家族:,@迷因翮譯
2019-06-19_07-26-10_UTC.jpg,sad tweets TM,@RJaquline,[我以性命發誓],你本來就想自殺了,給我用別的東西,發誓啊混蛋,14:38,6/15/19,Twitterforiphone,@迷因翮譯
2019-06-19_07-40-03_UTC.jpg,錢幣在墓碑上的意義,留下一分錢表示,留下5分錢表示,你造訪過他的墓,你們一起受訓過,@迷因鄱譯,留下一角表示,留下兩角五分表示,你們在同一個,他/她往生時你在場,單位
2019-06-20_10-53-06_UTC.jpg,人光室的醫療人員:,請不,要擔心'這個很安全%_,同樣是X光室的醫療人員:,@迷因翮譯
2019-06-01_06-01-56_UTC.jpg,當我終於找到導致我成績,這麼差的兇手,@迷因翮譯,你在跟我開玩笑嗎
2019-06-02_14-25-12_UTC.jpg,我的履歷,@迷因翮譯,這是垃圾嗎?
2019-06-05_04-29-56_UTC.jpg,當你第一次用 VR,),你的朋友,都在旁邊看你,@迷因翮譯,8:'''.'
2019-06-05_07-28-44_UTC.jpg,我的父母養了一隻鳥龜,),他會在家裡,走來走去.今天他在沙發底下找到一,個雞塊'於是他把牠叼來給我父母當,作禮物,@迷因翮譯
2019-06-06_08-37-52_UTC.jpg,"當你已經看過這個梗圖6次7,但",這鴨子真的他媽有夠可愛,@迷因翮譯
2019-06-08_11-51-31_UTC.jpg,談她在線上談,我該怎麼辦阿兄弟,傳肩炤,你先傳,@迷因翮譯,傳給她啦,他媽的智障
2019-06-09_04-07-21_UTC.jpg,jonny sun,@jonnysun,我送我所有模擬城市的市民去上,大學'最後他們都成了科學家;,並得出結論 :我們都住在一個模,擬器裡頭,0,於是我就把遊戲刪掉7,0,@迷因翮譯,7:12 PM,6|7|19,Twitterforiphone,648 Retweets,"5,877 Likes"
2019-06-09_04-50-01_UTC.jpg,當我踏出諮商室一秒鐘:我的,諮商師就打給他的諮商師,0,@迷因翮譯
2019-06-09_04-55-01_UTC.jpg,Kermit GltsKermit,3 tim,終於有些好消息7,Oversatt fran engelska,GN,U.S.,+,研究證實:太常上網可能會,導致早死,0,@迷因翮譯,"By James Nielssen, CNN",3,L1,1in,211
2019-06-10_15-18-14_UTC.jpg,@迷因翮譯,基努李維在,電影/電玩裡,基努李維在,KEANU REFVES IN,現實世界,MOVIES| AES,IN PERSON
2019-06-11_13-56-01_UTC.jpg,Marvel Studios,@MarvelStudios,蜘蛛人:返校日,@迷因翮譯,蜘蛛人:離家日,大家幫忙想一下下一集叫什麼,10:35 PM,22,19,Twitterfor Android,"2,184 Retweets","9,449 Likes",湯姆霍蘭德,@TomHolland,Tm,Replying to QMarvelStudios,蜘蛛人:無家可歸日,^7 55,"3,689",May
2019-06-12_03-23-04_UTC.jpg,@迷因翮譯,想問一個簡單問題,的我,心情不好的媽媽
2019-06-12_03-25-46_UTC.jpg,親愛的天父上帝'請告訴我,接下來我該怎麼做 @迷因翮譯
2019-06-13_03-03-15_UTC.jpg,服飾店想要賣給男八的,男人真正想要的,@迷因翮譯,呂
2019-05-22_17-55-13_UTC.jpg,我試圖自殺,),但是沒有成功,真遺憾...你可以再試一次嗎?,@迷因翮譯,Search,[?,Made with depression
2019-05-23_05-27-56_UTC.jpg,當你女朋友月經來,@迷因翮譯 然後她說今天改用屁眼,"諸君,_前往垃圾場"
2019-05-25_05-12-33_UTC.jpg,@迷因翮譯,在波蘭 Meanwhile in Polska,不裝安全氣囊,死也要像個真男人,斯拉夫,100
2019-05-25_05-49-29_UTC.jpg,Lhat5,老婆,@迷因翮譯,我們的女兒掉了她第,一顆牙齒!!,我知道阿,),她之後就不,敢再碰我的PS4了,73,啥?,7+79,啥?,73
2019-05-25_11-52-26_UTC.jpg,保育員:|抱著樹懶以普通的速度走路,樹懶:,@迷因翮譯
2019-05-26_07-37-01_UTC.jpg,比特幣,(2010年7月,$0.008,史帝夫:,@迷因翮譯
2019-05-27_01-43-01_UTC.jpg,我剛剛才發現索爾他媽的穿7 crocs,去那個葬禮,@迷因翮譯
2019-05-27_01-48-46_UTC.jpg,牧師:講了一個有一咪咪好笑的笑話,所有40歲以上的人:,@迷因翮譯
2019-05-27_17-32-26_UTC.jpg,美國談論自由與民主,@迷因翮譯,美國散播自由與民主
2019-05-27_17-45-16_UTC.jpg,昨天我看到一個黑人騎腳踏車...,我以為那是我的,0,@迷因翮譯,於是我去檢查了下我的車庫,),發現他其實,還鎖在那邊並且跟我要飯吃,0,621,Shat
2019-05-30_15-06-13_UTC.jpg,孩童時期的我在白天看到月亮,@迷因鄱譯,不可能
2019-05-31_06-35-44_UTC.jpg,我們要怎麼知道他們是不是,我送你離開~,在裝死?,1=,@迷因翮譯,壬里,你無聲,之外,黑白
2019-05-31_13-05-26_UTC.jpg,奶奶,快被窮鬼,抓走的我,@迷因鄱譯
2019-05-31_19-24-17_UTC.jpg,CIA,001,為什麼我們都看不見幽浮?,10:05,要保守秘密喔,@迷因翮譯,看完就刪
2019-10-06_18-49-52_UTC.jpg,當你小時候你媽把你的任天堂藏,起來不讓你玩'於是你成為一個,同性戀,),把她的金孫藏起來,@迷因翮譯,讓你們看看什麼叫專業的玩家,Im gonna do whats called a pro-gamer move.
2019-10-09_17-08-53_UTC.jpg,Lizzy Smith,@elizwsmith,我上課的時候偷偷拿手機,出來滑'然後我馬上收到,這個,@迷因翮譯,AirDrop,"""professor Donaldson siphone"" would",like to share a photo.,Donaldson教授想跟你分享炤片,the,and,PI.,U聲地]我會殺了你,拒絕,接受,Decline,Accept
2019-10-13_19-27-12_UTC.jpg,爸爸證明他沒有全禿,@迷因翮譯
2019-10-20_09-32-18_UTC.jpg,爸爸:你幹嘛大吼大叫的不就,是個遊戲嘛,爸爸當他支持的球隊輸7:,@迷因翮譯
2019-10-25_13-27-53_UTC.jpg,朋友:抱歉 房間有點亂,他的房間:,@迷因翮譯
2019-10-30_21-10-24_UTC.jpg,@迷因翮譯,THEREISNEWS.COM,兩名教會的同工因為在香爐裡放大麻,而被逮捕
2019-11-06_10-55-31_UTC.jpg,當你用盡一生來建造金字塔,結果後人把他歸功給外星_,@迷因翮譯
2019-11-11_15-12-46_UTC.jpg,當你在看實況的時候問了,一個問題 然後實況主回答7,@迷因翮譯
2019-11-19_13-25-57_UTC.jpg,兒子:爸 我是同志,爸爸:無論如何我們都愛你,兒子:然後我覺得地球是平的,爸爸:現在就滾出這個家,@迷因翮譯
2019-11-26_08-59-37_UTC.jpg,我的筆掉到地上之俊跑去哪7?,地板上,別的次元,@迷因翮譯,dpp
2019-12-04_01-48-37_UTC.jpg,當你沖馬桶的時候馬桶水開始上升,迷因翮譯
2019-12-12_02-17-01_UTC.jpg,我:(提到黑色星期五大特價,我的曾祖父:,迷因翮譯
2019-12-19_18-05-58_UTC.jpg,嗯?菸?,迷因翮譯,阿是 DPP,made with mematic
2019-04-25_06-02-28_UTC.jpg,有人可以跟我解釋下為什麼他媽的,有一隻狗在飛機上?,@迷因翮譯,飛機上的狗,@dog plane,干你屁事,),林北有付錢
2019-05-10_23-57-34_UTC.jpg,媒體眼中的Reddit,@迷因翮譯,實際上的Reddit
2019-05-12_05-19-12_UTC.jpg,作出下確的抉擇,S8 poges7,11,WB poges5;7,抱歉'我自己有,@迷因翮譯,1,Tointroduce ihe unitto the students,Iolalkabout ptoblems athome and atschool,To reada,and answier questions,7,iouseinightlmustand should have cofrectly,UNIT,Outtomies,Ltiton,blog,iion
2019-05-14_01-58-43_UTC.jpg,Samantha Joel,@datingdecisions,@迷因翮譯,剛剛發現我老公不是從水龍頭,裝要給狗狗喝的小'而是從冰,箱門上的給小器裝小,他說,要是她也會為了我這麼做%_,1:20 PM,7|05/19,Twitter Web,24k Retweets 18GK Likes,App
2019-05-14_02-10-22_UTC.jpg,當考試題目出現:女儿在1920年爭取,到什麼權利?,@迷因翮譯
2019-05-14_02-26-02_UTC.jpg,教授:這次的專題報告倀六'不要,拖到最後一晚才開始做,我:在最後一晚:,@迷因翮譯
2019-05-14_14-42-23_UTC.jpg,男1:羨'我想尿尿!,男2:隨便尿阿 全世界都是,你的廁所,@迷因翮譯,男1尿在男2嘴裡,男2:羨幹你衝殺小,男1:你就是我的全世界阿:,男2:
2019-05-15_02-23-55_UTC.jpg,當你要跟同學去臺中比賽;而其他兩個,人都遲到,所以你只能一個儿坐火車去臺中,@迷因翮譯
2019-05-15_02-30-08_UTC.jpg,大麻比麥當勞更安全,@迷因翮譯,(,麥當勞,QicDonalds
2019-05-16_10-22-57_UTC.jpg,漫威的粉絲嘲笑其他人在跑,完片尾名單前離場,),但發現,其實結尾沒有彩蛋,@迷因翮譯
2019-05-16_10-27-01_UTC.jpg,當老師在考試時對提問的,同學解釋他的問題,0,@迷因翮譯
2019-05-17_03-11-30_UTC.jpg,老師:好了;開始考試,),同學們拿出,你們的計算機,伊斯蘭教徒:,@迷因翮譯
2019-05-20_08-44-22_UTC.jpg,老師:這次考試不及格的少,一分打一下,@迷因翮譯
2019-05-22_04-01-39_UTC.jpg,升級你的微軟係統'最後警告,待會提醒我,@迷因翮譯,我可以跟你耗一整天
2019-04-18_02-19-42_UTC.jpg,撒旦,(os8n,23 0c1,無論是1條罪或是1O00條罪都,會使你下地獄'所火何不犯下,1000000條罪然後成為地獄的,傳奇呢?,116 482,5 .925,@迷因翮譯,上帝,羨殺小啦!!,65
2019-04-18_06-01-54_UTC.jpg,美國的革命家王在寫要寄給,英國的獨立宣言,@迷因翮譯,Jiri,引,刪
2019-04-18_07-57-06_UTC.jpg,紅骷髏:以靈魂換取靈魂,薩諾斯:,@迷因翮譯
2019-04-19_03-00-44_UTC.jpg,看復仇者聯盟4:,為了劇情,@迷因翮譯,為了看史坦李,巳最後一次的客串
2019-04-19_03-11-19_UTC.jpg,當你在廣島倖存下來然後搬家到,長崎,@迷因翮譯,喔幹,),又來了
2019-04-19_03-49-11_UTC.jpg,"AU6 7, 2015",在兩次核爆中倖存下來的男/,在第二次世界六戰時;六約26萬人在長,崎 廣島被核彈轟炸俊倖存下來'但日本,男子山口彊是極少數經歷2次轟炸的恐懼並,熬了過來的人.,@迷因翮譯,EWANl AMDREWlS,0,呂,Tsutomu,Yamaguchi(Credit:Jemal Countess/Wirelmage)
2019-04-20_09-23-53_UTC.jpg,在過去:革命很單純,口E,日E,IWT,我們要,ER,@迷因翮譯,HANT,BEER,HANT,啤酒,BEER
2019-04-20_09-28-15_UTC.jpg,問題不是我生錯了時代,而是我被生了下來,Strange Pyromaniac,4 months ago,I,7.5K,95,@迷因翮譯,0,憂鬱症 100,PI(KP(
2019-04-20_15-36-47_UTC.jpg,"""孩子在車裡時不能抽菸""這條法律",實在是太荒唐了;你看 現在他們,只能站在風雨之中7.,@迷因翮譯
2019-04-21_05-53-55_UTC.jpg,耶穌禮拜天在夜店跟祂的兄,弟們講禮拜五發生了什麼事,@迷因翮譯
2019-04-21_16-53-04_UTC.jpg,史坦李從天堂看見有人爆雷,復仇者聯盟4,@迷因翮譯,不要逼我下去揍你喔,小王/蛋
2019-04-22_07-29-53_UTC.jpg,bananafanafofisa,@lisaxy424,@迷因翮譯,當我還是個孩子:為什麼運動員30幾歲就要,退休了?他們明明還那麼年輕,當我30歲了:試著從沙發上起來)嗯...好喔
2019-04-22_07-39-37_UTC.jpg,exit car doors,natsa safer,seriou,safety,沒網路,@迷因翮譯,subway. pleas,exit car doors,ts a safer,Seriou,很慢的,safety,網路
2019-04-23_15-16-54_UTC.jpg,Messages,Jennifer,Details,我看到妳男朋友跟一個,胖女人逛街羨,@迷因翮譯,"我先跟著他們,等等再跟",妳回報,其實那個女人就是我.
2019-04-10_15-22-45_UTC.jpg,當你試著把飯店整理好的被子,拉出來,@迷因翮譯,LTA,2009,Tale,App
2019-04-10_19-03-18_UTC.jpg,我希望他們拍到的影像,可以證明我的理論,不要擔心'愛因斯坦,),牠會證明你的理論o我,們都相信你,@迷因翮譯
2019-04-11_08-29-06_UTC.jpg,(把耳機放進口袋0.001秒),@迷因翮譯
2019-04-11_08-31-26_UTC.jpg,哪裡可以買到槍?,0,LIST,Open now,rated,MOPE FILTERS,@迷因翮譯,NB,Ottawa,Toronto,Gulf of,Mexico,Mexico,Top,g,%
2019-04-12_06-25-06_UTC.jpg,全耋灣的網友,@迷因翮譯,威秀的網路伺服器
2019-04-13_05-37-42_UTC.jpg,當你的免費試用版快到期7,但你一直創新的email帳號,@迷因翮譯
2019-04-13_08-07-07_UTC.jpg,你有沒有曾經看過一樣東酉,然後想:,哇!這真的超美國的啦!!,@迷因翮譯
2019-04-15_05-52-20_UTC.jpg,我爺爺每個禮拜都會去靶場,他說:T以免德國人想打第三次_,@迷因翮譯
2019-04-15_10-49-40_UTC.jpg,當一個女生終於決定要跟你說,發生什麼事了,@迷因翮譯,C!,Codk,0&8,Aioooi,PUsHHouo,日,2,0-
2019-04-16_11-25-55_UTC.jpg,歐盟:(禁上迷因,上帝:,@迷因翮譯
2019-04-16_11-31-17_UTC.jpg,2019年4月從拍到黑洞的炤片到,歷史建築被燒毀,@迷因翮譯,跑酷!!,ullobo$5
2019-04-16_12-00-49_UTC.jpg,當你發現巴黎聖母院燒毀,林肯總統去世,鐵達尼號沉船,天安門事件,波土頓馬拉松,爆炸案都是4月15號這天發生的,@迷因翮譯
2019-04-16_22-39-57_UTC.jpg,小智:,@迷因翮譯,我從來沒看過這些
2019-04-17_09-28-36_UTC.jpg,請輸入你的,信用卡資訊,以獲取你的,免費試用資,格,@迷因翮譯
2019-04-02_02-41-49_UTC.jpg,成癮症,@迷因翮譯,之前與之後,古柯鹼,酒精,霹靂古柯鹼,大蒜麵包
2019-04-03_08-12-59_UTC.jpg,詩人:在喝5-尤之後寫任何東西,國文老師:,@迷因翮譯,天啊!這太深奧7!
2019-04-03_09-42-40_UTC.jpg,unll Rogers Wi-Fi,7:51 AM,Atheist Republic,20 mins,在你們居住的地方,人們,是怎麼看待同性婚姻的?,Like,Comment,Share,63,4 shares,@迷因翮譯,Most Relevant,Adnan Karavelic,在加拿六'我們只稱他為 婚姻_,"因為它不是曲棍球,所以沒有八在乎",你是哪一隊的,45,13m,Love,Reply
2019-04-04_06-03-33_UTC.jpg,@迷因翮譯,你好 就是你將我召喚出來的嗎?
2019-04-04_07-14-32_UTC.jpg,當你的父母要你跟親戚的,孩子多學學,@迷因翮譯
2019-04-04_17-24-05_UTC.jpg,1:電影開始之前,圖2:電影開始之前,@迷因翮譯
2019-04-05_03-03-53_UTC.jpg,明明說好要一起去掃墓,結果驚醒發現爸媽沒叫上你,@迷因翮譯
2019-04-05_13-55-49_UTC.jpg,在遊戲裡因為自己作的,超蠢決定而死掉,@迷因翮譯,我是,智障嗎?
2019-04-06_07-35-17_UTC.jpg,薩諾斯:消滅半個宇宙的生命,葬儀社:,@迷因翮譯,&3
2019-04-06_12-34-46_UTC.jpg,抽到SSR的人,@迷因翮譯
2019-04-07_09-42-47_UTC.jpg,)|9,PaRo.,你都沒有再來公園了,我們很擔心你,@迷因翮譯
2019-04-07_12-14-55_UTC.jpg,你居然會,我怎麼可能會,生日快樂!!,記得!!,忘記呢?,@迷因翮譯
2019-04-08_09-36-39_UTC.jpg,當群裡的六佬在爭論攻擊倍率,的計算方式,我:,@迷因翮譯,他正在說神的語言,Heisspeaking thelanguage of gods
2019-04-09_12-32-23_UTC.jpg,你被母牛殺死的機率比鯊魚,高出12倍,@迷因翮譯,這是真的,我女朋友曾經拿,菜刀追殺我,Like,B,日ei
2019-03-25_13-13-47_UTC.jpg,我的朋友玩策略遊戲:,2x,0,4C,2,308,oft,@迷因翮譯,我玩策略遊戲:,(我看起來像是有訃劃的人嗎?,9
2019-03-27_03-25-48_UTC.jpg,今天在診所,我跟我的病人說:,你不能再吃速食7,結果午餐的時候我們在麥當勞,遇到,@迷因翮譯,YPb
2019-03-27_03-36-39_UTC.jpg,當你問你的狗嘴巴裡面有什麼,東西?,@迷因翮譯
2019-03-27_07-33-09_UTC.jpg,13號條款通過了,@迷因翮譯,宗教畫不太,有侵權問題
2019-03-27_07-44-53_UTC.jpg,當歐洲的Reddit用戶知道,13號條款通過了,@迷因翮譯,VPN,VPN
2019-03-28_03-18-32_UTC.jpg,看到有人追蹤我的專頁,我:,@迷因翮譯,開心的噪音,[ happiness,noise
2019-03-28_09-48-55_UTC.jpg,遊戲商計算一個禮包要賣,你多少錢,@迷因翮譯,+2o8,1|o,2'1|8
2019-03-29_07-41-30_UTC.jpg,身為非美國人看到美國新聞,的感覺
2019-03-30_05-39-53_UTC.jpg,你得了癌症,@迷因翮譯
2019-03-30_05-56-44_UTC.jpg,我放屁了,@迷因翮譯,我的菊花咳嗽了
2019-03-31_11-03-14_UTC.jpg,IEA,@迷因翮譯,IEA
2019-03-31_19-12-29_UTC.jpg,請你不要傷害我的家人!.,我發誓我會學法文的!求你7!!,Duolingo,@duolingo,@迷因翮譯,即將上線,8:42 PM,"Mar 26, 2019"
2019-03-31_19-18-14_UTC.jpg,DUOLlNG0,08:11,看來有人少上2堂西班牙文課喔!,你知道會發生什麼事對吧!,@迷因翮譯,ADT,08:11,偵測到入侵者(後門)請謹慎行事
2019-04-01_05-13-01_UTC.jpg,答對5題!太棒7!!,@迷因翮譯,你的家人今天撿回,一命
