0359.jpg,49,00131111,1,49,Cllal11,49;90,Cllafi1,49;%,Cliall
0000.jpg
0001.jpg,玩時,死黑鬼 給我
0002.jpg,[售]粉紅瀦小妹3D拼圖,譯8好色龍
0003.jpg,"眯眼睛看的話, 這倆就是一樣的",@英式沒品笑,譯: 荒野
0004.jpg,我們不該繼續用學生測試我們的產品,1,-為什麼?文具公司不都是這樣做的?,-可是我們是一間槍械公司%_,好色龍
0005.jpg,Whos that pokemon?,o849/,@karan,Its,NICGAC
0006.jpg,所謂的閱讀其實就只是,盯著一塊已經死掉的木頭好幾小時,同時一邊產生幻覺
0007.jpg,喝咖啡吃甜食,又讓你胃食道逆流嗎?
0008.jpg,Yesterday T:49 PM,買一隻給我,不行,現在買賣黑奴是違法的
0009.jpg,狗狗知道自己什麼也沒做,"但是他不想冒險,因為他是隻黑狗",譯:好色龍
0010.jpg,快把遙控器開掉
0011.jpg,有沒有看過蔬菜湯
0012.jpg,為什麼黑也會有白化症?,G.l.Joe Memes,因為他前世買,贖罪券
0013.jpg,NTU右腦記憶法英文小教室來囉,今天要學的英文是 nemesis,TnemIsIs]報應 n.,罵人你媽死一死是會有報應的喔!,報應 你媽死一死,報應,nemesis,哇~是不是很簡單呢,那今天我們就到這邊囉,同學們 水果和你說再見~
0014.jpg,醫生: 我有個好消息跟壞消息,病患: 壞消息是?,醫生:沒有儿在乎你,病患: 好消息呢?,醫生: 你就快死7,譯:姆士捲
0015.jpg,f by刊 photo by址,謝謝你借我廁所!,我大了這麼卞一條喔! 這麼大,喔! 我沒有沖掉你不信的話等,等可以自己去看!,1台# 249911068
0016.jpg,今天來玩點有趣的,"線_上""猶_戲"
0017.jpg,吵架吵贏後又聽到對方喃喃自語,JayCee隨便翮
0018.jpg,ScienceAlert,6 hrs,六家都很憤怒,譯:沙子與他愉快夥伴們的翮譯同盟,德國汽車製造商在秘密實驗中將猴子與八類暴露於,柴油黑煙中,SClencealert Col,Like,Comment,Share,791,207 shares,Bob Doe,我超暴怒的,他們難道就不能直接用1940,1945年的實驗資料嗎! ?,80,6 h,Like,Reply
0100.jpg,被毒的獵火8,你是白痴嗎?,哉著解釋,為向去毒獵人
0101.jpg,中國我的家,EHant
0102.jpg,致,那些還不知道真相的人,電影結尾的運作方式如下圖,其實整個電影,院是一台不斷往下的電梯,觀眾一直往下,影片就會自然滑動
0103.jpg,ETL/AER COla,抱歉 蘇西,我不能治療你,譯: 傑西梗圖,我是個家庭醫生,但你沒有家
0104.jpg,料理鼠王,料理鼠王,寬油竹鼠,料理鼠王
0105.jpg,大奶妹約木頭吃飯
0106.jpg,在畢業旅行,俞天早早,睡覺.等明天,再打通質,連打兩次通宵
0107.jpg,努力若,威脅會玩的肢友,幫你老
0108.jpg,崚當勞買薯條*,番茄醬包,這是垃圾嗎?
0109.jpg,喃線耳機,聽音樂,拯救掉到地出的,手機
0110.jpg,下載東西時要你勾,"""我已詳讀說明書並同意本條款"""
0111.jpg,當你媽問你要不要幫她跑,腿時,@谷文硯
0112.jpg,"File :1235699897.ip-(249 |8, 1600*1200, |1/6_6279.jpg)",Anonymous 02 26/09(Thu)20:58:17 110.119917926,我的馬子數雖是你們的20倍'感覺如何,Anonymous 02/26/09(1n1)20:59:46 /!0.119918285,20 x0= 0,Anonymous 02/28/09(1h1)21:00:19 1|o.119918426,=>1199182$5,太經典了,Anonymous 02/26/09(7h1)21;00:19 |/0.119918427,>>119918285,Anonymous 02'26/09(Th1)21;00;29 1|0.119918449,>>119918285,數字是不會說謊的,Anonymous 02'26/09(Thu)21:00:30 1/0.119918455,>>119918285,我笑了,HomyDragon
0113.jpg,以前的我,現在的我,我可以記完,媽的,一首歌的歌詞,我的手機又,放哪裡7?,@HAHAmeme
0114.jpg,當年差點就,把你吞下去了,譯8好色龍
0115.jpg,現在的我,去年剛hun完rotation的我,論文甚麼的兩周就搞定了,Discussion只有三頁應該可以畢業吧
0116.jpg,為什麼玩遊戲不嘴隊友?,小屁孩之恥,我想表現友善一點
0117.jpg,當你想認真,做事時,結果發現做,不出來時
0118.jpg,幹嘛把窗戶關上,外面風很冷,=,北部人之恥
0060.jpg,1,2,學測,下去,就上,指考
0061.jpg,LEF1,再待一年,找新工作,過完年的我
0062.jpg,新年禮盒,口罩,中國人民,朵正軒 @memes.t
0063.jpg,1,被政府搞死,被莫名其妙,的病毒搞死,中國人,Scott Lee @memes.tw
0064.jpg,EhomotoTakane omemest,認真,繼續躺著,晝作業,耍廢享受,放寒假很閒的我
0065.jpg,年看到,次的親戚,我跟你熟嗎?,謝秉洋 @memestw
0066.jpg,吃健康,多邏動,良好睡眠,我他媽吃煽,4=!,每次說會減肥的你
0067.jpg,宿醉的早晨發現家裡沒小了,By好色龍
0068.jpg,LEF1,02,當你正趕去團戰時,發現隊友全滅,楷昇陳 @memes.tw
0069.jpg,*老婆在隔壁房間對我說:*,我穿著襪子在家裡走來走去%,我下午剛幫地板,打過蠟;小滑倒!,C,http:/ homydragon blogspot com|,SeeI on,9GA6.CoI|
0070.jpg,這位老兄完成了全程馬拉松,三,DALENA,Dulce!,http:/ homydgon blogspot.com,電腦前的你又有什麼做不到的藉口?,Young Hohaned rhalil,a Fulln.,Ton Lommenter,Graphi  Designer at The,|Tiidht Empife,CT5talEle,我還不夠胖,Rep|,500,Jniilte,Fuln  Poi
0071.jpg,數學,手機,國文,電視,英文,電腦,鄭完瑜 @memes.tw
0072.jpg,積極上進,放棄,柳昭}@memes.tw
0073.jpg,511,02,認真與神對話,睡起來,陳冠旻 @memestw,我禱告時
0074.jpg,有個人叫甘寧,很愛吃涼麵,三小?,甘寧涼啦
0075.jpg,欽我要跟你說一件事實,好,兩件八十
0076.jpg,瓦斯怎麼叫,嗯,打電話叫
0077.jpg,當聊黃梗有人不懂時,我
0078.jpg,邀請碼,到處都是邀請碼0,飛向宇宙浩瀚無垠,對了0我的是,https:llsw4desirelrel4dpf
0140.jpg,準備就緒!,離開隊伍,尋找小隊遇到韓國隊友的我
0141.jpg,我是會飛的蟑螂,好漂亮
0142.jpg,努力讀書進好班,去學校看芙女
0143.jpg,準時讓學生放學,多留學生30分鐘,班導
0144.jpg,我把這逍菜叫做,可是市長..,蠱子上什臥都沒有耶.,我知道
0145.jpg,Hejibis #57,譯註:本浸畫標題出自英文諺語,One mans trash IS anotner man,treasife,One Mlan's Trash.,個人眼中的垃圾可能是另,個人的員物%,我終於存夠了錢,買到了超高級球,我該把它藏在,沒八會去找,的地方,哪呢,垃圾桶,不久之後,垃圾桶,*翮找*,2,垃圾桶,Mti nejibiis.com,譯:Horn Dragon,Fofever Hlone with 9GAG COI,http:| hornydragon blogspot.com/
0146.jpg,挖石油,韓國瑜,這是我的政見嗎
0147.jpg,你沒吃過丹丹?,沒有,南部人之恥
0148.jpg,專心寫功,課,睡到中午,耍廢
0149.jpg,你知道母雞為什麼會抖??,不知道??,我也母雞抖阿
0150.jpg,正在跟對方解釋,戾是想交朋友,而不是對你有意思
0151.jpg,恭,韓國瑜成為,高雄市市民
0152.jpg,論文Discussion寫不出來,找paper豐富內容,把introduction,再抄遍
0153.jpg,譯:hofnydragonblogspot.com,你居然在上班時間逛臉書?,給我回去好好工作!,"可是老闆,我是在工作啊.",喚;對駒;我總是不小心忘記.,facebook
0154.jpg,當家人已經第N餐說要吃中菜,哪
0155.jpg,玩家面對遊戲,玩家面對蘋果,客服,客服,什麼垃圾2司,不賠償告消保,請,沒玩過這麼爛的遊戲,謝謝,對不起
0156.jpg,我就賴床
0157.jpg,當喜歡的人跟你告白,是夢啦0哪次不是夢,@月半可可
0158.jpg,七宗狗屎爛蛋罪,翮譯/製圖,好色龍,貪婪8我想要那個狗屎爛蛋,嫉妒8我想要你的狗屎爛蛋,憤怒8我打爆你這狗屎爛蛋,色慾:狗屎爛蛋讓我好興奮,暴食8這個狗屎爛蛋真好吃,怠惰8啥狗屎爛蛋都不想做,傲慢8我是最孱的狗屎爛蛋
0160.jpg,他們是如此地登對,我快哭了,譯:好色龍
0161.jpg,譯,好色龍,廠,你為什麼要提醒老師收倀業,]
0162.jpg,歡迎來到科學家的地獄,教授,這位是湯尼,他在網路上看過和,你的領域相關的內容農場文章,現在他打算和你長篇大論筆戰
0163.jpg
0164.jpg
0165.jpg,T6THE,CYM,EVERYD#`
0166.jpg,2014,2015,2016,2017
0167.jpg,警語,請勿觸摸,遊客:,譯:好色龍
0168.jpg
0169.jpg,叫台灣大哥大,46,下午8:29,40%,( 587,+[2 26,口H口日口,欽你知道誰住新莊然後有單,已ud,眼的嗎,下+8:26,T+8:28,我阿嬤,P2,靠北哈哈哈哈哈哈哈,=+8 28,7+8:23,你他媽會下地獄,Aa
0170.jpg,Google,美式戰車,TUTTI,IMiAAGI,SHOPPING,VIDE0,0
0171.jpg,干午,4:0=,白人與黑人固最流行的遊戲是?,抽抽樂
0172.jpg,這是小麥他住在鄉下,他很想吃麥當勞,然而他們那只有賣外勞
0173.jpg,有天我爺爺對我說,T你們這世代的人太依賴科技產品了.1,我回他,T不,你們這世代的人才是太依賴科技產品了.],然後我就把他的生命維持器的插頭給拔了
0174.jpg,你要不要去睡覺,哪次不
0175.jpg,跟男走,高二女,)1111],爭女兒母親 潘太太,32.5,ettoday.net,和男友搭小黃走!17歲高職女失蹤6天,母急哭:看,到分屍案很怕| ETtoday新聞雲,黃子杰,她很安全 我敢保證,1.066,33星期,誼好,林義信,所以有事您扛?,扛的起嗎?,33星期,堇彥,扛三小又扛不動,128,33星期
0176.jpg,2020國民黨,1950國民黨,林北要反攻犬陸,幹0我被,拉0解救水深熱,罷免了,大陸同胞
0177.jpg,學校發單子問要不要參加,暑輔,哪
0178.jpg,facebook com/garlicbreadmemes,0[15300,Jiidust,+100,譯8好色龍,麵包,大蒜麵包,1P13/1],11031/13,歐依系,1.25+!,0.29,歐依系,2.87+[,0.39;,31,Hrinht,/400,12570,STARou5T,G-PuC CiiD1,11200,Po ER UP,10Do,EVCLVE,(224
0019.jpg,譯8好色龍,photo by乙:itl,odaiby Jtth,[,快把紅戰土的褲子還來_,"4,691"
0039.jpg,高中時的我,大學畢業後的自己,這樣畢業比較好找工作,世界已經不一樣了,(1
0059.jpg,為什麼非洲沒有藥店?,因為空腹不能吃藥喔
0079.jpg
