2020-04-19_00-25-01_UTC.jpg,W,Aax,T,AMaxW ATNay W,AllMax,88/159,22 219,回力,2.852,"1,527",1.8.7,1 4774,2.744,1409,LEADER,舞動之棺,"當隊伍中只有T殯樂舞者]時,_全體攻擊力6倍,","生命力及回復力1.6倍. 消除兩種或以上符石時,",所受傷害減少 40%及全體攻擊力額外提升2倍.,蹯動之棺,HELPEP,"嘗隊伍中只有T殯樂舞者]時, 全體攻擊力6倍,",生命力及回復力1.5倍. 必然延長移動符石時間4,"秒, 進入關卡後所有成員技能冷卻回合變為 0."
2020-10-21_02-11-26_UTC.jpg,某么8 Gofuckyourse出,美國隊長8,Qlordeen
2019-04-04_05-08-40_UTC_1.jpg,粗陰慰來
2019-04-04_05-08-40_UTC_2.jpg,Rucoiroo MiLos歸來
2019-04-05_01-54-21_UTC.jpg
2019-04-05_05-30-44_UTC.jpg,韓,弩,韓
2019-04-06_01-41-59_UTC.jpg,ViewSonic
2019-04-06_04-58-12_UTC.jpg
2019-04-07_01-14-44_UTC.jpg,田,HI SD$
2019-04-07_05-57-40_UTC.jpg,當你沒寫作業時,獅
2019-04-07_22-38-22_UTC.jpg
2019-04-08_09-39-35_UTC.jpg,這些錢應該夠我買粉專吧
2019-04-08_12-31-37_UTC.jpg,當我發現我辛苦做的迷因的讚數超少時,還不快還追蹤,imgflip.com
2019-04-08_22-35-13_UTC.jpg,FM2
2019-04-09_10-10-42_UTC.jpg,龍 貓,兵,龍斌
2019-04-09_22-18-24_UTC.jpg,延西邕你在吹璽風,你在彼麂風瓦吹,某女;當我聞容在吹時,我男友正在被吹
2019-04-10_09-30-16_UTC.jpg,次畫畫題目三選,鮑鮑換包包,美術班學生,獻精換現金,貞操換真鈔
2019-04-10_15-24-45_UTC_1.jpg,選民服務第四,次彼抓色,幫助朋友而巳,狗仔都該死
2019-04-10_15-24-45_UTC_2.jpg
2019-04-10_22-40-20_UTC.jpg,人類終於找到黑洞了,真是偉大的發現
2019-04-11_09-31-11_UTC.jpg,03 10,消滅敵隊,535,85,18
2019-04-11_22-30-26_UTC.jpg
2019-04-12_04-32-22_UTC.jpg
2019-04-13_00-59-02_UTC_1.jpg,過去,現在,黑洞
2019-04-13_00-59-02_UTC_2.jpg,台毒
2019-04-13_08-38-07_UTC.jpg
2019-04-13_23-07-19_UTC.jpg,你看,到處都是情侶
2021-06-13_03-24-18_UTC_7.jpg,你是哪裹人?,台南人,"不,是我的心上人"
2021-06-13_03-24-18_UTC_8.jpg,"唬-..,你聽",聽什麼?,我為你心動的聲音
2021-06-13_03-24-18_UTC_9.jpg,你猜我的心在哪邊?,左邊?,///,"錯了,在你那邊",0
2021-06-14_03-18-50_UTC_1.jpg
2021-06-14_03-18-50_UTC_2.jpg
2021-06-15_02-29-22_UTC.jpg,居家檢疫時,人們出現的症狀,111+[.,金+綠,TyDe something.,1,聽覺失調,選擇猶祿症,IG8gino 3small,voir Stoi,iamiannsum+,thiatngi-1,體驗陳畤中直播症,想看別人照片症
2021-06-16_00-27-01_UTC.jpg,小時候你看到 (國王的新衣)的,故事時,你有什麼感想嗎?,我覺得故事裡的那兩個騙子腦,袋肯定有問題,蛤'為什麼?,"騙國王是要幹嘛啦,有什麼好看",的,如果今天是我的話,我就騙公主'騙皇后
2021-06-17_00-27-20_UTC.jpg,之前要傳一張照片到班群二,結果手一滑按到了跟曖昧對象,聊天記錄的截圖,我情急之下連忙收回,結果按到了對自己移除訊息
2021-06-18_01-21-15_UTC.jpg,抬女鯊鯊
2021-06-19_09-30-08_UTC_1.jpg,當你跟你女友都沒錢,幫對方買情人節禮物,Salad Memes譯
2021-06-19_09-30-08_UTC_2.jpg,女朋友:,別人的男友都送女友|PHONE,你呢?,你,我要怎麼過生活,不關你的事
2021-06-20_02-16-31_UTC.jpg,"您好,收到衣服後發現尺寸跟商品資訊上",的不一樣,我想退貨,可以的,不過不退款的啃,商品不是7天無理由退貨的嗎?,已看過 09:45,你有理由的
2021-06-07_00-58-05_UTC.jpg,這件事真的很重要,我想了很久才決定要跟你說,2,西-,你知道現在凌晨三點嗎,41((
2021-06-08_00-19-30_UTC.jpg,0;30
2021-06-08_05-29-19_UTC_1.jpg,JUNE,又來,飛哥與小佛_片頭曲,觀看次數,10萬次
2021-06-08_05-29-19_UTC_2.jpg,2021年5月18日,數入要計算的日期B(西元年/月/日,B,2021年8月30日
2021-06-09_01-48-44_UTC.jpg,她遞給了我一個Oreo,),我吃了,J,"她看到笑著說:""哈哈哈 '裡面是牙膏.","我說:""我知道啊""!","她問:""那你為什麼還吃下去?""","我說:""因為是你給的啊!""","陽光下,她的臉微微的紅了...",我巴的,0,04:21
2021-06-10_00-50-30_UTC.jpg,欽我問你一個問題喔,我記得你是原住民對不對,我打炮的時候,不會講母語,放心,不是,操機掰哈哈哈哈哈,幹你娘我會笑死,不然勒,你要問什麼,你會騎山赭嗎
2021-06-11_01-24-00_UTC.jpg,雙魚座|?
2021-06-12_03-14-48_UTC.jpg
2021-06-13_03-24-18_UTC_1.jpg,幫我看看我眼睛怎麼了?,沒看到東西,沒嗎?...我眼裡有你啊
2021-06-13_03-24-18_UTC_2.jpg,你知道現在幾點嗎?,六點,是我們幸福的起點
2021-06-13_03-24-18_UTC_3.jpg,你知道我喜歡什麼酒嗎?,什麼酒,和你的天長地久
2021-06-13_03-24-18_UTC_4.jpg,你近視嗎?,沒有,那你為什麼看不出我喜歡你?
2021-06-13_03-24-18_UTC_5.jpg,最近我在找一本書,什麼書?,我們倆的結婚證書
2021-05-22_01-27-50_UTC_1.jpg,老師說,不可以笑其他人的名字,Hoo Lee Sheet
2021-05-22_01-27-50_UTC_2.jpg,PIKA CHEW
2021-05-23_01-51-28_UTC.jpg,沒有人:,完美的中西文化交流並不存T
2021-05-24_01-04-53_UTC.jpg,一群守法帶上口罩的好公民,王督促一個未帶上口罩的女學生!,看到社會上那麼多正義之士,心理覺得好感動,$$1!|-286
2021-05-25_00-21-28_UTC.jpg,炸吉拿棒
2021-05-26_01-55-04_UTC.jpg,網絡:,網絡不能沒有這兩個/,那個男人: 你們當我是甚麼?
2021-05-28_00-02-43_UTC.jpg,有時候 我覺得在戲院吃爆米花,時,伸手拿爆卡花不小心碰到女孩,子的手有點尷尬,尤其是你不認識她 她也下知道,你在吃她爆卡花的時候
2021-05-29_02-56-10_UTC.jpg,煮豆燃豆萁,豆在釜中泣,C6H6=Cu+As,相煎何太急
2021-05-30_03-09-06_UTC.jpg,我 : 媽媽能給我買一雙溜冰鞋嗎?,媽媽 :家裹已經有一雙溜冰鞋了,家裹的溜冰鞋:
2021-06-01_00-38-26_UTC.jpg,射在我嘴巴裡 我想吃兒童餐,174,[7 188,2 606,%,Salad Memes譯,WHAT?,什麼?,C6
2021-06-03_04-25-09_UTC.jpg,當你看到一張看不懂的梗圖,留言區永遠有解答
2021-06-04_01-38-28_UTC.jpg,不要抱怨,抱我
2021-06-05_03-17-57_UTC.jpg,給你做一首藏頭詩,好哇,床前明月光,疑似地上霜,舉望明月,低思故鄉,點按兩下可傳達,譯F :廢文補給站 2.0,譯|G : FWBJ/,? ? ? ?
2019-04-14_05-54-03_UTC_1.jpg,停止網軍攻擊,直接進入黨內,初選延長賽
2019-04-23_11-12-20_UTC_2.jpg
2019-04-30_10-30-48_UTC_2.jpg,雷種索甬因焉嫉妒,尕下薩諾斯的頭,苧地聽問薩諾斯末到地球,又激動的孔回地球,薩諾斯也不斬射她作焉她,回歸的歡迎,p2
2019-05-27_13-54-38_UTC.jpg,戴者頭盔
2019-06-28_00-26-57_UTC_2.jpg,a2+b2=c2,E=mc2,E=m(a2+b2),冷靜 冷靜
2019-07-14_06-23-08_UTC.jpg,六,拉進來,打出去,敵方的夸克,呆完為夸克
2019-07-30_22-42-27_UTC.jpg,這是一張畢卡索千萬元抽象畫,煩請不要倒著看
2019-08-12_22-44-09_UTC_2.jpg,瑜取瑜求,中央~
2019-08-18_22-45-42_UTC_3.jpg,來抓呀
2019-08-27_23-15-46_UTC.jpg,哇好真賓喔,可以頒知總統當選人歟,*2020總統大選,韓國瑜
2019-09-11_22-36-54_UTC.jpg,Bang,Ban,整體,18,取消追蹤你,13,追蹤你,3,月4日星期三,400,200
2019-09-26_22-45-58_UTC_1.jpg,猜猜我是誰,力杯麵克
2019-10-12_23-34-17_UTC.jpg,困難度,困難度,困難度,困難度
2019-10-28_00-33-48_UTC.jpg
2019-11-12_22-35-52_UTC.jpg,這是美國的電車,這是韓國的電車
2019-11-28_23-07-21_UTC.jpg,"我看到你的消費紀錄了,課哪麼多錢幹嘛?",為什麼不當個,免費仔就好?,我...只是想,支摶下,客家人之恥
2019-12-14_01-25-47_UTC.jpg,我要上車,NYKD-54
2019-12-29_02-12-17_UTC.jpg,天冷了.記得多加外套,如果會冷也可以戴個手套
2020-01-12_23-13-05_UTC.jpg,1,0/(4_1_
2020-01-19_22-40-32_UTC.jpg,為什麼芝加哥公牛隊倒過來看,像一隻機器人在操螃蟹
2020-02-01_03-32-28_UTC_3.jpg,@@ S=isuna_021-,一救命啊媽媽啊啊啊啊,T你就要變成媽媽了吻!_
2020-02-13_02-31-28_UTC.jpg,當我聽到學弟妹在亂吹曲子,;,哇,mdlp Com,太會了吧
2020-02-26_22-36-28_UTC.jpg,當你媽媽說你其實是被收養的,然後你看到妹妹洗澡完出來時
2020-03-12_22-40-33_UTC_2.jpg,一寸光陰一寸金,寸金難買寸光陰,我的懶覺八公斤
2020-03-21_01-41-35_UTC.jpg,預防武漢肺炎,9,四大要點,不可直接以手摸嘴,打噴嚏請搗住嘴,避兔身處多人場所,若發現發燒立即就醫
2020-04-04_01-30-30_UTC.jpg,每吃一份厚片土司,就有一隻柯基失去屁屁,#沒有買賣,沒有殺害
2021-05-14_00-43-01_UTC_2.jpg,有什麼是,獅子會,老虎不會的?
2021-05-14_00-43-01_UTC_3.jpg,答:,獅子會成員與茶室小姐有,人與人的連結,家中的母老虎不會原諒
2021-05-15_04-46-19_UTC_1.jpg,我叫你戴
2021-05-15_04-46-19_UTC_2.jpg,啊一戴一戴一戴
2021-05-15_04-46-19_UTC_3.jpg,我就戴
2021-05-15_04-46-19_UTC_4.jpg,(,你也戴
2021-05-15_04-46-19_UTC_5.jpg,1,不要吵了,大家一起戴
2021-05-15_04-46-19_UTC_6.jpg,7,Whatthe Fxkrudoing
2021-05-15_04-46-19_UTC_7.jpg,不戴口罩是怎樣
2021-05-15_04-46-19_UTC_8.jpg,好笑嗎?,連我都戴了
2021-05-18_04-37-54_UTC.jpg,世界是一隻貓咪,在玩澳洲
2021-05-20_04-50-39_UTC.jpg,當老師發現同學抄襲我的功課的時候,老師,我,同學
2021-04-17_01-27-43_UTC.jpg,當食物屑屑掉入衣服裡
2021-04-19_03-33-55_UTC.jpg,當你覺得人生很失敗,請看看他,Sufod(
2021-04-20_02-44-46_UTC.jpg,我在想啊,喝酒喝多了會暈,那喝酒開車,吃暈車藥是不是就不會暈7,鑼輯大失
2021-04-21_02-51-49_UTC.jpg,你小時候長怎樣啊?有炤片嗎?,炤片手機裡沒有,不過想知道也不是,沒辦法,恩恩??,跟我一起生個兒子,來看我小時候長什麼樣子
2021-04-22_00-54-38_UTC.jpg,我愛你,你這北七,我愛你,我愛你,我愛你,你這北七? ?,實驗證明,不管你跟女人說多少次我愛你,她們只會看到不好的那一面
2021-04-23_00-29-29_UTC.jpg,天竺鼠車車都走這條路,普義路,Rd.,puyi
2021-04-24_03-35-10_UTC.jpg,當警察叔叔想開你單,但後來昨晚見過你並且開心的,跟你台炤,0(,POLCE
2021-04-29_00-32-58_UTC.jpg,@meme.in.story譯,那個懂摩斯密碼的同學正努力,搞清楚為什麼我要入侵波蘭,考試時焦慮地,一直按筆的我
2021-05-01_02-11-47_UTC.jpg,托比打我,家卡怎么當的
2021-05-03_02-28-00_UTC.jpg
2021-05-04_02-52-41_UTC.jpg,沒有八:,下雨之後的動漫女孩:,@惠惠迷因 翮譯
2021-05-07_01-39-31_UTC.jpg,8 Pomelan,鈉和鎳的,鈉和鎳的,化學符號?,化學符號?,Omae wa,mou,shindeiru,Na,Ni,@Buhay Single.
2021-05-08_01-26-52_UTC.jpg,請問男生的第次也會痛嗎?,Discussion,206,593,Shaie,L9 BEST COMMENTS,jordwumble,5h,正常是不會啦除非你被她爸抓到,Reply,253,leprethong,5h,或者你養的狗太小隻,145,cnh2n2homosapien,alb,又或者你的男友太大隻
2021-05-09_01-46-24_UTC.jpg,Yl,半YA,三根半YA
2021-03-17_03-19-46_UTC.jpg,Io,me,0,看看,右下角,這是左下角啦智障,Posted in rmemes,reddif
2021-03-18_00-59-01_UTC.jpg,當八們離開時要為他們做有意義的事,學生們:,書,作,者,#,137
2021-03-20_02-25-31_UTC.jpg,"想要卡住來吸引喜歡的人,但自己好像",卡錯方向了,I0#%
2021-03-21_00-52-57_UTC.jpg,下午2:16,你學測完有在讀書嗎,當然沒有啊我又不姓林,? ?跟你姓什麼有什麼關係,讀書姓林,發送訊息,0mtllu-+.
2021-03-25_03-01-00_UTC.jpg,妳還在生氣嗎,下午9:13,你吃鮭魚就是不尊重我,下+9:14,我想到就覺得噁心,下+9:14,你知道我阿祖叫邱鮭魚,我們家真的是很在意這個,下+9:16,所以宁手吧,下午9:17,你沒錯 我們不適合,下午9:17
2021-03-27_02-14-40_UTC.jpg,對於全球暖化六多數|只是嘴巴,"講講,只有少數 付出行動",譯:迷因法師Memesterio
2021-03-30_01-19-17_UTC.jpg,媽媽 : 快點來吃飯,9,飯都涼了,*媽媽眼中飯的CD時間*,@_ sugarfree.,N,秒,分,C7.68,NDrA,TIMER,CLOCK
2021-04-01_01-57-06_UTC.jpg,我媽,兒子啊,過來幫忙,我:我在玩線上遊戲,我媽,先暫停來幫忙,我,2,作,者,@o
2021-04-03_00-45-00_UTC.jpg,沒有人:你學了三年的畫畫,9,到底畫出什麼東西,我 :
2021-04-04_03-38-49_UTC.jpg,如果你錯過了在愚人節告白,你還可以在清明節告白,愚人節,我喜讙你,你可以做我的女朋友,嗎?,"對不起, 我不喜歡你",愚人節快樂,清明節,我喜歡你,你可以做我的女朋友,嗎?,"對不起,",我不喜歡你,阿翰迷因,我剛剛被鬼上身
2021-04-05_01-44-50_UTC.jpg,fuchlealsttre leei5,譯迷因法師 Memesterio,有時候我希望自己是洛基,我想讓每個人下跪,啞,SometimesUwishuwas Loki so Td make everyonejust kneel,fucieansfer feel5,記者,你不需要成為洛基也能讓我跪下,InteriewerVou dont have to beLoRito makemekneel.,Tom;Ehehehehe,Oh.喚
2021-04-07_01-18-35_UTC.jpg,女生 : 我喜歡舌頭靈活一點的男生,我 :
2021-04-10_01-18-13_UTC.jpg,畢業後你想幹什麼,你!
2021-04-12_02-12-33_UTC.jpg,如果哪天我出意外死了,一定要找個愛你的/,替我好好照顧你,"已經找好了,就等你出意外了"
2021-02-24_02-17-16_UTC.jpg,海底撈 你媽掉了
2021-02-25_02-27-07_UTC.jpg,IG@jmgfrog,meme,偷吃媽媽剛煮好的菜,但因為太熱燙到又不敢叫出聲
2021-02-26_02-48-16_UTC.jpg,dal,NEWS.LTN.COM.TW,搶匪犯案完想逃!女子連忙脫衣幫T口愛_,拖到警察來,逮儿-蒐奇-自由時報電子報,"1,077",325則留言,108次分享,讚,留言,分享,榨乾我就像搶劫
2021-02-27_02-08-10_UTC.jpg,"律師我問你啃,如果在傷",口上面點個酒精'開車的,話算不算酒駕?,不算,"嗯,謝謝",你哪裡受傷7?,譯F :廢文補給站 2.0,嘴巴裡面破洞,譯|G : FWBJZ
2021-02-28_05-09-29_UTC.jpg,A片邏輯,我的互子壞了!,我打不開這個讙子:,罟生_快救救戎丈夫,快死了
2021-03-01_03-51-18_UTC.jpg,當你對你4個男朋友都很忠誠,但你發現你最愛的那個劈腿了,譯|IG@|BOSSEATSHIT
2021-03-02_06-06-23_UTC.jpg
2021-03-05_02-40-06_UTC.jpg,姪女在練習多跳繩,拍7張照片,我彷彿看到80歲的他
2021-03-07_03-23-44_UTC.jpg,這傢伙不用電腦,就可以教微軟的 Word,@MeMe梗圖事務所,Xavier,來台中不用電腦也可以教你玩絕地求生,lmin,Like,Reply
2021-03-09_01-07-49_UTC.jpg,當你真的很需要第四個願望時
2021-03-10_01-50-09_UTC.jpg,1,國道,省道,辣個客家人
2021-03-12_04-21-33_UTC.jpg,大白鯊已在地球生存6千萬年,譯 MeMe梗圖事務所,Xavier,6千萬年?地球不是才 2021歲!!,1min,Like,Reply,XavierJr.,牠是住在海裡,9,不是地球上好嗎!!,lhr,Like,Reply
2021-03-13_04-48-28_UTC.jpg,我們分手吧,我真的受不77.,每次跟你講話你都沒在認真聽,先別說這個,你不見的 AirPods我,幫你找到了,真的假的!在哪找到的 !,我一個北極朋友找到的
2021-03-14_05-49-53_UTC.jpg,幹,我朋友說他叔叔出車禍,耳朵掉一邊,幹..真假.,馬克杯欽
2021-02-08_02-20-40_UTC.jpg,您好我想要面試,學歷?,哇!珍妮佛羅培茲?
2021-02-09_03-48-52_UTC.jpg,科技新聞,Firefox在 Windows中發現了一個安全漏洞
2021-02-10_06-42-39_UTC.jpg,只要出一張嘴的事我最會,(^7^ `,真的假的,那可以幫我素嗎
2021-02-11_02-13-28_UTC.jpg,鄱成英文怎麼怪怪的~,"三人行,必有我師焉",Every tine SP,my teacher,sure join
2021-02-12_01-51-49_UTC.jpg,機器/'我不在家時你都,就做一些機器八做的事,在幹嘛啊?,@S+stem32Com165,諤:神奇泊羅0奇幻逃因,USBhub
2021-02-13_02-10-53_UTC_1.jpg,亞洲父母8,8發現艾兒是A罩杯不是A++罩杯
2021-02-13_02-10-53_UTC_2.jpg
2021-02-14_03-44-21_UTC.jpg,要不要一起吃個飯 ?,要不要一起吃個飯 ?,Aa,那個87又約我去吃飯了啦,該怎麼拒絕他啊,抱歉...傳錯
2021-02-15_04-35-24_UTC.jpg,其實,一個男生喜不喜歡妳,是看的出來的
2021-02-16_02-38-40_UTC.jpg,Everywhere0go.,6171119,統神面臨財務危機 被迫兼差打工辛酸畫面流出,租看次H : 316t次,see his face...
2021-02-17_02-52-18_UTC.jpg,12歲的我發現WE不是真的,我就知道!這不是摔角!,beloveme1314
2021-02-19_02-03-16_UTC.jpg,人要衣裝,佛要金裝,女生靠化妝,男生靠女裝,=0&
2021-02-21_04-01-08_UTC.jpg,(中東戰場匹大職業,射手,坦克,刺客,輔助
2021-02-21_22-35-28_UTC.jpg,小孩: *呼喚媽媽,媽媽 : 我正在講電話,小孩:把它暫停,媽媽 :,譯: 傑西梗圖 IGIFB,"你瞻敢用我的魔法來對付我,波特?"
2021-01-11_23-51-27_UTC.jpg,如果魚會捆菸的話,他會怎麼抽?,是這樣,還是這樣
2021-01-13_06-28-57_UTC.jpg,在地美食
2021-01-14_02-31-07_UTC.jpg,凌晨三點的我思考著為什麼我的人生變成這樣,麻幻迷因,山TA,1PX-203
2021-01-16_23-58-37_UTC.jpg,醫生謝謝你治好,了我的心臟!,"沒問題,醫藥費","是30,000元",你他女...,*註:,T媽_拆半
2021-01-20_07-19-58_UTC.jpg,您好!這是陰莖珍珠狀丘疹.,正常現象喔,0,哦,不用管它?,不用管牠,0,多數男性都有.我也,有,讓我看看你的,請您自重 我只是告訴您那是正常,的.沒什麼大問題,0,好哦 謝謝你
2021-01-22_03-51-57_UTC.jpg,哇!是成吉思汗館長,幹!妳攻擊我的懶叫,我的3公分小懶叫
2021-01-24_01-51-55_UTC.jpg,女生丟垃圾,男生丟垃圾,|?,WllETS
2021-01-25_04-59-40_UTC.jpg,唐太宗:,玄奘法師聽令,朕最近在西域買了很多跑車,你就幫朕去
2021-01-26_01-29-33_UTC.jpg,玩命天竺鼠車車,51
2021-01-27_04-22-42_UTC.jpg,Zi,@itsszils,為什麼男生都只對女生好,不超過三個禮拜勒必,Rambo,@merabichrayaar,因為免費體驗版結束了
2021-01-29_02-30-13_UTC.jpg,Joe Biden,@joeBiden,48m,對美國而言今天是嶄新的一天,24.4K,^7,114K,608K,Prayag @theprayagtiwari,7m,拜登才不是我的總統,0,1,^~,Travis alen @traviselen,5m,"為啥,因為你是川普支持者?",心7,Prayag,@theprayagtiwari,IG/FB迷因靈魂,Replvina to otraviselen and oloeBiden,不是,5,我是印度人
2021-02-01_05-06-14_UTC.jpg,女生:,為仃麼男人壽命,我也不知道,會亡女八短啊?,男生:,15;35,終極測試!鯊魚能聞到血腥味嗎
2021-02-03_00-39-25_UTC.jpg,去宜家之前計畫,你實際買下的東西,買的東西,二T,沙左/于櫚,1],庄_日=,;二:#+7
2021-02-04_23-31-44_UTC.jpg,貝多芬!!你好爛!!,譯IMeMe梗圖事務所,快點下台!!,` .1,二
2020-12-26_01-20-43_UTC.jpg,教學 :怎麼喝水,23;701 v1e/$,2 months ago,894,648,Shaia,Dommoad,Sale,還沒看過教學影片前的我 :,譯 : wtfok7788
2020-12-27_05-08-55_UTC.jpg,老闆:幹剛領+萬就下雨,助理:對啊,才出銀行四秒,就下雨,老闆:你怎麼知道是四秒?,助理:淋到10Ok,4秒鐘,only
2020-12-28_01-29-28_UTC.jpg,大沒品 !名醫開刀趁病八麻醉竟,在肝臟刻上`自己的名字_,2020-12-26 16:22 聯合新聞網 綜合報導
2020-12-29_01-35-37_UTC.jpg,老師問我想救一個八還是五個/,我:,IG:Chinkaopei
2020-12-30_01-10-29_UTC.jpg,小王八蛋把我的香蕉還來
2020-12-30_23-04-45_UTC.jpg,我好冷喔,),把棉被給我啦,室友:不要'這是我的棉被,我:,"不,是""我們""的棉被"
2021-01-01_03-11-04_UTC.jpg,大,地球 :*繞六陽一圈,八類:
2021-01-02_04-50-11_UTC.jpg,*打電話給媽媽*,"兒子:媽,我現在在醫院,但我人沒事","媽媽:你他媽是一個醫生,這一點也不好笑",兒子:,迷因翮譯
2021-01-03_05-42-46_UTC.jpg,美國人看到的總統山,@meme.in.story譯,加拿大人看到的總統山,daniel 3go3 What are you doing step-,president,"""繼總統你在做什麼啊""",3h,30 likes,Reply
2021-01-05_01-27-33_UTC.jpg,小明在30歲那年失聰,),親友都紛紛勸他去就醫'以免耽誤治,療,可是他就是聽不進去,小明如此的固執,就連他失明的弟弟,也看不下去7
2021-01-07_00-57-15_UTC.jpg,某人:,所以你談過幾次戀愛?,我:,/,;,2:59,如何證明0=1,John Hush,2M views,9 years ago,=,@
2021-01-09_04-31-48_UTC.jpg,心理健康: *不穩*,經濟狀況 : *不穩*,感情生活: *不穩*,在家裡滑迷因的我 :
2021-01-10_02-07-43_UTC.jpg,談戀愛的人是怎麼節約用水的:,單身的人是怎麼節約用水的:,譯:[/6k788
2021-01-11_00-33-01_UTC_1.jpg,八有多六膽,複習拖多晚,對,Csoighum9a95
2020-12-06_05-53-44_UTC.jpg,川普三點全露會變成什麼?,"不知道,告訴我",州普
2020-12-07_23-45-01_UTC.jpg,突然下起暴雨,沒有準備雨具的我:,我大意了啊沒有傘
2020-12-08_23-40-05_UTC.jpg,是很操沒錯 不過,你想像一下我們的,努力與血汗 所堆,這個金字塔工程,"積出的每塊巨石,",太操了啦,都將在未來數千年,內被世人所景仰,Eis:WAN MADE,數千年以後,聽說這些金字塔,是外星人蓋的
2020-12-10_00-51-35_UTC.jpg,不會英裙的我,被外國人向路時,@那些年欠你的故事,NC/916,YES! YES! YEEEESSS!
2020-12-11_06-44-48_UTC.jpg,女生:男生都不愛乾淨!,男生的瀏覽器歷史記錄:,譯I@HYBOSSEATSHIT
2020-12-12_02-52-50_UTC.jpg,美劇主角 : *陷入困境*,在兩季前就已經死麴麴的主角好友:,譯:迷因傑西 IGIFB,沒時間解釋了快上車
2020-12-14_06-16-43_UTC.jpg,你知道關羽加關羽,是什麼嗎 ?,是什麼?,雙關語
2020-12-15_03-34-56_UTC.jpg,走啊吃火鍋啊,我就不去了,為什麼,沒鉗
2020-12-16_01-18-43_UTC.jpg,男朋友把你惹生气了,可是你突然又很想要
2020-12-17_02-34-09_UTC.jpg,麻醉藥 : *1846年發明*,1845年醫生:
2020-12-18_00-53-51_UTC.jpg,沒人能抗拒這種可愛的歪頭:3,好色龍
2020-12-20_00-30-09_UTC.jpg,Cbichibosslll,乳不巨巨何以聚人心,腿不開怎攏四方財
2020-12-21_00-25-17_UTC.jpg,第一次世界六戰*開打*,義大利 :,阿呀 換邊
2020-12-21_22-38-07_UTC.jpg,用你剛才吃的東西幫牠取名吧,Charles Phinneaus Libarios Bagolor,狗,Justnol,Like,Reply
2020-11-17_02-42-05_UTC.jpg,好想買 iPhone 12,可是兩萬七太貴7.,00,其實你可以先別買 iPhone12,於是你就省下了兩萬七,然後你再把省下來的兩萬七去買,iPhone12,不就相當於你免費獲得了一台,iPhone12嗎,幹!有道理!
2020-11-18_00-53-27_UTC.jpg,"日本的服務員諮詢時都會站著,","以示禮貌,不像我們這愛理不理的."
2020-11-19_03-15-27_UTC.jpg,爸媽:他長大後應該就會成熟一點了吧,我:,以前,現在,FBISarcasmLol
2020-11-20_03-15-13_UTC.jpg,男:我遺失了我的電話號碼,我可以要你的嗎?,女:[臉紅]好,男:我也遺失了我的手機,女:蛤.,男:還遺失了我的錢包,這是搶劫!姨子!,randomape,譯:,麻幻迷因
2020-11-21_02-59-09_UTC.jpg,吸血鬼吸你的血是為了補充維生素D,因為他們不能曬到太陽,你有想過這個問題嗎?,"你沒有,因為你他媽只在乎你自己"
2020-11-22_02-53-08_UTC.jpg,他最後怎斷T,他死7?,他練成了Chinese空腹
2020-11-23_01-21-35_UTC.jpg,她 :我婦科醫生說我兩週不能做愛,祂:那你牙科醫生怎麼說?,她:
2020-11-24_03-40-01_UTC.jpg,國中畢業典禮上的女孩們,心情激動的一起唱畢業歌,Salad Memes
2020-11-25_01-02-49_UTC.jpg,Victory,@MiciolyAlex4,12|,別管武漢肺炎了!來聊點關於我的事吧!,心,0,Jr lyanuo,@Jdyanu,看來妳的奶子有好好遵守社交距離喔
2020-11-26_05-37-53_UTC.jpg,誰跑得更快?,超儿還是閃電俠?,David,攝影師,159
2020-11-27_02-33-57_UTC.jpg,這麼瘦吃個宵夜不過分吧,EHfiag
2020-11-28_04-37-43_UTC.jpg,第歐讓女生來我家*,我家的貓8
2020-11-30_02-24-55_UTC.jpg,你知道嗎?買一台特斯拉就,會有一隻貓貓的鼻子被拿走
2020-12-02_03-07-20_UTC.jpg,她:他一定又在想,他:所以我存在,omeme.l
2020-11-02_00-22-45_UTC.jpg,"青青跳,青青跳,青青跳完仙人跳",2小時,讚 回覆,584,"仙人跳,仙人跳,",仙人跳完簽本票,1小時,讚回覆,230,簽本票簽本票簽完,本票露懶覺,1小時讚回,181,{,露懶覺 露懶覺 露完懶覺收傳票,1小時,讚回覆,143
2020-11-04_02-30-59_UTC.jpg,羅密歐,與茱麗葉,不是一篇愛情故事,這只是一段13歲與17歲,小朋友3天的交往,交往過程中並死去6個人,zass17,讀過書的人敬上,Gioto
2020-11-05_01-24-09_UTC.jpg,貓耳狐,#TJHTEAM,妳是白的 我是黑的..我們來一起造熊貓吧,590|( views,14K,418,Share,Download,Save
2020-11-06_01-10-45_UTC.jpg,這是
2020-11-07_01-26-20_UTC.jpg,些摔N毬?,T R,NSLATloN
2020-11-08_01-27-54_UTC.jpg,美國有搖擺州,),台灣的搖擺縣市,是?,靠北工程師,山 讚,留言,分享,189,最相關,有搖擺區,南投縣集集區
2020-11-09_01-37-28_UTC.jpg,請容許我為大家介紹最新的公式,-3,-2,拜登拋物線方程式
2020-11-09_22-46-55_UTC.jpg,當非洲病童,獲得了,免費的藥物,犛%好色龍,[,飯後服用_
2020-11-11_00-55-25_UTC.jpg,我剛去全聯~看到飲料上面擺這樣,下知道是哪個員工這麼有才啊,(我笑到肚子超痛的,32,29,二9,29
2020-11-12_05-09-22_UTC.jpg,廣島,廣島太太
2020-11-13_07-52-54_UTC.jpg,薯條,又軟又溫暖,外酥內軟又溫暖,會花掉你薪小的一半,不到100塊,要花很多時間去找,5宁鐘內上菜,會在乎你有其他女/,不在乎你有其他薯條,會吃你的薯條,滿足你的飢餓
2020-11-14_04-50-31_UTC.jpg,"當你的父母說""我們需要談談""",然後眼前開始閃過,自從出生時做過的每一件壞事時
2020-11-15_02-23-35_UTC.jpg,當有人在拖地時,坐在發止的妳只好舉起雙腳
2020-10-23_00-43-12_UTC.jpg,當你不小心腳小趾踢到櫃子的時候
2020-10-24_04-19-24_UTC.jpg,當你和孕婦嘿嘿嘿時,突然有人抓住你的鳥
2020-10-26_00-53-05_UTC.jpg,欽欽,吉吉如律令
2020-10-27_05-19-23_UTC_1.jpg,吉診
2020-10-27_05-19-23_UTC_2.jpg,PhutoGid,吉速領域,噁廠廠
2020-10-27_05-19-23_UTC_3.jpg,吉掰
2020-10-27_05-19-23_UTC_4.jpg,AL
2020-10-27_05-19-23_UTC_5.jpg
2020-10-27_05-19-23_UTC_6.jpg,Lotk,Can Stock Photo,c$p9291960,前往,米,兩津勘吉
2020-10-27_05-19-23_UTC_7.jpg,超吉飯桶,今天1:16下午,廠廠
2020-10-28_00-55-34_UTC.jpg,When my crush says,she likes me back,Me:,friends:,crush:,alarm clock,My,My,My
2020-10-29_01-15-10_UTC.jpg,朋友:所以你花了一整天,看 tuber的直播?,我:對阿,朋友,那你聽得懂她們,在講什麼嗎,我:
2020-10-30_00-31-11_UTC.jpg,我: *當我存了好幾個月,),終於存夠,買PS5的錢時*,我的女友:,譯,迷因傑西 IGIFB
2020-10-09_23-42-18_UTC.jpg,雷丘律師就決定足你了,切片忍者,吃雞,Facebook,(這不好說)
2020-10-11_01-52-16_UTC_1.jpg,我:可以不要再傳訊息給我女友了嗎,他 :我們的*,omeme tentumes
2020-10-11_01-52-16_UTC_2.jpg,坦克: 我的血條超厚,蘇離: 我們的血條,meme tentuies
2020-10-12_01-15-52_UTC.jpg,寶貝 可不可以說些,會讓我心跳加速的話,你老婆現在很火,她就站在你後面
2020-10-13_01-21-50_UTC_1.jpg,大家來讀三字經,能中出 性平餓 性相淫,吹含舔`,摸陰,癢來抓,叫不淫,捅不夠,親師友.,更好行 插於親`內射停.
2020-10-13_01-21-50_UTC_2.jpg,三=妹妹睡覺愛張腿==,==無意露出中間嘴==,=三一張-合十分美==,三=看的哥哥留口水==,==哥哥掏出腿中腿==,==塞進妹妹無牙嘴==,三=哥哥磨的腿流水==,三=妹妹直說美美美==,"三=為哥瘋,為哥狂==",三=脫衣讓哥摸乳房==,"三=為哥痴,為哥醉=三",三=脫衣上床陪哥睡==,"==哥又摸,哥又抱==",=癢得妹妹直冒泡=三,"==哥太粗,哥太長==",==插的妹妹直叫娘==,==男人男人真奇妙三三,三=兩腿中間安大砲三三,==不打飛機不打鳥==,三=專打女人下水道==,==女人女人真奇妙三=,==兩腿中間設圈套==,==不套老虎不套狼==,三=專套男人火腿腸==
2020-10-14_04-12-16_UTC.jpg,別說什麼天長地久,我只要你讓我明天扶牆走
2020-10-15_03-11-01_UTC.jpg,為什麼你常常出去玩啊?,&,?,?,林北五吉
2020-10-15_22-48-25_UTC.jpg,女生的手機相簿
2020-10-17_03-45-14_UTC.jpg,你家長,你為什麼,你,因為覺得熱啊,開冷氣,那你蓋棉被幹嘛,因為覺得冷啊,那你開冷氣幹嘛! !,我覺得很熱 P!,淦那你他媽蓋棉被幹,我他媽覺得很冷! !,嘛,! !,DhofaC,iid
2020-10-18_03-45-14_UTC.jpg,幫我割完包皮的醫生:先生 你的手術,很成功 但你的信用卡刷不過歟,看過一堆信用卡刷不過迷因的我:,Salad Memes譯
2020-10-19_03-29-14_UTC.jpg,沒有人:,一女多男謎片,製圖:迷因怒仔,ig @j5.meme,我們應該把所有的,都塞起來
2020-10-20_00-44-11_UTC.jpg,這他媽的是三叩?
2020-09-27_23-29-13_UTC_1.jpg,完美的數學題並不存-...,a,B,C,b,A
2020-09-27_23-29-13_UTC_2.jpg,角含術,sin6=l/C,C,tan6=l/B,B,cos8 =B/C
2020-09-30_04-32-05_UTC.jpg,當女友拿我手機開啟Instagram,IG:chinkaopei,金靠北,拜託0模們現在不要有新貼文,完蛋啦
2020-10-01_01-41-57_UTC.jpg,8,犬雄你死心吧
2020-10-02_03-32-56_UTC_1.jpg,我,試圖用聯誼認識女生,女,我這週有事喔'聯誼先磋耋,(內心 :醜男,噁男,沒錢`宅男先不要
2020-10-02_03-32-56_UTC_2.jpg,老師拜託讓我過,老師,59分
2020-10-02_03-32-56_UTC_3.jpg,愛校,愛校,愛校,愛校,愛校
2020-10-03_03-07-33_UTC.jpg,老師們辛苦7,教師節快樂
2020-10-04_01-23-02_UTC.jpg,來自日本的吉娃娃,口尼吉娃,譯8我需要迷因
2020-10-04_22-45-26_UTC.jpg,醫生: 好的,這次流產手術很成功,信用卡:,T無效_,醫主:,芒圭,1
2020-10-06_00-28-15_UTC.jpg,新的辛普森預言?,Terjemahkan Tweet,譯:迷因傑西 IGIFB
2020-10-06_23-37-20_UTC.jpg
2020-10-08_02-51-07_UTC.jpg,當她以為已經結束7但妳叫她轉過來
2020-09-13_00-05-11_UTC.jpg,久沒見面的兔子問大象:,T近來好嗎?_,大象:,T好啊_,兔子就死掉7,修但幾勒,修但幾勒
2020-09-13_23-58-51_UTC.jpg,不要披風!!!
2020-09-15_01-21-30_UTC.jpg,美國隊掌
2020-09-15_23-22-06_UTC.jpg
2020-09-16_23-59-09_UTC.jpg,T妳喜歡哪種男孩子呀?_,T笑起來有陽光,大大的肩膀,把我捧,在手心二,T原來...妳喜歡如來佛?_
2020-09-17_23-49-03_UTC.jpg,囉然今年真的堆幹事,0,但至少世界沒有像,瑪雅人潁旨的那樣在2012年就末日了1
2020-09-18_23-40-53_UTC_1.jpg,鷹鯨
2020-09-18_23-40-53_UTC_2.jpg,鯊盯魚
2020-09-20_01-23-34_UTC.jpg
2020-09-21_01-01-22_UTC.jpg,Falltnoughtitwas a care emoji
2020-09-22_23-28-44_UTC.jpg,當遺傳學家吃小熊軟糖時:,olittlecitymeme,2,2
2020-09-23_22-43-55_UTC.jpg,你跟暗戀對象同時,發現彼此相愛時,鬧鐘鈴聲:,@justforuniiY69
2020-09-24_23-24-08_UTC.jpg,我今天心情好差...可火誇我一下嗎,你這張臉怎麼看都看不膩欽~,真的嗎.,對啊,肥而不膩
2020-09-25_22-48-18_UTC.jpg,小姐'你剛剛,喚...好,"超速了,麻煩",你跟我拍個照,呃...我剛,講錯了;,超速的是,我的心跳
2020-08-28_04-13-01_UTC.jpg,唯一貪讓男人自保持祛交距離的地方,(21),C,3,ou
2020-08-29_02-55-26_UTC.jpg,連[E都敢問使用者是否,設為死預設瀏覽器了,你還什麼理由解釋,你不敢去和暗戀的人告白,輸給!E??,XXX之恥
2020-08-30_00-32-55_UTC.jpg,右手:可惡想揉,左手:冷靜點兄弟,adda
2020-08-30_22-34-24_UTC_1.jpg,你有多猛?,我中了兩槍還可以直播交代,遺言0
2020-08-30_22-34-24_UTC_2.jpg,抽大麻會讓你腦袋壞掉 Smoke WeedIs,Bad For You 建立了票選活動,2018年6月14日,一個+六歲,從黑道爸爸的衣櫃裡偷到手槍的中輟生跟館長打,架 誰會贏 ?,1,75%,25%,拿槍的中輟生,館長,"1,260票",山 讚,留言,分享
2020-08-31_22-37-22_UTC.jpg,二耳其警方試圖用水砲嚇阻同志,平權運動意外弄出彩虹,inouncom,shitposting,"世間無意外""",-鳥龜大師
2020-09-01_22-37-19_UTC.jpg,在英國有隻松鼠不小心將頭卡在萬,聖節的嚇人面具裡'在逃竄的過程,中將附近的住戶們嚇到漏尿.
2020-09-02_22-50-00_UTC.jpg,需要多少黑八才能,-1個,挑起一場暴動?
2020-09-03_22-05-25_UTC.jpg,當動畫物來到現實,艾!,艾連!
2020-09-05_03-17-11_UTC.jpg,NIKE
2020-09-06_02-47-54_UTC.jpg,當地球失去空氣的時候,地球會長這樣,啤酒沒有泡泡,樂事停產,ginal,1
2020-09-08_00-04-26_UTC.jpg,Uber,LINE,Eats,女生的外送app,男生的外送app
2020-09-09_22-58-59_UTC.jpg,你是子彈嗎?,因為你一直卡在我腦海裡
2020-09-10_23-13-37_UTC.jpg,你是不是有狐臭啊?,沒啊,那你為什麼像小狐狸一樣迷人,會不會撩啊==活該單身
2020-08-13_02-45-12_UTC.jpg,起床的時候,別人,我,早安啊,寶貝,剩餘電量百分之百,我愛你,ISarcasmLol
2020-08-14_02-25-31_UTC.jpg,Eipi,ota O}于王,趁班上同學的注意力被禮物吸引,走的時候偷摸大雄的`~了^,"4,788"
2020-08-15_01-52-18_UTC.jpg,當亞洲小孩考試考差了:,迷因大濕/譯,IG/cant stop the meme001
2020-08-16_01-06-55_UTC.jpg,所以..,@hkmeme siuming,你能再解釋,次是怎樣卡住的嗎
2020-08-17_00-16-14_UTC.jpg,不小心按到前置鏡頭的你 :
2020-08-18_02-39-47_UTC.jpg,:所以你到底是怎麼加入,那些女生的睡衣派對的?,裝甲
2020-08-19_04-56-38_UTC.jpg,蕭煌奇的小孩叫什麼,老種
2020-08-20_00-22-59_UTC.jpg,醫生 :昨天的預約你為什麼沒來?,我:因為我生病了,醫生:,'I6 @iuninside666
2020-08-20_22-48-40_UTC.jpg,正常人的垃圾桶,我的,DayCee隨便翮
2020-08-22_03-38-56_UTC.jpg,快去做你想做的事吧.,技子這100堍給你,幹,0,須域
2020-08-23_04-10-38_UTC.jpg,馬的GG還是會卡阿,IG:金罪北,OS,亡
2020-08-24_00-44-58_UTC.jpg,我 : *用超油的手指解鎖手機*,我分指紋觸控 :,waita minute who areyou
2020-08-25_03-16-12_UTC.jpg,是時候該走7,三=,;-,(,? ? ?,走吧,Internet Explorer(沒有回應)
2020-08-26_01-55-06_UTC.jpg,上帝 求求佝派個真心,}愛我的男人來守護我,翮譯:同學,Fb.com/randomtopage,我早就派了啊不過你,跟他說你只想做朋友
2020-07-31_01-59-03_UTC_1.jpg,天壽!,那就是伊莉莎白二世啦,跑到耋灣還是我不到她的人,修但幾累...,seebangnow
2020-07-31_01-59-03_UTC_2.jpg,骨輝,#死者為六
2020-08-01_01-31-48_UTC.jpg,輝指甲
2020-08-02_01-40-16_UTC_1.jpg,本文過於地獄,無法放第一頁,如果你不是正義魔人請,翮到下-頁
2020-08-02_01-40-16_UTC_2.jpg,騙你的,今天沒有地獄梗,這種偷偷混一天,不發圖的感覺,#像極了愛情
2020-08-03_00-56-15_UTC.jpg,北極熊在炫臞他的AlRPODS
2020-08-04_01-47-24_UTC.jpg,Die Vermessung Follow,這是,上帝!,在打開祂的屁眼,jackletchworth
2020-08-05_01-45-15_UTC.jpg,"老公,我一直對你發脾氣",你會不會覺得我有公主病啊,公主發脾氣才叫公主病,你那是野雞情緒失控綜合症,迷因,Wanna DancewthU?,3
2020-08-06_02-11-32_UTC.jpg,男:我是富二分牙....,台女:,(,迷因,大濕,00
2020-08-07_02-03-45_UTC.jpg,多啦A夢50周年我們該怎樣慶祝?,新電影,"小天,我雲連來了"
2020-08-08_03-08-55_UTC.jpg,我:醫生,"我耳朵好像半聾7,聽",東西總是只能聽一半.,醫生:是嗎?那我來測試一下,88,我:44
2020-08-09_01-23-45_UTC.jpg,如果他們想弄髒,不妨,把地板擦乾淨,#FEVER,這就是您20歲時將有20年工作經驗,的方式
2020-08-10_01-42-56_UTC.jpg,甘道夫,肛到夫
2020-08-11_01-29-32_UTC.jpg,抖音廢片,現實中,當你在路上幫助,當你在路上幫助,了=個乞嗎,了=個乞巧,當你在公司收受,當你在公司收受,到各種欺負,到各種欺負,沒想到那個乞巧是,司總裁並馬上升你為 他還是一個乞巧而,總經理,且你工作沒了
2020-07-18_05-49-17_UTC.jpg,蕭煌奇打炮猜一種食物,蝦仁炒飯
2020-07-19_01-55-00_UTC.jpg,叔叔,你的口香糖掉出來了
2020-07-20_01-31-16_UTC.jpg,如果將去歌手演唱會都要揮螢光棒,那去蕭煌奇的演唱會需要揮嗎
2020-07-21_02-19-37_UTC.jpg,我:醫生,"我耳朵好像半聾7,聽",東西總是只能聽一半.,醫生:是嗎?那我來測試一下,88,我:44
2020-07-22_02-14-05_UTC.jpg,這次考卷1~40題,哪裡有問題?,沒有,我全對,我錯第41題,同學們0我們看看第
2020-07-22_23-17-20_UTC.jpg,ETTODAYIET,走路羊水破!15歲國中女 T抖一下]滑出嬰兒,外,婆狠扔草叢,不能要|鍵盤大檸檬,抖嬰,933,2小.時,讚,查看先前的116則回覆
2020-07-24_00-10-32_UTC.jpg,房子都毀了!劉樂妍家在三,峽大壩旁哭求:救救我家),東森新聞,EBC東森新聞 o 2020年7月22日 16:17,住在哪裡,我都願意,我都願意
2020-07-25_04-49-49_UTC.jpg,劫匪 : 全部趴下!搶劫 !,她們
2020-07-26_02-03-29_UTC.jpg,"經濟學家:小姐,你知道什麼是",看不見的手嗎?,"女乘客:我知道,但你可以先把",手從我的屁股拿開嗎?,經濟學家: 妳看得到?,女乘客:當然,"經濟學家: OK,所以那是政府",在摸你
2020-07-27_00-04-53_UTC.jpg,譯:傑西梗圖 IGIFB,@Jc0615meme,如果你是,小 雞雞,nuvt Q 微笑就好%,imilr],hoy,如果你是,大雞雞,請投枚硬幣,ih,ne,0,Coln,This guy deserves 這傢伙該拿個,a PhDin markeding市場營銷博土學位,Rakesh Prasad想像一下你和女友一起出來玩.結,果你投了枚硬幣可是她在微笑,Like,Reply,qucenzeppeln,想像一下如果她放了枚硬幣,Reply,/0+,Pinis,iioll,y%4,bi9,put
2020-07-27_03-39-53_UTC_1.jpg,8I12天劫倒數,上映,準備買電影票的我,迷因大濕辦,抽獎喔
2020-07-27_03-39-53_UTC_2.jpg,天劫倒數暑假鉅獻,[捍衛任務]製作團隊,重金打造,天劫倒數暑假鉅獻
2020-07-28_01-29-10_UTC.jpg,Tab,0,E,LR6,/,S,Shift,人,乙,C
2020-07-29_01-40-35_UTC.jpg,教育部 : 我們要改課綱讓學生,有更多源的表現,學生:,改你媽啦,@matches.memes
2020-07-04_02-34-37_UTC.jpg,年輕人好手好腳還敢坐博愛座喔,抱歉坐到你的塔位
2020-07-05_01-41-49_UTC.jpg,女生:他一定又在想其他女),男生:誰幫我們拍這張炤片的?,Salad Memes譯
2020-07-06_01-30-48_UTC.jpg,史達林,11小時:,閃電+-人//,今明下大雨 11登山客慘遭雷擊,;]6+13,0,18:57:61
2020-07-07_02-19-55_UTC.jpg,當你的報告被退口來要求重寫時,譯,Power,Enter,@chifumemes
2020-07-08_01-09-21_UTC.jpg,當我成功偷走,一名少女的心,手術室裡的其他人
2020-07-09_00-55-36_UTC.jpg,FBI想要偷我的扁 我可以藏在妳裡面嗎?,SHTP08118,條晴
2020-07-10_00-03-25_UTC.jpg,發光發熱的少女,少女在頂樓開心拍抖音...下,秒竟觸電慘死T遺體冒煙焦,黑_,2020/06/22 12:13,國際中心/許珮絨報導,印尼勿加泗, Bekasil,日前發主一起驚悚,"的觸電意外,一名年僅14歲的少女日前在",自家屋頂拍,[抖音_," TikTok 影片,沒","想到伸手要拿手機時,卻突然被一旁的電","線電到,下秒當場死亡 且身體及衣物都",有燒焦痕跡
2020-07-11_02-23-33_UTC.jpg,/,AE,耶穌,迷因,大濕
2020-07-12_02-11-11_UTC.jpg,化,32.5,ettoday.net,和男友搭小黃走!17歲高職女失蹤6天,母急哭:看,到分屍案很怕| ETtoday新問雲,她很安全 我敢保證,1.066,33呈期,所以有事您扛?,扛釣起嗎?,33呈期,嶺好,扛三小又扛不動,128,33呈期,蚩好
2020-07-13_02-42-14_UTC.jpg,Looding THHcon,喔,妳會冷嗎?,麻幻迷因,哇,我也是欺,我們有好多共通點喔,Loading rfisttom,Bonus panels on Palfeon!
2020-07-14_02-45-48_UTC.jpg,眼殘,職業眼殘,Where stheOdcan,宇宙級職業眼殘
2020-07-15_02-04-41_UTC_1.jpg,哀駒post:*出現,留言區的乳房大軍:,比我們還早到,樓
2020-07-15_02-04-41_UTC_2.jpg,某議長 be like:,比我們還早到,他不是跳樓,只是比我們早到一樓,你這真的不好笑,人都死了有必要這樣嗎,點按兩下即可按讚,你覺得很地獄又怎樣,擲筊問他是否提告嗎
2020-07-16_02-28-20_UTC.jpg
2020-06-20_02-07-57_UTC_8.jpg
2020-06-20_02-07-57_UTC_9.jpg
2020-06-23_01-25-29_UTC.jpg,日環食)
2020-06-24_01-34-04_UTC.jpg,要不要握住我的奶奶,矣擊個資,連結觀看我的裸體視頻,我也給你看我的奶奶
2020-06-25_01-24-59_UTC.jpg,台北粽,苗栗粽,台中粽,台南粽,年果糖,FClC
2020-06-26_00-52-02_UTC.jpg,TAskReddit,Posted by,mo,人類最久可以憨屎多久 ?,5,11,Share,BES COMMENTS,mo,不好說'像你媽就憨你懲了九個月,Reply,8
2020-06-27_01-11-28_UTC_1.jpg,@lan,xi_ bing,Uber,Uber,Eots,Eats,FaceApp,1+
2020-06-27_01-11-28_UTC_2.jpg,前,後
2020-06-28_01-12-30_UTC.jpg,我媽 :為什麼你的朋友都看起來跟你一樣智障?,我 :,替身使者會互相吸引
2020-06-29_00-38-48_UTC.jpg,我 : 媽我們可以去埃及嗎,媽:不行我們家已經有埃及了,家裡的埃及:
2020-06-30_01-48-15_UTC.jpg,359,懶得煮客家麵食館,客家
2020-07-01_02-04-47_UTC.jpg,布 :尚未被發明*,剪刀:尚未被發明*,當山頂洞人意見分歧時 :
2020-07-02_03-31-05_UTC.jpg,如何綁架英國人
2020-06-13_05-46-41_UTC_2.jpg,請問您與團隊是否有空重溫當,初27年前歡樂爆笑的美好,與大家一起進戲院,享受大銀幕 一起爆笑 歡唱誰,是大英雄等的美好回憶,不知道是否能撥空參加?,另外可以提供<射鵰英雄傳之,東成西就>3組共6張電影票(一組,兩張),可以提供貴版犒賞粉絲,萬般感謝,抽三人各送 組,射鵰英雄傳之東成西就,電影票,射鵰5雄傳,之
2020-06-14_01-01-16_UTC.jpg,女孩 :我只跟壞男孩約會,我:,IG:zananmemes
2020-06-14_22-40-17_UTC.jpg,我就斷
2020-06-15_22-44-58_UTC.jpg,沒有人:,發現牛奶的人:,幹這棒
2020-06-16_22-53-36_UTC.jpg
2020-06-17_22-57-23_UTC.jpg,你知道通姦除罪了嗎?,所以呢?要幹嘛?
2020-06-18_22-40-54_UTC.jpg
2020-06-20_02-07-57_UTC_1.jpg,叫,啊,快
2020-06-20_02-07-57_UTC_2.jpg
2020-06-20_02-07-57_UTC_3.jpg
2020-06-20_02-07-57_UTC_4.jpg,啊,啊
2020-06-20_02-07-57_UTC_5.jpg
2020-06-20_02-07-57_UTC_6.jpg
2020-06-01_22-47-42_UTC_1.jpg,瀦立葉,廠廠
2020-06-01_22-47-42_UTC_2.jpg,幹嘛,瀦哥亮,My First,月,Album,廠廠,RepP
2020-06-01_22-47-42_UTC_3.jpg,瀦衣櫃,WwwW
2020-06-01_22-47-42_UTC_4.jpg,朱熹,瀦吸,廠]
2020-06-02_23-59-19_UTC.jpg,我看梗囹擁有了好心情,percoldoke Osweetbae olo發伸喫?,bro__u_ok來,起几証 Qsweetbae olo的誕,sjoker都是 @sweetbae_o0o 出現在我腦
2020-06-03_22-37-36_UTC.jpg,背對好,等男友進入的你:
2020-06-04_22-43-26_UTC.jpg,當你說你要請客時,IG| @funny.9453 廢到笑,平常小鳥胃的朋友
2020-06-06_02-02-09_UTC.jpg,欽爸拔,剛剛上公車,你投了一堆一塊錢,那裡真的有15個一塊嗎?
2020-06-07_00-17-06_UTC.jpg,rlAskReddit,Posted by,9h,NSFW,C,什麼東西10年前很性感,現在不性感了?,42.6k,17.3k,Share,Awar,Salad Memes譯,BEST COMMENTS,Now,我那今年22歲的姪女,Reply,0
2020-06-08_00-35-36_UTC.jpg,索尼克說,8,如果你感到無聊3,"Tyodardeer bored,",去揍位弧兒,pundnorphini,他們能怎麼樣?,olTeluelr parents?,告訴他們的家人嗎?,跳 迷因retard,我是一名孤兒,我不覺得這有什麼好笑的,如果我告訴你我覺得很好笑呢 ?,你能怎麼樣?,告訴你家/嗎?
2020-06-08_22-47-25_UTC.jpg,被臨檢結果警察杯杯說他認識你,0[,fetdale
2020-06-09_22-39-16_UTC.jpg,車,裝甲車
2020-06-11_07-33-37_UTC.jpg,為什麼黑跑特別快,他們天生優秀,基因良好,跑太慢的都,被抓走了
2020-06-13_04-30-22_UTC.jpg,再混5分鐘,HAN,TEA
2020-05-15_08-42-28_UTC.jpg,這大概是90年代的小孩如此擅長口交的原因,BusH,EOp,RusH,好色龍,3
2020-05-16_11-03-17_UTC.jpg,一名極有責任心的男老師,奮不顧身的接住即將摔死,的女學生,此行為值得公開表揚,看英勇男老師,SSN1-101,迷因,大濕
2020-05-17_04-01-54_UTC.jpg,沒,You gotno money?,Wo.
2020-05-18_22-39-29_UTC.jpg,欽你知道嗎?,竹老婆屁股上,知道什麼,有顆誌
2020-05-19_22-37-06_UTC.jpg,女:我那個來,男:沒關係我只是想要妳陪我
2020-05-21_22-37-44_UTC.jpg,0X,munote,享受,令人難忘的,約會!,免費加入
2020-05-23_02-20-27_UTC.jpg,欽欽,幹嘛,瀦自清,廠
2020-05-24_02-12-55_UTC.jpg,Biu,他應該會買玩具,孩子拿這筆錢,之類的吧,去買你喜歡的,修旦磯咧,Pornhub
2020-05-24_22-40-03_UTC.jpg,AV/,你和其他255人,6則留言,留言,陳冠綸,Baby圓之柱
2020-05-25_22-39-11_UTC.jpg,幹嘛,3,乙武洋星,廠廠
2020-05-26_22-41-55_UTC.jpg,Ohfuck,Umso wet!
2020-05-28_22-37-57_UTC.jpg," HisDck WasSo Tiny""",他的雞雞好小,我只能這樣吸
2020-05-30_02-04-59_UTC.jpg,0,下+9:38,廠廠
2020-05-31_01-26-41_UTC.jpg,媽:兒子;你最喜歡看什,麼卡通?,我,喜羊羊與灰太狼,迷因,也是我 :,你宓樣是拔不出來的
2020-04-27_22-58-57_UTC.jpg,將軍!!,只有男森才懂的廁所困境
2020-04-29_22-59-54_UTC.jpg,CoVTD-19可以不分男女老,少進入體內喔,但我連女生的身體,都沒進去過,那你連病毒都不如^
2020-04-30_22-32-46_UTC.jpg,我想看到亞洲舞王,我說[真正的亞洲舞王],完美
2020-05-03_01-08-59_UTC.jpg,-老妹失戀了,我想去安慰她,結果進她房間看到這畫面,她是不是剛唱完傷心的情歌啊,睪:好色龍
2020-05-03_22-37-21_UTC.jpg,囂
2020-05-04_22-37-22_UTC.jpg,gogof0,9o9o9of0,909090,rogoro
2020-05-05_22-43-04_UTC.jpg,那是誰?,別緊張,那是羅志祥,你怎麼知道 ?,他又在把妹7,OMG!
2020-05-06_22-40-02_UTC.jpg,我才他媽剛進監獄5分鐘,就被強暴2次了,12:14 p11,3/30/19,Tmuerfor phone,10 L82$,心7,181,超討厭跟我爸玩大富翁的,03,8 zass17,修但幾勒
2020-05-07_22-39-01_UTC.jpg,如果女友和媽媽是同一個人,0(,@啊你嘛好勒,是不是就沒有婆媳問題了?
2020-05-09_01-27-42_UTC.jpg,"當你帶著你女朋友回去見你家人,而你",父親說他曾經見過你女朋友但忘了是在,哪裡,0
2020-05-10_01-22-32_UTC.jpg,有一天,我不小心卡在樹上,然後不重要7,這就是我怎麼認識依爸
2020-05-10_22-27-34_UTC.jpg,T拍屁屁:.?,快拍我屁屁齧,清,純,制,傅,生,"因冷生孩子而遭到丈夫冷落的人妻,",上高中制服來挽回夜晚0幸福生活,決定穿
2020-05-11_23-02-51_UTC.jpg,有一個人能讓新冠病毒消失,UVE,BREAKING NEWS,新冠病毒殺死了基努李維的狗,13:03,THE VIRUS MILL BE ERADICATED BY THE END OFTHE WEEH
2020-04-19_22-42-14_UTC.jpg,前幾天好奇下載的韓國謎片,BRAZZER5
2020-04-20_22-37-30_UTC.jpg,起來學習有機化何物!,日HH,C31180,H-C-C-C,日HH,CH_0H,0H,C611206,OH,日,H0,日,_,OH,C H0
2020-04-21_22-39-56_UTC.jpg,剛剛有入點了客家小炒,我...我,你怎麼真的炒了一盤給他,客家人之恥
2020-04-22_22-39-36_UTC.jpg,中國的穿牆術,日本的穿牆術,火,器
2020-04-23_22-38-02_UTC.jpg
2020-04-25_02-07-49_UTC_1.jpg,老師:赭的英文怎麼拼,學生:pppppppppig,老師:怎麼會那麼多P?!!
2020-04-25_02-07-49_UTC_2.jpg,因東西軍
2020-04-25_02-07-49_UTC_3.jpg,每晚跟周揚青說晚安後,的小瀦羅志祥,Salad Memes',15,4,28,42
2020-04-25_02-07-49_UTC_4.jpg,如果想約一個女孩,不要跟她告白,就跟她說:,Iwanna know.妳行不行?],我用這個方法,從來沒有失敗過,亞洲多幹王羅志祥
2020-04-25_02-07-49_UTC_5.jpg,"沒有儿:寶貝,我怎麼會騙妳呢",騙人的是小瀦,oetdalemon
2020-04-25_02-07-49_UTC_6.jpg,時間管理,"白天極限挑戰, 晚上極限挑戰",BOOTY,CALL,1,時伺剌客一羅志祥,原价299無,免費試听領取
2020-04-25_02-07-49_UTC_7.jpg,間管理,高端課程,Dol,ToUd111pH0,廠廠3
2020-04-26_02-15-07_UTC.jpg,這套排球教學拍得超仔細的!,01900,On9 Memes,NP-889
2020-11-01_00-59-54_UTC.jpg,當你徒手解決了五個殭屍:,"還用木椿刺進一個吸血鬼的心臟,",不過你發現怎麼他們都帶著糖果.
2020-11-16_01-20-25_UTC.jpg,*朋友聚會六家喝沒幾杯*,我:,山大王你怎麼又醉了啊,號稱自己很會喝的朋友 :,迷因傑西 IGIFB,你不覺得,我這次倒的,還蠻漂亮的嗎
2020-12-04_02-19-08_UTC.jpg,你喜歡的女生主動傳了訊,息給你,來玩吧!,httpsIGetCoinMaster.com/ ph2fd?s=m,Coin Master,交友避請,uilk damemodnactiva nel,帝王蟹製
2020-12-23_22-52-02_UTC.jpg,Sarcasiid,譯 @6minpassion,這位老太太是唯一活在當下的),她時間不多了,20h,192 likes,Reply,huiotte
2021-01-11_00-33-01_UTC_2.jpg,死瀦不怕滾水燙愈到考試我愈浪,osoighum9a9$,玩312小.時
2021-02-06_02-32-13_UTC.jpg,9,相親相爰一家/(5|,老媽,你能不能成熟點,老媽,出亦芙,將頭髮梳成大人模樣,老爸,大人都沒有頭髮,老媽,我教育小孩你能不能閉嘴,GoDREPLYME
2021-02-23_06-09-01_UTC.jpg,當你告白失敗 但你很愛面子,5:07 PM,我愛你,llove you,Salad Memes譯,Sorryihave a boyfriend,抱歉我有男朋友了,你爸錢請我來試探妳的!,Yourfatherhired mefor,knowingthis!
2021-03-15_02-40-14_UTC.jpg,怎麼了嗎?,我買的不合胃口?,妳跟我說妳喜歡吃什麼啊,我都去幫你買,不是啦,你有病喔,我交男朋友了啦,那他那份也一樣要加辣嗎 ?
2021-04-16_00-41-25_UTC.jpg
2021-05-14_00-43-01_UTC_1.jpg,全台灣都知道你喜歡去,台兆市萬華做人與人的連結,老獅機
2021-05-21_04-03-08_UTC.jpg,外用貼布,10片裝,可舒緩下列症狀,大肩頸酸痛,腰背酸痛,關節酸痛,SALONPASS,鯊隆巴斯,口川,限量
2021-06-06_03-40-04_UTC.jpg,網軍BELIKE,大濕,0 P-ti`-+0,0==o 00,o$,=,這個猴子沒有打出任何有意義的字母來 是吧,"52x|0"""
2021-06-13_03-24-18_UTC_6.jpg,等下可以幫我洗一下東西嗎?,洗什麼?,喜歡我.
2020-04-05_00-40-16_UTC.jpg,為甚麼卞陸不玩M linecraft?,因為一組有64個
2020-04-05_22-39-03_UTC.jpg,永遠都給家人最好的,SINCE,2019,CANA,得疫的一天
2020-04-06_22-37-21_UTC.jpg,rAskReddit,Posted byul,ld,NSFW,大家剛做愛完會幹嘛?,Distussio,60,233,Share,SINGLECOMM Salad Memes譯,ld,蓋上棺材蓋,Reply,96,ld,載她們去安親班,13,ld This comment right here ofcer
2020-04-07_22-35-04_UTC.jpg,這是個關於年青人努力工作得到上司認同的勵志故事,S$11-718,Un9 Iemes
2020-04-08_23-11-56_UTC.jpg,當你問盲人為什麼,看不到太陽還要戴,太陽眼鏡,修但幾勒,(
2020-04-09_22-56-47_UTC.jpg,當你過年收到親戚的紅包,10000,IlZE1ER,FoRivT,"100""""+"
2020-04-11_02-45-52_UTC.jpg,種族騎士來囉
2020-04-12_01-04-25_UTC.jpg,Arm shrink,Arm grow,Knee shrink
2020-04-12_22-37-21_UTC.jpg,當古代淫遊詩人,來到現代看片時,943,269,添加至,分享,下載,渾然天成對胸,峻拔剛竹立其中,纖纖玉手,"環竹上,點點竹花覆山峰","212,529 次觀看",78%,00:00,09:01,L,3k,718,添加至,分享,下載,"德國金發俏女郎,",黑絲吊帶女仆裝. 男根了無恰花,"意,",偏心只言后庭芳.
2020-04-13_22-38-17_UTC.jpg,你是臭猴子鳴,3098,11010;31,如果我是DJb你會爰我嗎,如果我是DJ你會爰我嗎?,[00111101
2020-04-14_22-38-10_UTC.jpg,女:你睡了我姐?,男 :我進去要工作的時候她就全,裸躺在那裡啊,你還要我怎樣?,女:解剖驗屍啊!
2020-04-15_22-37-07_UTC.jpg,當有人問起你們國家的,武漢肺炎患者都跑到哪裡去了,譯8好色龍
2020-04-16_22-35-16_UTC.jpg,每吃一個甜甜圈,就有一名宅男失去肚子,#沒有買賣沒有傷害
2020-04-18_01-34-52_UTC.jpg,食物送上來時明明跟別桌客人點一樣的,餐點'但份量明顯看起來大很多,IG/FB迷因靈魂,喔耶 也太大了吧
2020-03-22_05-06-13_UTC.jpg,*基督徒的心臟,猶太,的心臟,皂斯林的心臟,臟,譯迷因兔子,otooomuchweed eme,11_11108,nhhishiek Wurdham,你說的沒錯,我們都是一樣的,Wishlu Arora,這好像沒什麼關係 我只是想炫,懼我的收藏而已
2020-03-22_22-38-05_UTC.jpg,地球上速度最慢的幾樣東西,Internet Explorer.,那也比你喜歡的人回你訊息快,2+,Like,Reply
2020-03-23_22-34-57_UTC.jpg,爸爸.,小嬰兒是,怎麼來的?,JayCee隨便鄱,呢..,小嬰兒是神仙從,天上派下來的,你看 我就說沒問題吧,再來一次?
2020-03-24_22-38-01_UTC.jpg,NBA球員確診,Kobe在選隊友
2020-03-25_22-27-18_UTC.jpg,口罩3個15元,才22元而已,因為你沒抓住綱民的心理,你要這檬說,個20元,員送,加2元多
2020-03-26_22-23-26_UTC.jpg,你知道狗為什麼汪汪叫嗎,我怎麼知道,為什麼?,我是貓
2020-03-27_23-25-20_UTC.jpg,友: 我懷疑聯的麵包被用過,我:什麼意思 ?,友:
2020-03-29_01-13-32_UTC.jpg,在醫院遇到真愛並跟他打一炮,牠的飼主:
2020-03-29_22-35-57_UTC.jpg,剛回國居家檢疫中),她:我才不要隔離14天;我,要出門,她的家人:,Jopon  nel,1,那個硬是要,勸他不要,出門的人,出門的人,迷因,大濕,聽話啊
2020-03-30_22-39-45_UTC.jpg,貝梨,3舟26甘,與技薩穩定交往中,3月25日
2020-03-31_22-38-44_UTC.jpg,女朋友月經來不舒服,身為,男朋友的你感到心疼嗎?,小知識 .,把保險套戳一個洞吧
2020-04-02_03-34-25_UTC.jpg,國立聯台大荸,為什麼苗栗都沒有病例,聯合大孿,3#1315:32,堂堂決決大國居然沒有病例,難道是居民們的衛生觀念都很好嗎,國立聯合大孿,B1,3月1= 15:33,客家入才不會把病毒分給別入
2020-04-03_01-06-30_UTC.jpg,爸媽明明說過不可以在床上吃東西,結果他們自己的床上有優格
2020-03-12_22-40-33_UTC_3.jpg,人生無常,下一句是什麼,世事難料,大腸包小腸
2020-03-12_22-40-33_UTC_4.jpg,千呼萬喚始出來,猶抱琵琶半遮面,晚上來吃我下面
2020-03-12_22-40-33_UTC_5.jpg,問君能有幾多愁,恰似一江春水向東流,怡似四人掛網六分投
2020-03-12_22-40-33_UTC_6.jpg,春眠不覺曉,處處聞啼鳥,處女膜破掉
2020-03-14_03-13-27_UTC.jpg,"麻雀雖小,五臟俱全",中國雖大,武漢肺炎,迷因,他很知足,他是好人
2020-03-14_23-37-13_UTC.jpg,UberFacts,@UberFacts,由於武漢肺炎肆虐,Pornhub決定,為義六利居民免費提供一整個月的,"高級會員,以紓困隔離之苦.",11:07 AM,13/03/20,Buffer,"1101 Retweets 5,273 Likes",^7,H @1Life Me ih,Replying to QUberFacts,媽的難怪衛生紙會缺貨,04,1714,0 234
2020-03-15_22-33-09_UTC.jpg,看懂的都是老司機,先說我不,是蘿莉控乙,~槍魂~翮譯
2020-03-16_22-38-04_UTC.jpg,醫生:,T妳看到什麼?_,她:T匹+多歲的處男],醫生:,T等等就不是了_,譯:沙子與他愉快夥伴們的翮譯同盟
2020-03-17_22-35-09_UTC.jpg,我的願望是,我想要再來一萬個願望
2020-03-18_22-34-51_UTC_1.jpg
2020-03-18_22-34-51_UTC_2.jpg
2020-03-18_22-34-51_UTC_3.jpg
2020-03-19_22-35-50_UTC.jpg,牛的叫聲,貓的叫聲,雞的叫聲,大爺~進來玩玩啊
2020-02-28_02-38-05_UTC.jpg,"富翁先生,你舟",小的時候我跟你,樣什陞也沒有,"我""承了他所","先生,",我好像,懂7!
2020-02-29_02-08-30_UTC.jpg,我有好片,番號呢,COVID-19,迷因,大濕
2020-03-01_01-33-47_UTC.jpg,醫院裡那些嗶嗶響的儀器吵死人了,我把他們關掉之後大家都睡得很香,_+6:09 : 202051月14日,Twitter foriphone
2020-03-01_22-34-07_UTC.jpg,當你在追的劇中最喜歡的角色死掉時
2020-03-02_22-40-46_UTC.jpg,武漢夫餐,pIT BAT FLAVDR,HDT,SuPER
2020-03-03_22-32-29_UTC.jpg,經歷了女友的慘痛分手後'我的姐,妹們給予我最大的安慰和信心,怎麼啦小老弟?
2020-03-04_22-42-44_UTC.jpg,木蘭,當戶些,當馬騎
2020-03-05_22-38-14_UTC.jpg,"我們玩個遊戲叫救護車,我的手",會順著妳大腿往上摸,妳一喊紅燈就會停,紅燈! 紅燈!,救護車遇到紅燈不會停
2020-03-07_02-52-01_UTC.jpg,半夜時,表哥手癢看著自己的下面時,我知道自己要幹嘛了
2020-03-08_00-50-52_UTC.jpg,梵谷:,409,28則留言,留言,紀瀧崤,阿我就戴不起來阿.png
2020-03-08_22-36-36_UTC.jpg,是在,舅:,哈囉,好啊
2020-03-10_22-38-44_UTC.jpg,老師:非洲人缺什麼?,同學:,El(>,水啦
2020-03-11_22-38-02_UTC.jpg,她:(買了一張沙發),還是她 :,這張沙發如何,@懃奮迷因
2020-03-12_22-40-33_UTC_1.jpg,床前明月光,疑似地上霜,老二硬梆梆
2020-02-14_00-51-33_UTC.jpg,當你和妹妹一起在飯桌等,吃飯時
2020-02-15_03-31-07_UTC.jpg,男: 你相信世界是平的嗎?,女,"當然不,那想法太蠢了.",男:可是我相信,0,女:為什麼!?,男:因為你就是我的全世界,!8好色龍
2020-02-16_03-47-19_UTC.jpg,BiuLy,來 各位同學,我講完這題再下課,你應該瞄準,一點的,IingIp com,SRGAFo,比利,你幹了什麼
2020-02-17_03-37-40_UTC.jpg,Philipo,基佬讓我想吐,/ /1:,Reply,RBBE;,Rubberbandits,3l11|T,下次別含那麼深,Yesterday at Si09 pim.,Unlike,227
2020-02-18_02-11-58_UTC.jpg,買不到口罩別急,有15個口罩就夠用,"了.到第十五天,",再把第1個拿出來,用.病毒都隔離十,四天了
2020-02-19_03-05-41_UTC_1.jpg,有些人是為了創造歷史而,生:但是她是為了讓人刪,除歷史而生
2020-02-19_03-05-41_UTC_2.jpg,ome people are born to make histo,It she was born to delete histony.
2020-02-20_03-46-30_UTC.jpg,動漫奶子,奶罩
2020-02-21_03-04-19_UTC.jpg,在其他迷因裡面,我男友八在哪?,睡了你妹,化,定在想其,那隻笨貓晸好把嗡巴,Ibethe's thinking,封緊點,abouthet,That cat bette Keepiits,fucking mouth shut
2020-02-22_01-57-39_UTC.jpg,小姐'你很強歟,出門都不戴口罩,反王我都確症7,沒啥好怕的,迷因,大濕
2020-02-23_01-49-25_UTC.jpg,牠 :我喜歡壞壞的男孩子,我 :,迷因
2020-02-24_02-22-25_UTC.jpg,你幹嘛打我?,我哪有打你,迷因你打動我的心,大濕
2020-02-24_22-44-25_UTC.jpg,這樣會痛嗎?,那這樣呢?,大濕,早安,在幹嘛,我去洗澡
2020-02-25_22-26-47_UTC.jpg,大濕
2020-02-02_03-12-08_UTC.jpg,笑死,這個男的只是被老師,罵下就躲在牆角哭 幹我快笑死,這裡是高中欽老兄,說不定他只是在幫他的鳥茲裝子彈,811,G4 likes,Reolu
2020-02-03_03-20-54_UTC_1.jpg,"天,該上床7",ANNEL
2020-02-03_03-20-54_UTC_2.jpg,我們會很舒服的,9,對不對?
2020-02-03_03-20-54_UTC_3.jpg,如果你們堅持
2020-02-03_03-20-54_UTC_4.jpg,"對,沒錯",我們會很舒服的
2020-02-04_04-04-37_UTC.jpg
2020-02-05_02-38-53_UTC.jpg,老師 :為什麼又遲到,我:早上化妝太久,老師 :所以現在是我的問題嗎,我:我有怪你嗎,全班:,Ogokusonmemes
2020-02-06_02-25-02_UTC.jpg,有一天記者在訪問一群企鵝,請問你們平,常都在做什麼,我們都一樣,吃飯~幹活~打東東,此時記者在遠,我是活,方看見一隻獨,自哭泣的企鵝,令一頭他們的地下室裡,我是飯~,誰來救我!!!,你該不會就是東東吧?
2020-02-07_02-56-20_UTC.jpg,哈哈妳的好小,我的明明就那麼犬
2020-02-09_02-47-18_UTC.jpg,當你最愛的爸爸買了一隻,冰棒:,好吃
2020-02-10_03-09-14_UTC.jpg,[武漢殺],感染者,互相知道對方身份'每晚感染一人,村民:每天投票隔離一人,醫生:每天強制篩檢一個人,口罩商人:每天指定一個人不受感染,武警 :每天強制撲殺一個入,更新V1.1T民族性_,口罩連戴兩個回合會嫌悶,自己脫掉
2020-02-11_01-56-59_UTC.jpg,TECHHOLOGYREVIEACOM,自駕車會撞死小嬰兒還是老奶奶?取決於你從那個方向來,583,479 Comments 333 Shares,Like,Comment,Share,如果你用甩尾的,應3可以很輕鬆地,把兩個一次帶走6,20,LC,Reply,2]n
2020-02-12_01-51-06_UTC.jpg,剛剛有個人從路邊走過去,你並沒有對他吠叫,有什麼要辯解的嗎,我.,.我只是想,顯得友善一點,吉娃娃之恥
2020-01-21_02-40-34_UTC.jpg,夜夜秀現場沒有入,爛魚跟博恩:,#艾艾迷因
2020-01-22_02-32-17_UTC.jpg,當電影實在太恐怖你只好躲進毯子底下時
2020-01-23_01-58-40_UTC.jpg,親戚 : 你現在幾公宁啦?,我:差不多20吧,親戚 :蛤?,我:蛤?
2020-01-24_01-35-08_UTC.jpg,乾超氣==,剛剛在看A片我朋友跟我說 :,T等等那個男的會射!1,媽的劇透三小.,FUNALLDAY
2020-01-25_03-01-27_UTC.jpg,澳門首宗,武漢肺炎出現啦
2020-01-26_02-48-01_UTC.jpg,9 + 9 =,9 + 9 =,上禮拜你打炮,妹子的年齡,9 + 9 = 5
2020-01-27_05-42-44_UTC.jpg,菜身開鮑魚,專業開鮑魚
2020-01-28_02-14-57_UTC.jpg,你力什么不戴口罩,freedl.org
2020-01-29_03-15-58_UTC.jpg,當爸爸開車載著上學快遲,到的女兒去學校時,女兒:,Fasier Daddy
2020-01-30_03-55-56_UTC.jpg,老師,有人知道5X2等於多少嗎,穆斯林同學,10,老師,非常好,那3X4呢,穆斯林同學 :9,老師,真是可惜,答錯了,穆斯林同學 :8
2020-01-31_03-10-50_UTC.jpg,男人就像可樂 ;,搖一搖就噴出來了
2020-02-01_03-32-28_UTC_1.jpg,把靜香入浴後的熱水,做成果凍,大家一起吃
2020-02-01_03-32-28_UTC_2.jpg,我笑故我在,photo by miconcar,ouai oy micomcar,用身體也才賺這樣啊!?你債是,要還到什麼時候?
2020-01-13_22-31-29_UTC.jpg,我打死也不會和穆斯林在一起,@OmarlmranTweets,好色韜,@allaalabibi,無所謂,反正我們也不能吃補肉
2020-01-14_23-20-44_UTC.jpg,*我和我弟打架*,我:幹你娘勒 !,我弟 : 我操你媽!,我們:,等等
2020-01-15_22-31-17_UTC_1.jpg,下-位客人請進~
2020-01-15_22-31-17_UTC_2.jpg
2020-01-15_22-31-17_UTC_3.jpg,我.我不行呃
2020-01-15_22-31-17_UTC_4.jpg,(8{1^8,我吹得下巴好累喔
2020-01-15_22-31-17_UTC_5.jpg,的洞記得
2020-01-15_22-31-17_UTC_6.jpg
2020-01-15_22-31-17_UTC_7.jpg,$8,犬雄你死心吧
2020-01-15_22-31-17_UTC_8.jpg,心
2020-01-15_22-31-17_UTC_9.jpg,PP
2020-01-18_03-11-25_UTC.jpg,今天去公司面試,我就說我不是個省油的燈,老闈就叫我可以包一包回家,下午我才知'公司老囤足佃,呂家人
2020-01-19_01-35-29_UTC.jpg,芫:好色舵,什麼聲音在半夜聽到,比在白天聽到恐怖一百倍?,= $#0,我的車子發功的罟音,"nomamdog""",Sop,Rrpii,"good_3t_""othi""0",l]11 D0n1,湯瑪土小火車的主皿曲,Renli,ihetapisisills,123[- 001|3,St[,Rrp
2019-12-29_22-34-12_UTC.jpg,Out On Bail,@TheGza,"女土們, 如果他射在你的","體內, 而你又不想懷孕,",你就必須讓另一個家夥也,"射在你的體內, 這樣雙方",的精子就會纏鬥至死.
2019-12-30_22-41-44_UTC.jpg,我問朋友.,你在做愛的時候',希望女朋友怎麼配合你啊 ?,朋友說.,希望女朋友這時候:,不要打電話過來!
2020-01-01_02-01-31_UTC.jpg,當阿姨偷偷塞錢給你,日日
2020-01-01_22-41-41_UTC.jpg,Chi Sosa,March 31,8,你們打炮時發生過最尷尬的事是什,麼??,我們的阿嬤走進房間,21w,Lile,Reply,1K,我們的?
2020-01-02_22-41-11_UTC.jpg,地理老師,今天我們要來講講巴西,"女生:好極了,那些臭男生一定會",開始聊足球聊個不停,那些臭男生:
2020-01-04_05-53-35_UTC.jpg,晚上睡覺腳抽筋
2020-01-05_01-39-37_UTC.jpg,發現天花板有蟑螂
2020-01-05_22-37-39_UTC.jpg,基友一生一起走,菊花一被子一呻吟一庫啕
2020-01-06_22-42-27_UTC.jpg,你的影子玩得比你還開心時
2020-01-07_22-41-26_UTC.jpg,心I
2020-01-08_22-40-08_UTC.jpg,*美術課*,老師:同學們知道如何使用強力膠嗎?,已經開始吸食的我:
2020-01-09_22-41-31_UTC.jpg,1l11投票小指南,帶3樣物品:身份證,通知單,印章,投下3票:總統 區域立委,政黨票,3步驟:,圈票處圈票,讓知名廿優蕉,你恤何投票
2020-01-11_01-52-03_UTC.jpg,同婚合法化,童婚合法化
2020-01-12_01-17-02_UTC.jpg,*手術剛結束,家屬 : 醫生 請問手術結果如何?,"醫生 :重要的從來不是結果,而是努力",的過程,對吧 ?,GHIHIIG
2019-12-15_01-16-41_UTC.jpg,老師出上聯: 生鐵是鐵,"熟鐵是鐵,",鐵鎚一敲鐵打鐵. 誰能對下聯?,"小明眉頭一皺,文思泉湧,",老師讓,我來.,響造/!!!,老師 :小耶友__不懂的婁匙,亂說.下課後老師再教你
2019-12-15_22-41-21_UTC.jpg,TlJokes,霹8好色龍?ucket-o-buttholes,11,我昨晚撞見我妹妹用胡蘿蓄自慰,NSFW,我大喊,-幹:真的假的?!那是我等一下要吃的耶,噁!你這一胡搞讓它整個都是胡蘿萄的味道了啦!_,11.5k,352,Shafe
2019-12-16_22-24-41_UTC.jpg,多啦A夢,那個.,不是銅鑼燒
2019-12-17_22-40-01_UTC.jpg,我很喜歡聖誕,節的交換禮物,我拿到的禮物,都是別人的兩倍,因為我會買兩,個自己喜歡的,東西跟自己交換
2019-12-18_22-40-21_UTC.jpg,醫生:接下來要做的事可能會令,你有壓迫感,準備好了嗎,病人 :嗯,醫生,你妹妹比你年輕那麼多,己經成家立業還買房了,病人 :我知道我老婆很優秀,你幹嘛跟我說這個
2019-12-19_22-40-33_UTC.jpg,小時候的越南大戰,Gi)11_,長大後的越南大戰,Rue:,挖看情養生館
2019-12-20_23-46-50_UTC.jpg,為什麼我喜歡高高勿女生,為什麼我喜歡矮矮分女生
2019-12-22_00-54-24_UTC.jpg,剛唸大學的我,大四學姊
2019-12-22_22-36-13_UTC.jpg
2019-12-23_22-39-27_UTC.jpg,當妳不舒服而朋友想關心妳的時候
2019-12-24_22-39-33_UTC.jpg,"聖誕老人 :想不想吃拐杖""棒棒""糖啊",NG Tai
2019-12-25_22-38-47_UTC.jpg
2019-12-26_22-40-12_UTC.jpg,在玩具總動員的世界裡,玩具是有生命的,被當成玩具的垃圾也會被賜予生命,那麼是不是性玩具也會有生命,如果性玩具也會被賜予生命,那我死去的姐姐,且不就可以再次活過來了嗎
2019-12-28_08-35-41_UTC.jpg,這是雷姆,這是國瑜,奶很大,騙很大
2019-11-30_01-35-06_UTC.jpg,台)食紊弄破碗,chlah kiT long phoa oan,1,11`,(1u`!,欲速則不達,Z.I,遇墅則不答
2019-12-01_00-14-14_UTC.jpg,有人偷竊!!,喔,有人搶劫!!,喔,有人放閃,BoOl! !
2019-12-01_22-37-36_UTC.jpg,數學老師,數列6 6,6 7` 6 8` 6 9,所以按規律 69之後是什麼,下課來我辦公室
2019-12-02_22-42-12_UTC.jpg,有天我爺爺對我說,T你們這世代的人太依賴科技產品了.],我回他,T不,你們這世代的人才是太依賴科技產品了',然後我就把他的生命維持器的插頭給拔了
2019-12-03_22-39-29_UTC.jpg,親愛的...我想,幸好我準備了,保險套不是這樣,我櫻孕了,一個保險套,用的吧...,它可以避孕,詳!D Sinoular,Erh osm noi
2019-12-04_22-43-40_UTC.jpg,手遊廣告: 99%的人都失敗!
2019-12-05_23-09-18_UTC.jpg,IaH
2019-12-07_02-26-28_UTC.jpg,當妹妹玩到一半時耳麥掉下來,於是你貼心地幫她戴回去,好色龍
2019-12-08_02-19-44_UTC.jpg,"女兒 :爸,我想買新手機",爸爸 : 你知道的,老規矩,女兒 : 怎麼今天你的有股屎,味,爸爸 : 你哥也想買新手機
2019-12-08_22-40-06_UTC.jpg,Tdarkiokes,130,ulLl Papu,我女友跟我在床上時總喜歡假裝她自己是10歲,我一直跟她講這很怪又沒有意義,因為她明年才10歲,149,Siale
2019-12-09_22-31-28_UTC.jpg,這屁股好滑
2019-12-10_22-21-13_UTC.jpg,兒子你看我美?,我笑盈盈的說道,拉起了兒子的手,撩開了我的蕾絲裙子把他的手放在,了我雪白的大腿上,兒子滿臉通紅,"小聲的說了句""美""",我撫媚一笑把他,的手放在了我的胸上,"問""舒服嗎?",兒子像觸電了一樣把手縮了回去,害羞的說,爸爸你穿媽媽的衣服被她知道會被打死的
2019-12-11_22-28-49_UTC.jpg,感覺要打噴嚏卻遲遲,打不出來的你
2019-12-12_22-33-57_UTC.jpg,Whatthe hel fs this?
2019-11-13_22-50-52_UTC.jpg
2019-11-14_22-38-33_UTC.jpg,Drit,SfllL
2019-11-16_01-50-57_UTC.jpg,最近學校在查,早戀',查到我女朋友頭北來,本以為完蛋了,結果查出來她男朋友不是我,那些老師們真傻!哈哈哈哈!
2019-11-17_01-54-55_UTC.jpg,請圈出符合圖片的單字,shoe,shoiggo
2019-11-17_22-43-32_UTC.jpg,一貓各表,貓:,齧,山貓:,齧的啦,客家山貓
2019-11-18_22-37-47_UTC.jpg,當你小孩驗血出來是A型,"而不是""A+""型"
2019-11-20_22-43-19_UTC.jpg,考驗你的眼力,很漂亮的一幅畫'但是看錯的/,去罰站
2019-11-21_22-37-21_UTC.jpg,"生病了才知道, 誰才是真心朋友"
2019-11-23_01-31-33_UTC.jpg,今年交男朋友了嗎?,目前我比較喜歡單身,"你要知道,單身和沒人要是兩回事"
2019-11-24_00-59-41_UTC.jpg,Tweet,Stats,and 3others liked,issa,@issa,我女朋友和我姐姐的名字樣,真的好煩,每次我和她做爰,我都會想起我女朋友,2:45 PM,11/7[19,Twitterforiphone,"1,380 Retweets",11.7K Likes
2019-11-24_22-56-41_UTC.jpg,醫生我每天早上起來腰很痛,@CoNso少男時代經典愛情語錄,那麼就睡到下午才起來,謝謝醫生
2019-11-25_22-54-57_UTC.jpg
2019-11-26_22-35-31_UTC.jpg,男:如果你沒有腳的話你會穿鞋嗎,女:不會啊,男:那妳幹嘛穿胸罩,女,那你幹嘛穿內褲
2019-11-27_22-58-10_UTC.jpg,G,榨媽,陰囊
2019-10-28_22-27-49_UTC.jpg,種族歧視從小做起,T,NR
2019-10-29_22-37-36_UTC.jpg,小時候老師常說:初,中嚴~高中緊~大學,鬆~社會黑,0,我他媽,的一直以為她說的是,指生活
2019-10-30_22-41-25_UTC.jpg,當妳終於答應男友要求的3P,然後妳男友整場都只幹她時,CMrShokeCame
2019-10-31_22-37-13_UTC.jpg,阿嬤你怎麼都沒感覺,乖孫啊,阿嬤只是太鬆啦
2019-11-02_01-36-18_UTC.jpg,看A片,聽到淫叫聲,射出,房門已開,而且,媽媽在你後面
2019-11-03_22-15-28_UTC.jpg,叫日
2019-11-04_22-37-31_UTC.jpg,吃避孕藥,使用保險套,拔出來,23個孩子的父親只在晚上做愛,因為他覺得精子晚上都在睡覺
2019-11-05_22-40-35_UTC.jpg,今天你前男友笑我,撿他用過的舊女人,沒事6他只解鎖2公分,你卻用到了九成新
2019-11-06_22-17-56_UTC.jpg,有沒有廿友?,我:,10/29 資#_面,它在有跟沒有之間
2019-11-07_22-39-28_UTC.jpg,女:我的唇好像有些乾裂,男:哇'你這樣走路不痛嗎 ?,女:啥?,男:啥?,譯:好色龍
2019-11-09_01-21-24_UTC.jpg,P XH R,FMliATlol STuplos,工
2019-11-10_01-07-34_UTC.jpg,走路不小心腳趾頭踢到桌子時:
2019-11-10_22-26-05_UTC.jpg,當你想要健身,但你是個客家人時
2019-11-11_22-44-25_UTC.jpg,原住民去麥當勞買荖條,他認為他可以加量35%,可是店員是客家人堅持少,給,西個就戰起來了
2019-10-13_22-34-48_UTC.jpg,S,小丑,小丑,庶民,庶民,失敗的喜劇演員,失敗的喜劇演員,喜敝幻想,莒歉幻想,熵動民眾,煽動民眾,政治0分,玫治0分,毀滅高0市,毀滅高0市,從來沒跟小丑一起出現過
2019-10-14_22-39-46_UTC.jpg,女:那個吸塵器壞了不會吸了,男:這吸塵器一定是結婚了
2019-10-15_22-41-18_UTC.jpg,你還好吧,怎麼了?,伊斯蘭教的人,用人口爆炸,來抑制人口爆炸
2019-10-16_22-37-42_UTC.jpg,我喜戳上了一個比,"我小六歲的女孩,",現在還在上學,我上了一個比我小六歲,的女孩.現在還在上學,我喜戳上了一個六歲的,"女孩,現在還在上學",我上了一個六歲的,女孩 現在還在上學,我上了一個六歲的,女孩 現在還在上
2019-10-17_22-37-02_UTC.jpg,我男友是身價百萬的小開歟,我每晚都花好幾億在我女友身上耶
2019-10-19_00-56-38_UTC.jpg,niggachu
2019-10-20_00-58-37_UTC.jpg,級籃球傷害,級籃球傷害,手指吃蘿,頭吃拐子,三級籃球傷害,重籃球傷害,囊部彼爆破,看到路人有女友幫擦汗遞水
2019-10-20_22-12-40_UTC.jpg,選擇題,36分(每題6分),"0媽""",媽7生.了2弟*弟-,ind 242 others?,以上皆是在哪 ? ? ?,3h,Like,Reply,不是以上皆是嗎,2h,Like,Reply,1.哥哥參加考試,考不好被老師,留下輔導 HE/Z0-1049,2.姐姐生病住院,遇到帥男護土,身體檢查 RDT-261,3.媽媽生了弟弟,奶水多到噴不,完 1|PJ-143,"4.爸爸到外地出差,誰知伴行女",秘書只訂了一間房 $C0P-369,2h,u,Reply
2019-10-21_22-14-00_UTC.jpg
2019-10-22_22-10-28_UTC.jpg,有一個八歲的小男童無意間撞見,了神父正在自慰 .,小男孩好奇的問:,"[神父,你",在做什麼啊?],[這叫做打手槍'],神父回答:T很快你也會做同,樣的事喔'],小男孩:,T為什麼?],神父:,T因為我手痿了.
2019-10-23_22-24-31_UTC.jpg,老師 :誰知道日本人,最喜歡吃什麼?,小明:不知道!他們,都打馬賽克
2019-10-24_22-35-49_UTC.jpg
2019-10-25_22-29-00_UTC.jpg,老師:有沒有應到的未到,我:,沒聞到
2019-10-27_00-10-26_UTC.jpg,這個,和,差別是在哪裡呀?,個是打從喜歡上對方的心,另外一個是以朋友角度喜歡的心,哦我知道了謝謝,不客氣
2020-04-26_22-38-03_UTC.jpg,Imagine youre hearing fhis song bul can+i,open youreyes.,8820,目 7I,想像一下你此時正聽著這,個音樂,但你什麼都看不,到
2020-05-12_23-05-23_UTC.jpg,聞到魚的味道而跑來,譯: Jenn,才發現並沒有魚
2020-05-31_22-38-09_UTC.jpg,怎,大濕,瀦原髒,廠廠
2020-06-13_05-46-41_UTC_1.jpg,大家最近都好無聊,可以幹什麼,去看電影,小說,射鵰英雄伸好看,那過時7啦,經典永遠是經典,Gl19射鵰英雄傅經典重現
2020-06-20_02-07-57_UTC_7.jpg,叫
2020-07-03_03-11-29_UTC.jpg,兒子:爸爸.為什麼妹妹的名字叫T巴黎_,?,爸爸:因為他是爸爸媽媽去巴黎度假的時候懷上的啊,兒子:我懂7,謝謝爸爸,爸爸:不客氣.育達學校財團法人台北市私立普林思頓高級中等,學校
2020-07-17_01-50-03_UTC.jpg,沒有人:,捷運上的某些情侶:,Qangsiie
2020-07-30_01-30-26_UTC.jpg,沒有):,史蒂芬.,霍. 金,譯@6minpassion
2020-08-12_02-22-00_UTC.jpg,哈囉我的好鄰居,晦晦,你們做愛可以小聲一點嗎?我在睡覺耶,Delivered,蛤?我還在公司,哈囉 你人哩?,我,我,Mr.的雜七雜八,TRANSLATLON
2020-08-27_01-29-06_UTC.jpg,龍東強,re friends on Facobook,Livesin,"Kuching, Halcgsic",龍東強,龍東東強東強東強,0,Hc,You
2020-09-12_04-27-51_UTC.jpg,foulT,瀘州警校雕塑,3,01:30 17:27,全校通知: 不准在雕塑上晒被子,練 場
2020-09-27_06-59-18_UTC.jpg,沒有了聲音,我堊怎麼讓他璦上我?,用你的身體啊!,TFB全
2020-10-09_01-44-12_UTC.jpg,她:你一個月收入多少啊?,我:六概六位數吧,她:,_,唉啃,很像有什麼東西不小心掉了
2019-09-26_22-45-58_UTC_2.jpg,猜猜我是誰,霍杯麵金
2019-09-28_01-02-46_UTC.jpg,昨天晚上我尿床~被爸爸罵,可是我明明看見媽媽也尿床了,結果爸爸還誇她厲害
2019-09-29_01-25-37_UTC.jpg,客家八討厭吃藥因為沒得省,藥沒得省,藥,沒得省,藥,medicine,迷因,大濕,Qcant stop_ the_ meme001
2019-09-30_02-49-47_UTC.jpg,有個病人在醫院被蚊子叮7,就叫來護,土,護土,有哪裡下舒服嗎?,病/,抱歉半夜還要妳來,護土,"沒關係,我能幫忙什麼請說",病/,我有點癢,想要插小護土,那個病八就出現在法院7
2019-09-30_22-25-37_UTC.jpg,流星阿,我希望,能交到,女友
2019-10-01_22-15-26_UTC.jpg,Nsi}5 rumin,dhc pictures thattern wilhte nsound.,=請將名稱開頭是[的東西著上顏色,譯8好色龍,Color
2019-10-02_22-37-57_UTC.jpg,女:來我家好嗎,我,沒辦法 我人在非洲,莪,我家裡現在沒其他人
2019-10-03_22-34-38_UTC.jpg,她燒了這一間公司沒有人罵她,38,為燒的是抖音總部
2019-10-04_22-39-09_UTC.jpg,猜一日常用品,aian,!)?1,iii,Cuang,根 小棍不太 長,1,tot 9:dng,頤 宥毛,頭,光,3,iicig,wei sheng,生 來 就 愛 講 衛 生,fitili,Atii,li,1]11,tdlio,吳 吳 嘴 裡 篷 幾`趟
2019-10-05_22-34-41_UTC.jpg,前幾天颱風來時'我看,見了-隻麻雀在風雨中,"飛行,於是我問牠 我:","麻雀啊麻雀,為什麼不",回巢中避雨呢?,麻雀:,鳴鳴...我巢吹了
2019-10-07_22-29-08_UTC.jpg,當她說要找你去她家瘋狂做菜結果你進門,才發現她家根本沒廚房時
2019-10-10_03-13-33_UTC.jpg
2019-10-11_00-16-44_UTC.jpg,他 :,[你幾斬7?_,我:,T斬|-麼?_,他 :,[就是睡過幾個八啊...,我:,[喔喔喔喔!還以為你看過,我的地下室7..._,他:TI+麼?_,我:TI-麼?_
2019-10-12_01-01-00_UTC.jpg,少婦想買四星彩,去請教大師,大師,幾個小孩,少婦 :兩個,大師,出國幾次,少婦:四次,大師,一個月跟老公做幾次,少婦不好意思的說 :三次,大師,外遇幾次,少婦,我良家婦女欺,當然沒有,大師,這期號碼是2430,少婦買72430,晚上開獎的結果是2439,少婦大罵 : 他媽的!,早知道就說實話 幹!
2019-09-12_23-56-24_UTC.jpg,"如何和古人來場""美食""饗宴?",比干,子路,司馬遷,商鞅
2019-09-14_00-42-19_UTC.jpg,原住民,真-1.35,ATK,135/DEF,135,可將自己部落的物資每|X1.35,若遇工巨士八則會爆發群架模,則可映速破除此效果,45812361
2019-09-15_02-13-02_UTC.jpg,客家|,省,E[2-]P056,客家精神],HTHDEF,會省下力氣,讓自己隊內最強的隊友,扛住所有傷豊,當對立召喚水柱攻擊,時會使用客家紙傘擋卞攻擊,使用完,後會將紙傘拆掉`挪為他用,絕不浪b,82301904
2019-09-15_22-38-54_UTC.jpg,上帝造人,黑人烤太焦,白人烤太快,黃種人剛剛好,黃種人至上
2019-09-16_22-41-29_UTC.jpg,老師:,學生: Jason,節省
2019-09-17_22-40-59_UTC.jpg,HEW,70
2019-09-18_22-42-01_UTC.jpg,工 am,Hakka,man,為對方省下彈指的力氣,而僥幸存活的薩諾斯:
2019-09-19_22-43-33_UTC.jpg,你奪走了我的切,Youtook everything from me,我根本不知道你是哪根蔥,don't even know who you are.
2019-09-21_01-57-19_UTC.jpg,蹇,你的塞子]韓國瑜導,最新作品,氣氣之子,koreanfish,W itih,0U,8,9.12,1111,11,全 占上 映
2019-09-21_23-01-04_UTC.jpg,兩隻老虎 兩隻老虎,跑得快 跑得快~,哈哈哈,"嗔奇怪,","真奇怪,",打他打他,好奇怪喔
2019-09-22_23-05-35_UTC.jpg,乖乖聽市長的話你才可以發大財,你可以
2019-09-23_23-56-57_UTC.jpg,Ifldie,Dontyoucy,Justlook atthesky,And say,Love Hentai
2019-09-25_03-22-13_UTC.jpg,看到很開心的人在發傷心語錄,已經心碎滿地的我,Amlajoketoyou?
2019-09-25_21-07-02_UTC.jpg
2019-08-29_00-34-04_UTC.jpg,當你只有一顆電池,而你需要兩顆時,去超商買,遣樣才夠客家
2019-08-29_22-44-31_UTC.jpg,你都拿手機,來看什麼,porxxxb,ABC執學估,ABC執學片
2019-08-31_01-29-06_UTC.jpg,我不想直流我只想跟你交流,特斯拉,我不想直流我只想跟你 蕉流
2019-09-01_01-36-40_UTC.jpg,孔子先生,只要答對最後一題,您就可以得到100萬美金,請問,"下列何者是您的學生""子路""?"
2019-09-02_23-00-17_UTC.jpg,阿嬤,阿嬤.rar,譯8好色龍
2019-09-03_23-00-49_UTC.jpg,今晚舒服了
2019-09-04_22-37-54_UTC.jpg,如何和他人打招呼,you!,Yeah you~,Hey
2019-09-05_22-39-29_UTC.jpg,假如你讓一條魚爬樹,他會永遠相信自乙是個笨蛋,爰因斯坦
2019-09-07_00-20-18_UTC.jpg,看來我最近有點缺鈣,該多吃點香蕉補鈣了
2019-09-08_00-08-23_UTC.jpg,還好吧.,?,你說是不是啊~,3,淦'從頭到尾就,你在自晦,靠`_他都在五弄,很渣^,我的感情,我超喜歡他的,看他的眼袖一定,也喜歡我吧,"襯甩了,",鳴鳴
2019-09-08_22-39-35_UTC.jpg,廿:我覺得我們,該生個小孩,男:那你就不堊每],都給我吞下去
2019-09-09_22-44-00_UTC.jpg,親愛的,今晚來我宿舍玩好不好?,已諷,想妳了!,05:55,可是我那個來7!,05:57,已說,"沒事,我就是想見見妳",05.51,好吧,05:57,妳晚上想要吃什麼?我買好了等,已詢,妳 !,05:58,"我最近火氣六,口腔潰瘍,不",能吃辣的!,0559,呃.,我突然想到,"明天一大早還有事,",已u,06;02,改天我再去妳那找妳吧!,06:02
2019-09-10_22-39-48_UTC.jpg,Ti FTNALLY FouND,世界上最優質,1T,RFTER I5 YEARS,的迷因,我雯尼德,汶回復,二明治,"被忽略!,迷因"
2019-08-18_22-45-42_UTC_4.jpg,來抓呀
2019-08-19_22-58-54_UTC_1.jpg
2019-08-19_22-58-54_UTC_2.jpg
2019-08-19_22-58-54_UTC_3.jpg,迷因,大濕
2019-08-19_22-58-54_UTC_4.jpg,迷氐,大濕
2019-08-19_22-58-54_UTC_5.jpg,@i5.meme,昱因,大;
2019-08-20_22-43-34_UTC.jpg,這是雷姆,這是拉姆,是汾姆
2019-08-21_22-39-51_UTC.jpg,當我在想,女友和媽媽掉進,水裡該妝誰時,:不用考慮;
2019-08-22_22-46-57_UTC.jpg,我,這張雙人床多少?,店員:蝦~什麼雙人床?,這張床對你來說,是張單人床吧~
2019-08-24_03-27-35_UTC.jpg,這個屁孩的行為完全體,現了垃圾不落地的精神
2019-08-25_02-45-07_UTC.jpg,貓咪總是用腳著地,塗了奶油的麵包,總是有塗奶油那面落地,把塗了奶油的麵包,"齧咪-麵包將不停旋轉,",綁在貓咪背上,不會碰到地面,將貓咪-麵包接上發電機,無限電力!
2019-08-26_02-52-24_UTC.jpg,當你想一件事越想越氣的時候:
2019-08-27_00-42-25_UTC.jpg,叫自介只會放那種,鳴鳴鳴我好想死喔,的那些入,我,父
2019-08-12_22-44-09_UTC_3.jpg,沉,瑜,落,雁
2019-08-12_22-44-09_UTC_4.jpg,池魚,之殃
2019-08-12_22-44-09_UTC_5.jpg,瑜水之憨,暠
2019-08-12_22-44-09_UTC_6.jpg
2019-08-12_22-44-09_UTC_7.jpg,00,珍珠,美人瑜,5
2019-08-12_22-44-09_UTC_8.jpg,瑜,門,中痛
2019-08-13_22-45-40_UTC.jpg,目,今天,麼卞家那麼討厭他?,他好像真的沒做什麼事欽
2019-08-14_22-45-59_UTC.jpg,完美的平衡,所有事就都該如,花10分鐘讀雹,花5小時玩電腦
2019-08-15_14-28-33_UTC.jpg,-我支持單身萬歲,情侶們可以不要再放閃了_,hhat,shame,for,singles
2019-08-17_01-36-53_UTC.jpg,中元節燒金紙,#小舒哥插畫,拜託這次一定要全部丟進去,幹你老師
2019-08-18_02-26-52_UTC.jpg,如何快速增加粉絲數,和其他版主互宣,Po好笑的巳,直黑韓
2019-08-18_22-45-42_UTC_1.jpg,這裡就有寶可夢啊
2019-08-18_22-45-42_UTC_2.jpg,就在這裡
2019-07-31_22-42-40_UTC.jpg,TThor Sonof Odin.,咀,IG|oviglanto.d&,TThanos Son ofa bitch.
2019-08-01_22-46-50_UTC.jpg,你們都性幻想誰?,三_,凍未條姐,時辦公室,傳來歐齣歐吼聲
2019-08-03_01-18-51_UTC.jpg,你這韓黑!,韓國瑜腦子裝屎!,清醒點!,我認為他說的對
2019-08-03_23-01-19_UTC.jpg,我有隻小禿驢,從來也不氣氣氣氣氣
2019-08-04_22-38-30_UTC.jpg
2019-08-05_22-45-14_UTC.jpg,看到身遐的人在微閃
2019-08-06_23-06-31_UTC.jpg,世界上最快樂的事,莫過於安靜地讀完一本好書
2019-08-08_10-58-54_UTC.jpg,他們4級地震,花東6級地震,迷因,大濕,有加分有差
2019-08-08_11-00-59_UTC.jpg,同樣是8月8號,他們渴望,他們提早成假,七天筱再向家,迷因,大濕
2019-08-09_05-56-13_UTC.jpg,漁夫抓到一隻美人魚,可是漁夫卻把她放海7,各位你們覺得是為什麼呢?,A:美八魚大醜7,C:胸部太小7,D :漁夫太善良7
2019-08-10_04-52-46_UTC.jpg,機率,87%,大濕,69%,而噴笑,硬幣丟,到正面,50%,_*(佛曰:不可說),被雷打中,0.000000001%,脫單,0%
2019-08-11_05-21-34_UTC.jpg,陰魂
2019-08-11_22-18-01_UTC.jpg,超級(毛)比一比,比上不足!,比下有餘?
2019-08-12_22-44-09_UTC_1.jpg,生瑜憂患
2019-07-15_05-02-19_UTC.jpg,韓國瑜阿伯贏了好棒,芾宜他還那蔭謙虛,汲有,?,不花10
2019-07-15_08-28-20_UTC.jpg,洗腦外掛
2019-07-16_00-24-07_UTC.jpg,當政治人物說,他當選要推廣恥文化,男性桶包,凍算,迷因,大濕
2019-07-17_09-28-41_UTC.jpg,日子的官員,滾出市長的團隊,雄霸天下在服宇宙
2019-07-19_01-10-14_UTC.jpg,我,我是肛鐵涵齡,含捆愚,為我們人民選民)服務,那麼籽,可是後面那個,吼 氣氣氣氣氣
2019-07-20_02-01-56_UTC.jpg,LEF1,你要當?,韓粉,涵粉,韓粉
2019-07-21_22-41-56_UTC.jpg,如何解決中國缺電問題,地區性限電,沿海和河流,燒法[宮發電,發展綠能,這想法比用愛,MP,發電好太多了,員兀
2019-07-22_22-33-47_UTC.jpg,你想要什麼,聖誕禮物呢,小湯米?,我想要一個弟弟!
2019-07-23_22-41-54_UTC.jpg,(性教育課,老師:下-個敏感問題,"學生:老師,要什麼體位才會造出最醜勿",小孩.,老師:口去問你媽;下-位.
2019-07-25_22-37-53_UTC.jpg,CHlNA,What,do you need?,香煙's lots,Of 香煙5,中華就空,AlRLINES
2019-07-27_03-34-07_UTC.jpg,您辛苦了,9,給您捏肩
2019-07-28_07-20-03_UTC.jpg,騎,福
2019-07-29_10-01-25_UTC.jpg,就算大瑜讓這座城市顛倒,我會給你懷抱
2019-07-29_22-45-33_UTC.jpg,請剩蛋老阿祖,告訴我要選哪個,棋子還是塞子,塞子還是棋子
2019-06-28_00-26-57_UTC_3.jpg,sinxIn,=Six,6,冷靜 冷靜
2019-06-29_02-02-51_UTC.jpg,心理測驗,你最先看到的是?,(A)剛震動完的車子,(滿滿的友誼,(C)阿翔,謝忻,(分寸,迷因,大濕
2019-06-29_06-57-31_UTC_profile_pic.jpg,迷氐,大濕
2019-07-01_01-41-42_UTC.jpg,學生%老濕,D,我不舒服,學生%真的,者濕%不舒服時臉色會發自,學生;
2019-07-02_01-18-01_UTC.jpg,身邊一大堆人在放閃,而我還是單身
2019-07-03_02-37-55_UTC.jpg,111,二,裡面有 P含粉_,此類垃圾十分危險
2019-07-04_01-00-01_UTC.jpg,每天辛苦做述因確因為,邾|0,IC制裁而讚數超少,我,新竹凍未條姊,中天新聞|喔 氣氣氣氣氣
2019-07-05_01-34-32_UTC.jpg,正,{,6.,4,3,7,常,五^巾 ',又,意,平,課,鄉,弓胡,多意,_,處,<,些,天言,0,訂丑y|09
2019-07-08_01-58-00_UTC.jpg,"學生盡情享受暑假,玩耍",學校'補習班:,"We don't do that here"""
2019-07-09_01-21-52_UTC_1.jpg,隔了三年選舉前又聽到轉型玉羲的我,te,ofat,fuc[2?
2019-07-09_01-21-52_UTC_2.jpg,蔡英文 TsaiIng-wen,昨天下午6:02,台灣的轉型正義雖然曾經遲到,但絕對不會再缺,席.
2019-07-09_14-46-45_UTC.jpg,選擇國家/地區,"力了更好的體驗,請選擇你所在的國家/地區,將力你",切換至該國家/地區的語言,開山里,中華人民共和國特別淪陷區,确認
2019-07-13_03-55-14_UTC.jpg,我甕感謝我的廿友這,些牟來做到了,豈不_,不貪求,不吵鬧,.存在
2019-05-29_09-14-01_UTC.jpg,打我啊,笨蛋
2019-05-30_09-22-04_UTC.jpg,受媽租感召吃草,總裁級的待遇,品質絕佳,毫無農藥,訂購專腺:0969696969
2019-06-01_03-18-08_UTC.jpg,我絕對沒有在喬蛋
2019-06-02_21-39-35_UTC.jpg,什麼類型的迷因較吸引/,最新電影梗,黑暗地獄梗,藍綠惡
2019-06-03_22-16-08_UTC.jpg,訂,正,5,4,3,第,7,流,1,立,士,島,&,60,y`,真岩,翥,_擺,的鬯
2019-06-07_04-29-49_UTC.jpg,我長大後要邕靨生,NW,A???,??,呵呵.
2019-06-08_03-03-33_UTC.jpg,這些孩子每天得花,10個小時上學,來幫他們加速-下
2019-06-09_04-59-26_UTC.jpg,歌曲:小憤歌,下午的大匝盪7,鈔票在風中飄著,你知道,選總統 堅定的韓粉報到,被爆料亦遇生女難堪的小道,就算整個宇宙成征服目標,勾想發財外交,橄丕到 恢復年金芭樂票,吞下了,逼退和罷免交錯的毒藥
2019-06-14_09-45-54_UTC.jpg,聽到小英把明調做成牠卞勝韓國魚,韓粉:,)0
2019-06-18_22-36-20_UTC.jpg,100多坪,採訪中:為什麼你們家買那麼卞?,郭:因為我買了房子時
2019-06-20_22-57-41_UTC_1.jpg,要怎麼不讓感性壓過理性,韓,我不知道不曉得
2019-06-20_22-57-41_UTC_2.jpg,要怎麼拿捏好分寸,阿翔,我不知道不曉得
2019-06-23_23-02-21_UTC.jpg,0:l5,)0192,考試,我,考試,考試%,考試,考試,考試,要段考了,2,1405
2019-06-28_00-26-57_UTC_1.jpg,歐姆定律,T皿,同乘H,色即是空,冷靜 冷靜
2019-04-30_10-30-48_UTC_3.jpg,薩諾斯的操控他摧毀世吊,於是薩諾斯被黑化了,趕強脫薩諾斯的手套,解杲就被黑化的薩諾斯打i,完,p3
2019-05-02_10-28-33_UTC.jpg,把國旗戴在頭上就不,台紹些,不用怕看到國旗
2019-05-04_03-41-39_UTC.jpg,我預測714000605種未來,而你交到男/廿友的機會是0種
2019-05-11_09-30-29_UTC.jpg
2019-05-16_22-44-39_UTC.jpg,二個小椒谷自表訴
2019-05-18_02-40-16_UTC.jpg,CEllti,fi;N03
2019-05-19_22-15-49_UTC.jpg,中天新聞,Ct,三立新聞,=中立新閘
2019-05-20_14-43-14_UTC.jpg,我對5月20號的感想,那是人家的事
2019-05-23_09-45-57_UTC.jpg,黑人潑上白漆就變成白人了,Pei,_-
2019-05-24_12-26-35_UTC.jpg,想像,現實
2019-05-26_08-49-31_UTC_1.jpg,New,感覺,ID00,買杯,心'痛的
2019-05-26_08-49-31_UTC_2.jpg
2019-05-26_08-49-31_UTC_3.jpg,原,苣就是心滴,的 威 覺
2019-04-23_11-12-20_UTC_3.jpg,現實
2019-04-23_11-12-20_UTC_4.jpg
2019-04-23_11-12-20_UTC_5.jpg
2019-04-23_11-12-20_UTC_6.jpg
2019-04-23_11-12-20_UTC_7.jpg
2019-04-23_12-42-47_UTC.jpg,韓國瑜五大聲明,1.愿謝高雄市民,.無法爹加現行制庹的黨內初選,4.國民黛霑體察民意,澎湖,16-30,0%,將來死在台灣,追失聯父 女萱與母都無異狀鄰聞噩耗難置信,14:04:+3,韓國瑜五太聲明,1.感謝高雄市民,3.無法芩卹現行制度的黨內初選,4.國民黨需體察民意,5.天佑台]人民,彭湖,!6+30,0%,我也會埋在台灣,11480+8_,你就直接躺著吧
2019-04-24_10-20-21_UTC.jpg,我沒看,復聯4,假裝自己有看,跟大家一起討論
2019-04-25_14-03-35_UTC.jpg,先師8
2019-04-27_09-22-47_UTC.jpg,復聯四梗,我可愛到,被那麼多/,輪流強脫,我是說手套
2019-04-28_22-17-51_UTC.jpg,你可凶教我,怎麼彈指嗎,好'我示範,給你看
2019-04-29_11-58-54_UTC.jpg,蟻人:可以,鑽你屁眼嗎,Of,COur8e,工,Can,do,this,all day
2019-04-29_22-22-23_UTC.jpg,价知道嗎復聯4,巳il/
2019-04-30_10-30-48_UTC_1.jpg,復聯匹真相,驚奇隊長跟雷神都暗戀薩諾斬,從他們來到薩諾斬的家,驚奇隊長就在確定役.後,尸皇因為眾英帷在而,不敢表白,p1
2019-04-14_05-54-03_UTC_2.jpg
2019-04-14_15-51-29_UTC.jpg,發現ig當掉的我,發現開咸功開啟後沒半個訊息的我
2019-04-15_10-58-03_UTC.jpg
2019-04-15_22-13-34_UTC.jpg,蘋果西打29元/OGL柴油27元/,pen,喝柴油較符合經濟價值
2019-04-16_22-31-53_UTC.jpg
2019-04-17_09-32-13_UTC.jpg,中天瑜柴,韓國瑜 Korea fish,韓市長,一起去韓市長那遑,韓總統,韓特苣,韓總書記
2019-04-17_22-34-12_UTC.jpg,蘿莉銘,身不在高.百三則行,胸不在大,有形則靈,斯是蘿栽,唯吾得侵,短髮耶俏麗,長髮也飄逸,圓潤即細滑0纖細也嫣婷,可以給糖果,玩親親,無八掛之亂耳,無血拼之勞形,學校游泳池,公園小涼亭,吾自云8,F有萌最行_
2019-04-18_13-07-08_UTC.jpg,你.粟自立自強啊,我們都受媽祖感召,競選總統
2019-04-19_09-08-40_UTC.jpg,本索而向世界宣佈我是DC齣
2019-04-20_02-26-27_UTC.jpg,聽不懂別人,的梗時問他,跟著大家一,起笑就好了
2019-04-21_02-13-51_UTC.jpg,0f,[5,W,FCN3,山,LCL,Rebuild,由部,NTERNAL,SS13
2019-04-21_22-29-00_UTC_1.jpg,打開你的,肛門,0800:0000-50,13,悠遊卡
2019-04-21_22-29-00_UTC_2.jpg,打開你的,從軍之門,0800:0000-50,悠遊卡,E
2019-04-23_11-12-20_UTC_1.jpg
